image_id,product_id,image_path,master_category,sub_category,article_type,base_colour,product_display_name
31893,31893,data/raw/fashion-product-images-small/images/31893.jpg,Accessories,Stoles,Stoles,Beige,Fabindia Women Beige Noil Silk & Wool Stole
6954,6954,data/raw/fashion-product-images-small/images/6954.jpg,Apparel,Topwear,Tops,Pink,s.Oliver Women Striped Pink Top
43472,43472,data/raw/fashion-product-images-small/images/43472.jpg,Apparel,Loungewear and Nightwear,Night suits,Pink,SDL by Sweet Dreams Women Pink Night suits
49606,49606,data/raw/fashion-product-images-small/images/49606.jpg,Footwear,Shoes,Heels,Silver,Catwalk Women Metal Grey Heels
29169,29169,data/raw/fashion-product-images-small/images/29169.jpg,Apparel,Topwear,Tops,Blue,United Colors of Benetton Women Blue Top
24946,24946,data/raw/fashion-product-images-small/images/24946.jpg,Apparel,Topwear,Tops,White,United Colors of Benetton Kids Girls White Printed Top
19000,19000,data/raw/fashion-product-images-small/images/19000.jpg,Apparel,Topwear,Tshirts,White,ADIDAS Originals Women Trefoil White Tshirt
9712,9712,data/raw/fashion-product-images-small/images/9712.jpg,Apparel,Topwear,Shirts,White,Scullers Men Scul White Shirts
33503,33503,data/raw/fashion-product-images-small/images/33503.jpg,Apparel,Dress,Dresses,White,Doodle Kids Girl Printed White Dress
12735,12735,data/raw/fashion-product-images-small/images/12735.jpg,Accessories,Headwear,Caps,Black,Nike Unisex U Black Caps
58642,58642,data/raw/fashion-product-images-small/images/58642.jpg,Accessories,Socks,Socks,Black,Fila Men Black Thin Ankle Socks
23753,23753,data/raw/fashion-product-images-small/images/23753.jpg,Accessories,Eyewear,Sunglasses,Black,Oakley Men Frogskins Black Sunglasses
53897,53897,data/raw/fashion-product-images-small/images/53897.jpg,Accessories,Bags,Handbags,Brown,Kiara Women Camel Brown Handbag
24661,24661,data/raw/fashion-product-images-small/images/24661.jpg,Accessories,Socks,Socks,Black,ADIDAS Originals Men White Casual Socks
48551,48551,data/raw/fashion-product-images-small/images/48551.jpg,Accessories,Belts,Belts,Brown,Wrangler Men Brown Belt
30350,30350,data/raw/fashion-product-images-small/images/30350.jpg,Apparel,Topwear,Tshirts,Pink,Myntra Men Burpe Pink T-shirt
53593,53593,data/raw/fashion-product-images-small/images/53593.jpg,Accessories,Watches,Watches,Black,Q&Q Men Digital Watch
57207,57207,data/raw/fashion-product-images-small/images/57207.jpg,Apparel,Bottomwear,Capris,Blue,Kraus Jeans Women Blue Capris
44551,44551,data/raw/fashion-product-images-small/images/44551.jpg,Footwear,Sandal,Sandals,Black,Coolers Men Black Sandals
26128,26128,data/raw/fashion-product-images-small/images/26128.jpg,Apparel,Topwear,Shirts,White,John Miller Men Striped White Shirt
4332,4332,data/raw/fashion-product-images-small/images/4332.jpg,Footwear,Shoes,Sports Shoes,Blue,Puma Men's Graffiti Blue Black Orange Shoe
14004,14004,data/raw/fashion-product-images-small/images/14004.jpg,Apparel,Topwear,Tshirts,Blue,Nike Men India Football Jersey
44912,44912,data/raw/fashion-product-images-small/images/44912.jpg,Apparel,Bottomwear,Track Pants,Black,Puma Men Black Track Pants
17809,17809,data/raw/fashion-product-images-small/images/17809.jpg,Apparel,Topwear,Tshirts,Multi,Chhota Bheem Kids Boy Chhota Bheem and Krishna Multi Tshirt
11278,11278,data/raw/fashion-product-images-small/images/11278.jpg,Apparel,Topwear,Tshirts,Green,Wrangler Men Celebrate Indigo Green Tshirts
7409,7409,data/raw/fashion-product-images-small/images/7409.jpg,Apparel,Topwear,Kurtas,Pink,W Women Round Neck Short Sleeve Pink Kurta
15961,15961,data/raw/fashion-product-images-small/images/15961.jpg,Accessories,Ties,Ties,Burgundy,Turtle Men Check Burgundy Ties
5419,5419,data/raw/fashion-product-images-small/images/5419.jpg,Apparel,Topwear,Tshirts,Black,Ant Kids Boy's Musical Buzz Black Red Kidswear
2895,2895,data/raw/fashion-product-images-small/images/2895.jpg,Footwear,Shoes,Heels,Blue,Catwalk Women Heeled Black Silver Strap Heels
32590,32590,data/raw/fashion-product-images-small/images/32590.jpg,Apparel,Bottomwear,Shorts,Brown,ONLY Women Brown Shorts
57266,57266,data/raw/fashion-product-images-small/images/57266.jpg,Accessories,Bags,Handbags,Maroon,Murcia Women Maroon Handbag
23471,23471,data/raw/fashion-product-images-small/images/23471.jpg,Accessories,Scarves,Scarves,Red,Lino Perros Men Red Scarf
45386,45386,data/raw/fashion-product-images-small/images/45386.jpg,Footwear,Shoes,Flats,Beige,Rocia Women Beige Flats
53816,53816,data/raw/fashion-product-images-small/images/53816.jpg,Apparel,Topwear,Tunics,White,Ayaany Women Printed Red Tunic
32578,32578,data/raw/fashion-product-images-small/images/32578.jpg,Apparel,Topwear,Tops,Black,ONLY Women Black Chiffon Top
3693,3693,data/raw/fashion-product-images-small/images/3693.jpg,Footwear,Shoes,Sports Shoes,White,Lotto Men's Jumper White Black Shoe
15768,15768,data/raw/fashion-product-images-small/images/15768.jpg,Apparel,Innerwear,Briefs,Navy Blue,Facit Men Trophy BKN Navy Blue Briefs
44937,44937,data/raw/fashion-product-images-small/images/44937.jpg,Footwear,Shoes,Casual Shoes,Brown,Ganuchi Men Brown Shoes
27932,27932,data/raw/fashion-product-images-small/images/27932.jpg,Apparel,Topwear,Shirts,Blue,Jealous 21 Women Blue Shirt
36804,36804,data/raw/fashion-product-images-small/images/36804.jpg,Accessories,Watches,Watches,White,Maxima Men White Dial Ssteele Watch
15759,15759,data/raw/fashion-product-images-small/images/15759.jpg,Apparel,Innerwear,Innerwear Vests,Red,Facit Men Bicep Tee Red Innerwear Vest
4070,4070,data/raw/fashion-product-images-small/images/4070.jpg,Footwear,Shoes,Casual Shoes,Grey,Numero Uno Women Canvas Grey Pink Shoe
57393,57393,data/raw/fashion-product-images-small/images/57393.jpg,Apparel,Innerwear,Briefs,Multi,Amante Women Pack of 6 Briefs PFCN06
38417,38417,data/raw/fashion-product-images-small/images/38417.jpg,Accessories,Belts,Belts,Orange,Baggit Women Orange Choti Eva Belt
16227,16227,data/raw/fashion-product-images-small/images/16227.jpg,Apparel,Topwear,Tshirts,Purple,Puma Men Polo Purple TShirt
39269,39269,data/raw/fashion-product-images-small/images/39269.jpg,Footwear,Shoes,Casual Shoes,Beige,Red Chief Men Beige Shoes
40271,40271,data/raw/fashion-product-images-small/images/40271.jpg,Apparel,Topwear,Tshirts,White,Scullers Men White Striped T-shirt
34060,34060,data/raw/fashion-product-images-small/images/34060.jpg,Apparel,Bottomwear,Shorts,Grey,Gini and Jony Boys Grey Shorts
50957,50957,data/raw/fashion-product-images-small/images/50957.jpg,Apparel,Bottomwear,Jeans,Blue,Lee Womens Blue Jeans
19111,19111,data/raw/fashion-product-images-small/images/19111.jpg,Apparel,Topwear,Tshirts,Red,Campbell Men Pack of 3 Solid Tshirts
34305,34305,data/raw/fashion-product-images-small/images/34305.jpg,Accessories,Stoles,Stoles,Cream,Fabindia Women Buta Cream Silk Stole
20031,20031,data/raw/fashion-product-images-small/images/20031.jpg,Apparel,Topwear,Shirts,Black,United Colors of Benetton Men Striped Black Shirt
4467,4467,data/raw/fashion-product-images-small/images/4467.jpg,Footwear,Shoes,Sports Shoes,White,Puma Men's Jago White Black Silver Shoe
54668,54668,data/raw/fashion-product-images-small/images/54668.jpg,Accessories,Watches,Watches,Black,Fastrack Men Black Dial Watch
51942,51942,data/raw/fashion-product-images-small/images/51942.jpg,Accessories,Bags,Handbags,Lavender,Nyk Women Lavender Scrim Handbag
11616,11616,data/raw/fashion-product-images-small/images/11616.jpg,Apparel,Topwear,Kurtas,Green,W Women Solid Green Kurtas
9333,9333,data/raw/fashion-product-images-small/images/9333.jpg,Apparel,Topwear,Tops,White,Puma Women Edition White Tops
1827,1827,data/raw/fashion-product-images-small/images/1827.jpg,Footwear,Shoes,Sports Shoes,White,Nike Men's Downshifter White/Blue Shoe
14294,14294,data/raw/fashion-product-images-small/images/14294.jpg,Apparel,Topwear,Tshirts,Black,Classic Polo Men Stripes Black Tshirts
2587,2587,data/raw/fashion-product-images-small/images/2587.jpg,Apparel,Topwear,Tshirts,Blue,Quechua Women's Blue T-shirt
8785,8785,data/raw/fashion-product-images-small/images/8785.jpg,Apparel,Topwear,Jackets,Pink,Lotto Women Cathy Pink Jacket
5374,5374,data/raw/fashion-product-images-small/images/5374.jpg,Footwear,Shoes,Sports Shoes,Red,Quechua Jawar 5.0 Man Black Red
39829,39829,data/raw/fashion-product-images-small/images/39829.jpg,Footwear,Sandal,Sandals,Brown,Red Tape Men Brown Sandals
5917,5917,data/raw/fashion-product-images-small/images/5917.jpg,Footwear,Shoes,Casual Shoes,Silver,ADIDAS Women's Agashae Silver Shoe
49736,49736,data/raw/fashion-product-images-small/images/49736.jpg,Accessories,Ties,Ties,Purple,Park Avenue Men Purple Tie
51708,51708,data/raw/fashion-product-images-small/images/51708.jpg,Accessories,Eyewear,Sunglasses,Brown,Van Heusen Unisex Sunglasses VH214-C3
51042,51042,data/raw/fashion-product-images-small/images/51042.jpg,Apparel,Innerwear,Briefs,Charcoal,Enamor Women Grey Briefs
15617,15617,data/raw/fashion-product-images-small/images/15617.jpg,Apparel,Topwear,Tshirts,Lavender,Nike Women Trainng Lavender T-shirt
23298,23298,data/raw/fashion-product-images-small/images/23298.jpg,Footwear,Sandal,Sandals,Black,Lotto Men Sting II Black Sandal
47623,47623,data/raw/fashion-product-images-small/images/47623.jpg,Footwear,Shoes,Heels,Black,Portia Women Black Flats
7626,7626,data/raw/fashion-product-images-small/images/7626.jpg,Accessories,Belts,Belts,Brown,Wrangler Men Brown Leather Belt
45398,45398,data/raw/fashion-product-images-small/images/45398.jpg,Footwear,Shoes,Flats,White,Rocia Women White Sandals
27728,27728,data/raw/fashion-product-images-small/images/27728.jpg,Accessories,Bags,Handbags,Black,Murcia Women Black Handbag
25867,25867,data/raw/fashion-product-images-small/images/25867.jpg,Accessories,Bags,Backpacks,Black,American Tourister Black Reversible Backpack
31935,31935,data/raw/fashion-product-images-small/images/31935.jpg,Apparel,Topwear,Tunics,Green,Mumbai Slang Women Printed Green Tunic
4568,4568,data/raw/fashion-product-images-small/images/4568.jpg,Footwear,Shoes,Sports Shoes,White,Nike Men's Collecte White Shoe
1877,1877,data/raw/fashion-product-images-small/images/1877.jpg,Apparel,Topwear,Tshirts,Grey,FIFA Mens Mexican Wave Grey T-shirt
51870,51870,data/raw/fashion-product-images-small/images/51870.jpg,Apparel,Topwear,Tshirts,Beige,Mark Taylor Beige Printed T-shirt
59630,59630,data/raw/fashion-product-images-small/images/59630.jpg,Apparel,Saree,Sarees,Orange,FNF Orange Wedding Collection Sari
19804,19804,data/raw/fashion-product-images-small/images/19804.jpg,Apparel,Topwear,Tshirts,Blue,U.S. Polo Assn. Men Solid Blue Tshirt
19181,19181,data/raw/fashion-product-images-small/images/19181.jpg,Apparel,Topwear,Shirts,Red,United Colors of Benetton Men Red Check Shirt
9007,9007,data/raw/fashion-product-images-small/images/9007.jpg,Accessories,Bags,Handbags,Silver,Murcia Women Silver Black Purse Silver Handbags
24616,24616,data/raw/fashion-product-images-small/images/24616.jpg,Apparel,Topwear,Tshirts,Charcoal,Mr. Men Men Charcoal Printed T-shirt
19414,19414,data/raw/fashion-product-images-small/images/19414.jpg,Accessories,Bags,Backpacks,Black,ADIDAS Unisex Cfc Graphic Black Backpack
34882,34882,data/raw/fashion-product-images-small/images/34882.jpg,Accessories,Bags,Handbags,Red,Envirosax Women Red Bag
48692,48692,data/raw/fashion-product-images-small/images/48692.jpg,Accessories,Jewellery,Earrings,Silver,Lucera Women Silver Earrings
36232,36232,data/raw/fashion-product-images-small/images/36232.jpg,Footwear,Shoes,Sports Shoes,White,Nike Women Air Dictate 2 MSL White Sports Shoes
10790,10790,data/raw/fashion-product-images-small/images/10790.jpg,Apparel,Topwear,Shirts,Blue,Wrangler Men Manitoba Piping Blue Shirts
15007,15007,data/raw/fashion-product-images-small/images/15007.jpg,Apparel,Topwear,Jackets,Black,ADIDAS Originals Men Solid Black Jackets
11431,11431,data/raw/fashion-product-images-small/images/11431.jpg,Apparel,Topwear,Tshirts,Purple,United Colors of Benetton Women Purple T-shirt
7943,7943,data/raw/fashion-product-images-small/images/7943.jpg,Apparel,Topwear,Tshirts,Black,Puma Men's Foundation Polo Black T-shirt
33292,33292,data/raw/fashion-product-images-small/images/33292.jpg,Apparel,Topwear,Shirts,Black,Arrow Sport
18839,18839,data/raw/fashion-product-images-small/images/18839.jpg,Accessories,Belts,Belts,Black,Peter England Men Formal Black Belt
49710,49710,data/raw/fashion-product-images-small/images/49710.jpg,Accessories,Ties,Ties,Blue,Park Avenue Men Blue Tie
17732,17732,data/raw/fashion-product-images-small/images/17732.jpg,Footwear,Shoes,Sports Shoes,Brown,Puma Men Fox Mid Brown Sports Shoe
57420,57420,data/raw/fashion-product-images-small/images/57420.jpg,Apparel,Topwear,Tshirts,Black,Angry Birds Women Black T-shirt
47977,47977,data/raw/fashion-product-images-small/images/47977.jpg,Accessories,Watches,Watches,Silver,Helix Women Silver Watch
29266,29266,data/raw/fashion-product-images-small/images/29266.jpg,Footwear,Shoes,Sports Shoes,Black,ADIDAS Men Ezeiro III Black Sports Shoes
45117,45117,data/raw/fashion-product-images-small/images/45117.jpg,Accessories,Watches,Watches,White,Casio Youth Series Men White Analogue Watch MQ-27-7BDF(A210)
24240,24240,data/raw/fashion-product-images-small/images/24240.jpg,Apparel,Topwear,Kurtis,Purple,La-Emotio Women Purple Kurti
5527,5527,data/raw/fashion-product-images-small/images/5527.jpg,Apparel,Topwear,Tshirts,Purple,Mr.Men Men's Mr.Funny Purple T-shirt
4558,4558,data/raw/fashion-product-images-small/images/4558.jpg,Footwear,Shoes,Sports Shoes,White,Nike Men's Dunk High Orange Shoe
3595,3595,data/raw/fashion-product-images-small/images/3595.jpg,Footwear,Shoes,Casual Shoes,Red,Converse Men's Chuck Taylor Big Check Red Black Canvas Shoe
44888,44888,data/raw/fashion-product-images-small/images/44888.jpg,Apparel,Topwear,Tshirts,Red,Puma Men Red Polo Neck T-shirt
59730,59730,data/raw/fashion-product-images-small/images/59730.jpg,Apparel,Innerwear,Shapewear,White,Avirate White Wired Corset Shapewear
28923,28923,data/raw/fashion-product-images-small/images/28923.jpg,Accessories,Bags,Backpacks,Black,Cabarelli Men Black Backpack
2586,2586,data/raw/fashion-product-images-small/images/2586.jpg,Apparel,Topwear,Tshirts,Pink,Quechua Women Pink T-shirt
54559,54559,data/raw/fashion-product-images-small/images/54559.jpg,Apparel,Topwear,Tunics,Red,Global Desi Women Red Tunic
56341,56341,data/raw/fashion-product-images-small/images/56341.jpg,Accessories,Watches,Watches,White,Fastrack Men White Dial Watch
10317,10317,data/raw/fashion-product-images-small/images/10317.jpg,Accessories,Watches,Watches,Silver,Esprit Women Purple Silicon Silver Watches
40108,40108,data/raw/fashion-product-images-small/images/40108.jpg,Apparel,Bottomwear,Track Pants,Black,ADIDAS Men Black Pants
33072,33072,data/raw/fashion-product-images-small/images/33072.jpg,Apparel,Topwear,Tshirts,Blue,U.S.Polo Assn Men Blue Polo T-shirt
28111,28111,data/raw/fashion-product-images-small/images/28111.jpg,Apparel,Innerwear,Boxers,White,Jockey MODERN CLASSIC Men white Boxer 8009
10358,10358,data/raw/fashion-product-images-small/images/10358.jpg,Apparel,Topwear,Tshirts,Blue,United Colors of Benetton Men Solid Polo Blue Tshirts
48993,48993,data/raw/fashion-product-images-small/images/48993.jpg,Accessories,Jewellery,Ring,Silver,Lucera Women Silver Ring
4540,4540,data/raw/fashion-product-images-small/images/4540.jpg,Apparel,Topwear,Tshirts,White,Classic Polo Men's White Polo T-shirt
33097,33097,data/raw/fashion-product-images-small/images/33097.jpg,Footwear,Shoes,Heels,Silver,Catwalk Women Silver Flats
9503,9503,data/raw/fashion-product-images-small/images/9503.jpg,Apparel,Topwear,Shirts,Peach,John Miller Men Peach Shirt
32332,32332,data/raw/fashion-product-images-small/images/32332.jpg,Accessories,Watches,Watches,Steel,Q&Q Men Steel Digital Watch
49915,49915,data/raw/fashion-product-images-small/images/49915.jpg,Apparel,Saree,Sarees,Brown,Fabindia Brown Hand Printed Sari
22230,22230,data/raw/fashion-product-images-small/images/22230.jpg,Footwear,Sandal,Sandals,Black,Hush Puppies Men Gel comfort Black Sandals
3329,3329,data/raw/fashion-product-images-small/images/3329.jpg,Apparel,Topwear,Tshirts,Red,KXIP Boys Fangear Tee
6486,6486,data/raw/fashion-product-images-small/images/6486.jpg,Footwear,Shoes,Casual Shoes,Brown,Red Tape Men STN Formal Light Brown Shoe
21960,21960,data/raw/fashion-product-images-small/images/21960.jpg,Accessories,Bags,Handbags,Blue,Murcia Women Casual Blue Handbag
52360,52360,data/raw/fashion-product-images-small/images/52360.jpg,Apparel,Loungewear and Nightwear,Nightdress,Off White,Red Rose Women Off White Nightdress
27515,27515,data/raw/fashion-product-images-small/images/27515.jpg,Apparel,Innerwear,Briefs,Pink,Jockey Lace Stretch Pink Boy Leg Brief
33837,33837,data/raw/fashion-product-images-small/images/33837.jpg,Footwear,Shoes,Sports Shoes,Grey,Puma Women Ikonis Grey Sports Shoes
25757,25757,data/raw/fashion-product-images-small/images/25757.jpg,Apparel,Topwear,Suspenders,Red,Lino Perros Men Red Suspenders
6829,6829,data/raw/fashion-product-images-small/images/6829.jpg,Footwear,Shoes,Sports Shoes,White,Nike Women's Lunar Swift White Blue Shoe
56335,56335,data/raw/fashion-product-images-small/images/56335.jpg,Accessories,Watches,Watches,Black,Fastrack Men Black Watch
25325,25325,data/raw/fashion-product-images-small/images/25325.jpg,Accessories,Watches,Watches,Black,Casio Edifice Men Multi-Dial Watch EF-334D-1AVDF(ED420)
30743,30743,data/raw/fashion-product-images-small/images/30743.jpg,Apparel,Topwear,Kurtas,White,Fabindia Men Striped White Kurta
53458,53458,data/raw/fashion-product-images-small/images/53458.jpg,Footwear,Shoes,Heels,Mustard,Catwalk Women Mustard Wedges
25269,25269,data/raw/fashion-product-images-small/images/25269.jpg,Accessories,Bags,Handbags,Maroon,Lino Perros Women Leatherette Maroon Handbag
38367,38367,data/raw/fashion-product-images-small/images/38367.jpg,Accessories,Belts,Belts,Black,Peter England Men Black Belt
30768,30768,data/raw/fashion-product-images-small/images/30768.jpg,Apparel,Topwear,Kurtas,Black,Fabindia Men Black Silk Kurta
33254,33254,data/raw/fashion-product-images-small/images/33254.jpg,Apparel,Topwear,Tshirts,Red,Gini and Jony Boys Red T-shirt
5815,5815,data/raw/fashion-product-images-small/images/5815.jpg,Apparel,Topwear,Tshirts,Grey,Puma Men's Sports Grey T-shirt
36653,36653,data/raw/fashion-product-images-small/images/36653.jpg,Accessories,Bags,Backpacks,Blue,Paridhan Women Blue Printed Backpack
17224,17224,data/raw/fashion-product-images-small/images/17224.jpg,Accessories,Eyewear,Sunglasses,Blue,United Colors of Benetton Men Funky Eyewear Blue Sunglasses
30600,30600,data/raw/fashion-product-images-small/images/30600.jpg,Apparel,Topwear,Tshirts,Black,Nike Boys Black & White Reversible T-shirt
23266,23266,data/raw/fashion-product-images-small/images/23266.jpg,Accessories,Watches,Watches,Black,Maxima Men Black Dial Watch
37726,37726,data/raw/fashion-product-images-small/images/37726.jpg,Apparel,Topwear,Shirts,Blue,John Players Men Soft Check Shirt
37955,37955,data/raw/fashion-product-images-small/images/37955.jpg,Accessories,Bags,Handbags,Black,Yelloe Women Fur Black Handbag
16482,16482,data/raw/fashion-product-images-small/images/16482.jpg,Apparel,Topwear,Shirts,Blue,Locomotive Men Check Blue Shirt
57361,57361,data/raw/fashion-product-images-small/images/57361.jpg,Apparel,Innerwear,Bra,Pink,Amante Pink Printed Full-Coverage Bra BGTC01
44258,44258,data/raw/fashion-product-images-small/images/44258.jpg,Accessories,Wallets,Wallets,Red,Hidekraft Women Red Wallet
20828,20828,data/raw/fashion-product-images-small/images/20828.jpg,Accessories,Socks,Socks,Grey,United Colors of Benetton Men Stripes Grey Socks
33713,33713,data/raw/fashion-product-images-small/images/33713.jpg,Footwear,Flip Flops,Flip Flops,Red,Cobblerz Men Red Flip Flops
54642,54642,data/raw/fashion-product-images-small/images/54642.jpg,Accessories,Watches,Watches,Black,Fastrack Women Grey Dial Watch
2001,2001,data/raw/fashion-product-images-small/images/2001.jpg,Apparel,Topwear,Tshirts,Grey,ADIDAS Mens Grey Polo T-shirt
41986,41986,data/raw/fashion-product-images-small/images/41986.jpg,Apparel,Topwear,Tshirts,Navy Blue,Gini and Jony Boys Around The World Navy Blue T-shirt
36814,36814,data/raw/fashion-product-images-small/images/36814.jpg,Apparel,Topwear,Kurtas,Maroon,Vishudh Women Maroon Kurta
47662,47662,data/raw/fashion-product-images-small/images/47662.jpg,Apparel,Topwear,Shirts,Multi,Femella Women Multi Coloured Floral Print Shirt
46261,46261,data/raw/fashion-product-images-small/images/46261.jpg,Apparel,Topwear,Tunics,Multi,109F Women Multicoloured Printed Tunic
8760,8760,data/raw/fashion-product-images-small/images/8760.jpg,Apparel,Bottomwear,Track Pants,Black,Puma  Essential Workout Track Pants
12876,12876,data/raw/fashion-product-images-small/images/12876.jpg,Footwear,Shoes,Formal Shoes,Black,Provogue Men Formal Black Formal Shoes
28420,28420,data/raw/fashion-product-images-small/images/28420.jpg,Accessories,Eyewear,Sunglasses,Copper,Idee Men Copper Sunglasses
24519,24519,data/raw/fashion-product-images-small/images/24519.jpg,Apparel,Topwear,Kurtas,Black,Mother Earth Women Black Printed Kurta
18674,18674,data/raw/fashion-product-images-small/images/18674.jpg,Footwear,Shoes,Sports Shoes,White,Fila Men Sterling White Sports shoes
39660,39660,data/raw/fashion-product-images-small/images/39660.jpg,Footwear,Shoes,Sports Shoes,Black,Lotto Men White Sports Shoes
18625,18625,data/raw/fashion-product-images-small/images/18625.jpg,Apparel,Topwear,Tshirts,Red,Puma Men Heritage Polo Ribbon Red Tshirt
7381,7381,data/raw/fashion-product-images-small/images/7381.jpg,Footwear,Shoes,Formal Shoes,Brown,Red Tape Men's Dark Brown Oxford Formal Shoe
4398,4398,data/raw/fashion-product-images-small/images/4398.jpg,Apparel,Topwear,Tshirts,Green,Free Authority Men's Foil Raw Edge Washed Olive T-shirt
30556,30556,data/raw/fashion-product-images-small/images/30556.jpg,Accessories,Eyewear,Sunglasses,Black,Opium Men Sports Black Sunglasses
28953,28953,data/raw/fashion-product-images-small/images/28953.jpg,Apparel,Topwear,Kurtis,Yellow,BIBA OUTLET Women Yellow Kurti
49726,49726,data/raw/fashion-product-images-small/images/49726.jpg,Accessories,Ties,Ties,Grey,Park Avenue Men Grey Tie
56959,56959,data/raw/fashion-product-images-small/images/56959.jpg,Footwear,Shoes,Heels,Red,HM Women Red Flats
2272,2272,data/raw/fashion-product-images-small/images/2272.jpg,Apparel,Topwear,Tshirts,Blue,Nike Mens Blue Polo T-shirt
17785,17785,data/raw/fashion-product-images-small/images/17785.jpg,Accessories,Socks,Socks,Brown,Reid & Taylor Men Solid Brown Socks
2317,2317,data/raw/fashion-product-images-small/images/2317.jpg,Apparel,Topwear,Tshirts,White,Reebok Men Tri Color White T-shirt
4396,4396,data/raw/fashion-product-images-small/images/4396.jpg,Apparel,Topwear,Tshirts,Grey,Free Authority Men's Foil Washed Grey T-shirt
21016,21016,data/raw/fashion-product-images-small/images/21016.jpg,Accessories,Wallets,Wallets,Purple,Fastrack Women Leather Purple Wallet
15437,15437,data/raw/fashion-product-images-small/images/15437.jpg,Accessories,Bags,Handbags,Brown,Hidekraft Women Leather Brown Handbags
57021,57021,data/raw/fashion-product-images-small/images/57021.jpg,Apparel,Innerwear,Briefs,Black,Jockey MC Men Black Rio Briefs 8033
43483,43483,data/raw/fashion-product-images-small/images/43483.jpg,Apparel,Topwear,Shirts,Maroon,French Connection Men Maroon Check Shirt
7792,7792,data/raw/fashion-product-images-small/images/7792.jpg,Apparel,Topwear,Tshirts,Grey,Proline Men Grey Polo T-shirt
8909,8909,data/raw/fashion-product-images-small/images/8909.jpg,Footwear,Shoes,Casual Shoes,Blue,Puma Unisex Benecio Leather Drip Indigo Blue Casual Shoes
28510,28510,data/raw/fashion-product-images-small/images/28510.jpg,Apparel,Topwear,Tshirts,Black,Nike Men Training Black T-shirt
31657,31657,data/raw/fashion-product-images-small/images/31657.jpg,Apparel,Topwear,Shirts,Black,Indigo Nation Men Printed Black Shirt
16420,16420,data/raw/fashion-product-images-small/images/16420.jpg,Apparel,Topwear,Tshirts,White,Levi's Men Stripes White Tshirts
34797,34797,data/raw/fashion-product-images-small/images/34797.jpg,Accessories,Headwear,Caps,Grey,Flying Machine Men Grey Hat
33315,33315,data/raw/fashion-product-images-small/images/33315.jpg,Apparel,Topwear,Tshirts,Navy Blue,Arrow New York Men Navy Blue Polo T-shirt
14321,14321,data/raw/fashion-product-images-small/images/14321.jpg,Apparel,Bottomwear,Shorts,Navy Blue,ADIDAS Men Solid Navy Blue Shorts
8956,8956,data/raw/fashion-product-images-small/images/8956.jpg,Accessories,Belts,Belts,Black,Puma Men funtamentals webbing Black Belts
26917,26917,data/raw/fashion-product-images-small/images/26917.jpg,Apparel,Topwear,Tops,Purple,Jealous 21 Women Printed Purple Top
50496,50496,data/raw/fashion-product-images-small/images/50496.jpg,Apparel,Innerwear,Innerwear Vests,White,Chromozome Men White Innerwear Vest
17685,17685,data/raw/fashion-product-images-small/images/17685.jpg,Footwear,Shoes,Heels,Multi,Catwalk Women Assorted Multi Heels
47292,47292,data/raw/fashion-product-images-small/images/47292.jpg,Accessories,Bags,Handbags,Purple,Baggit Women Purple Handbag
15288,15288,data/raw/fashion-product-images-small/images/15288.jpg,Footwear,Shoes,Casual Shoes,Black,Fila Men Mercury Black Shoes
12614,12614,data/raw/fashion-product-images-small/images/12614.jpg,Apparel,Topwear,Tshirts,White,Ed Hardy Men Printed White Tshirts
41518,41518,data/raw/fashion-product-images-small/images/41518.jpg,Accessories,Eyewear,Sunglasses,Black,Basics Men Aviator Sunglasses
32439,32439,data/raw/fashion-product-images-small/images/32439.jpg,Apparel,Topwear,Tshirts,Black,ADIDAS Men Black T-shirt
25388,25388,data/raw/fashion-product-images-small/images/25388.jpg,Apparel,Innerwear,Briefs,White,Levis Men Pack of 3 Briefs
47002,47002,data/raw/fashion-product-images-small/images/47002.jpg,Apparel,Topwear,Kurtas,Rust,Shree Women Rust Kurta
14610,14610,data/raw/fashion-product-images-small/images/14610.jpg,Accessories,Socks,Socks,Purple,United Colors of Benetton Men Stripes Purple Socks
18531,18531,data/raw/fashion-product-images-small/images/18531.jpg,Accessories,Watches,Watches,Orange,Chhota Bheem Analog Kids-Boys Orange Watch
3356,3356,data/raw/fashion-product-images-small/images/3356.jpg,Apparel,Topwear,Tshirts,Black,Myntra Men's I Give 100 Percent Work Black T-shirt
11171,11171,data/raw/fashion-product-images-small/images/11171.jpg,Apparel,Topwear,Sweaters,Grey,Scullers Men Stripes Grey Sweaters
44804,44804,data/raw/fashion-product-images-small/images/44804.jpg,Apparel,Topwear,Tops,Black,Spykar Women Black Top
9354,9354,data/raw/fashion-product-images-small/images/9354.jpg,Accessories,Socks,Socks,Grey,Puma Men Sports Socks 1 Pair Grey Socks
6732,6732,data/raw/fashion-product-images-small/images/6732.jpg,Apparel,Topwear,Tshirts,White,Locomotive Men's MidLand White T-shirt
18172,18172,data/raw/fashion-product-images-small/images/18172.jpg,Apparel,Topwear,Tops,Magenta,Doodle Kids Girls Magenta Layer Top
18683,18683,data/raw/fashion-product-images-small/images/18683.jpg,Apparel,Innerwear,Briefs,Blue,Hanes Men Navy Blue Premium Bikini Briefs
32422,32422,data/raw/fashion-product-images-small/images/32422.jpg,Apparel,Topwear,Tshirts,Black,ADIDAS Men One Love Black T-shirt
25871,25871,data/raw/fashion-product-images-small/images/25871.jpg,Accessories,Bags,Backpacks,Black,American Tourister Unisex Buzz Black Backpack
18417,18417,data/raw/fashion-product-images-small/images/18417.jpg,Footwear,Shoes,Sports Shoes,Silver,Skechers Women Shape-Ups Silver Shoes
40453,40453,data/raw/fashion-product-images-small/images/40453.jpg,Footwear,Shoes,Casual Shoes,Black,Red Tape Men Black Shoes
18216,18216,data/raw/fashion-product-images-small/images/18216.jpg,Accessories,Socks,Socks,Red,Manchester United Men Solid Red Socks
15080,15080,data/raw/fashion-product-images-small/images/15080.jpg,Apparel,Topwear,Kurtis,Orange,Mother Earth Women Printed Orange Kurtis
51938,51938,data/raw/fashion-product-images-small/images/51938.jpg,Accessories,Bags,Handbags,Brown,Nyk Women Brown Sandy Handbag
15264,15264,data/raw/fashion-product-images-small/images/15264.jpg,Footwear,Shoes,Casual Shoes,Black,ADIDAS Originals Women Ulama Black Casual Shoes
51345,51345,data/raw/fashion-product-images-small/images/51345.jpg,Accessories,Socks,Socks,Blue,Raymond Men Black & Blue Socks
8306,8306,data/raw/fashion-product-images-small/images/8306.jpg,Footwear,Shoes,Sports Shoes,Black,Skechers Women Sports Black Pink White Shoe
38602,38602,data/raw/fashion-product-images-small/images/38602.jpg,Apparel,Topwear,Tshirts,Grey,Nike Men Grey T-shirt
32471,32471,data/raw/fashion-product-images-small/images/32471.jpg,Accessories,Socks,Socks,Black,ADIDAS Unisex Pack of 3 Black Socks
8436,8436,data/raw/fashion-product-images-small/images/8436.jpg,Apparel,Topwear,Tops,Pink,Jealous 21 Women Jealous Gaius Pink Top Pink Tops
38762,38762,data/raw/fashion-product-images-small/images/38762.jpg,Footwear,Shoes,Sports Shoes,White,Nike Women Ballista II White Sports Shoes
39310,39310,data/raw/fashion-product-images-small/images/39310.jpg,Footwear,Shoes,Casual Shoes,Khaki,Red Chief Men Khaki Casual Shoes
42939,42939,data/raw/fashion-product-images-small/images/42939.jpg,Accessories,Belts,Belts,Black,French Connection Men Black Belt
44753,44753,data/raw/fashion-product-images-small/images/44753.jpg,Footwear,Shoes,Casual Shoes,Black,Globalite Men Black Court Shoes
1662,1662,data/raw/fashion-product-images-small/images/1662.jpg,Apparel,Topwear,Jackets,Navy Blue,Nike Men Blue Windrunner Jacket
58540,58540,data/raw/fashion-product-images-small/images/58540.jpg,Accessories,Eyewear,Sunglasses,Grey,Miami Blues Men Sunglasses
51429,51429,data/raw/fashion-product-images-small/images/51429.jpg,Apparel,Topwear,Shirts,Blue,Myntra Men Blue Check Shirt
23294,23294,data/raw/fashion-product-images-small/images/23294.jpg,Accessories,Watches,Watches,White,Maxima Men White Steel Watch
23244,23244,data/raw/fashion-product-images-small/images/23244.jpg,Footwear,Shoes,Formal Shoes,Black,Arrow Men Formal Black Shoes
17796,17796,data/raw/fashion-product-images-small/images/17796.jpg,Apparel,Topwear,Tshirts,Green,Chhota Bheem Kids Boy I Like to be Naughty Green Tshirt
49511,49511,data/raw/fashion-product-images-small/images/49511.jpg,Footwear,Shoes,Casual Shoes,Grey,Vans Men Grey Shoes
35497,35497,data/raw/fashion-product-images-small/images/35497.jpg,Footwear,Sandal,Sandals,Grey,Bata Men Velocity Grey Sandals
53060,53060,data/raw/fashion-product-images-small/images/53060.jpg,Accessories,Bags,Handbags,Black,Rocia Women Black Handbag
32000,32000,data/raw/fashion-product-images-small/images/32000.jpg,Accessories,Socks,Socks,Brown,Playboy Men Brown Socks
17239,17239,data/raw/fashion-product-images-small/images/17239.jpg,Apparel,Topwear,Tshirts,Blue,U.S. Polo Assn. Men Stripes Blue  Polo Tshirt
25908,25908,data/raw/fashion-product-images-small/images/25908.jpg,Apparel,Dress,Dresses,Red,Femella Women Red Dress
8962,8962,data/raw/fashion-product-images-small/images/8962.jpg,Footwear,Shoes,Casual Shoes,Black,Numero Uno Men Black Canvas Shoe
13619,13619,data/raw/fashion-product-images-small/images/13619.jpg,Apparel,Innerwear,Innerwear Vests,White,Hanes Women Short Sleeve White Innerwear T-shirt
37776,37776,data/raw/fashion-product-images-small/images/37776.jpg,Apparel,Topwear,Shirts,White,John Players Men Yellow & White Striped Shirt
17676,17676,data/raw/fashion-product-images-small/images/17676.jpg,Footwear,Shoes,Heels,Black,Catwalk Women Weaved Strap Black Flats
25479,25479,data/raw/fashion-product-images-small/images/25479.jpg,Footwear,Shoes,Sports Shoes,White,Nike Men Air Max White Sports Shoes
38175,38175,data/raw/fashion-product-images-small/images/38175.jpg,Accessories,Eyewear,Sunglasses,Copper,Miami Blues Women Sunglasses
55649,55649,data/raw/fashion-product-images-small/images/55649.jpg,Footwear,Shoes,Heels,Blue,Catwalk Women Blue Heels
27209,27209,data/raw/fashion-product-images-small/images/27209.jpg,Apparel,Topwear,Shirts,Red,Doodle Kids Boy Check Red Shirt
2341,2341,data/raw/fashion-product-images-small/images/2341.jpg,Apparel,Topwear,Tshirts,Black,Reebok Men Graffiti Black T-shirt
29688,29688,data/raw/fashion-product-images-small/images/29688.jpg,Apparel,Bottomwear,Shorts,Beige,Indigo Nation Men Check White And Khaki Shorts
37256,37256,data/raw/fashion-product-images-small/images/37256.jpg,Footwear,Shoes,Casual Shoes,Black,United Colors of Benetton Men Black Shoes
20041,20041,data/raw/fashion-product-images-small/images/20041.jpg,Accessories,Bags,Handbags,Grey,United Colors of Benetton Women Solid Grey Handbags
18871,18871,data/raw/fashion-product-images-small/images/18871.jpg,Footwear,Shoes,Formal Shoes,Brown,Franco Leone Men Formal Brown Shoes
41591,41591,data/raw/fashion-product-images-small/images/41591.jpg,Apparel,Topwear,Shirts,Blue,Basics Men Blue Striped Shirt
57820,57820,data/raw/fashion-product-images-small/images/57820.jpg,Apparel,Topwear,Tops,Blue,United Colors of Benetton Women Blue Top
24325,24325,data/raw/fashion-product-images-small/images/24325.jpg,Accessories,Bags,Backpacks,Navy Blue,ADIDAS Unisex Navy Blue Casual Backpack
47542,47542,data/raw/fashion-product-images-small/images/47542.jpg,Footwear,Shoes,Flats,Grey,Portia Women Grey Flats
50465,50465,data/raw/fashion-product-images-small/images/50465.jpg,Apparel,Innerwear,Briefs,Navy Blue,Chromozome Men Navy Blue & Grey Briefs
47032,47032,data/raw/fashion-product-images-small/images/47032.jpg,Apparel,Topwear,Kurtas,Red,Shree Women Red & Black Kurta
16779,16779,data/raw/fashion-product-images-small/images/16779.jpg,Accessories,Watches,Watches,Black,ADIDAS Originals Unisex Black Dial Watch ADH2541
39236,39236,data/raw/fashion-product-images-small/images/39236.jpg,Apparel,Topwear,Tops,Pink,Femella Women Pink Layered Frilly Chiffon Top
40106,40106,data/raw/fashion-product-images-small/images/40106.jpg,Apparel,Topwear,Tshirts,Grey,ADIDAS Men Grey  T-shirt
10615,10615,data/raw/fashion-product-images-small/images/10615.jpg,Footwear,Shoes,Casual Shoes,Cream,Carlton London Women balle Grey Casual Shoes
5445,5445,data/raw/fashion-product-images-small/images/5445.jpg,Apparel,Topwear,Tshirts,White,Nike Men's Training White T-shirt
50939,50939,data/raw/fashion-product-images-small/images/50939.jpg,Apparel,Innerwear,Innerwear Vests,Navy Blue,Parx Men Navy Blue Vest
6428,6428,data/raw/fashion-product-images-small/images/6428.jpg,Footwear,Shoes,Casual Shoes,Black,Lotto Unisex Canvas Black White Shoe
4833,4833,data/raw/fashion-product-images-small/images/4833.jpg,Apparel,Bottomwear,Track Pants,Navy Blue,ADIDAS Men's Navy Blue White Track Pant
6777,6777,data/raw/fashion-product-images-small/images/6777.jpg,Apparel,Topwear,Shirts,Brown,Timberland Men Claremont Popl Brown Shirt
53116,53116,data/raw/fashion-product-images-small/images/53116.jpg,Apparel,Topwear,Tshirts,Purple,Myntra Men Purple T-shirt
12945,12945,data/raw/fashion-product-images-small/images/12945.jpg,Apparel,Topwear,Shirts,Brown,Basics Men Brown Slim Fit Shirt
49919,49919,data/raw/fashion-product-images-small/images/49919.jpg,Apparel,Saree,Sarees,Maroon,Fabindia Maroon Printed Ajrakh Dhonekhali Saree
57319,57319,data/raw/fashion-product-images-small/images/57319.jpg,Apparel,Innerwear,Bra,Cream,Amante Cream-Coloured Full-Coverage Lace Bra BCFR02
33929,33929,data/raw/fashion-product-images-small/images/33929.jpg,Accessories,Watches,Watches,Silver,Citizen Women White Dial Watch
8064,8064,data/raw/fashion-product-images-small/images/8064.jpg,Accessories,Wallets,Wallets,Black,Fastrack Men Black Wallet
54383,54383,data/raw/fashion-product-images-small/images/54383.jpg,Accessories,Wallets,Wallets,Green,Baggit Women Green Wallet
13174,13174,data/raw/fashion-product-images-small/images/13174.jpg,Footwear,Shoes,Flats,Black,Skechers Women Ever Lasting Black Sandals
16643,16643,data/raw/fashion-product-images-small/images/16643.jpg,Apparel,Topwear,Tshirts,Blue,Facit Men Smart Blue Tshirt
21975,21975,data/raw/fashion-product-images-small/images/21975.jpg,Accessories,Bags,Handbags,Brown,Murcia Women Casual Brown Handbag
10633,10633,data/raw/fashion-product-images-small/images/10633.jpg,Footwear,Shoes,Formal Shoes,Brown,Carlton London Men Formal Brown Formal Shoes
21506,21506,data/raw/fashion-product-images-small/images/21506.jpg,Accessories,Bags,Handbags,Black,Kiara Women Sporty Look Black Handbag
11598,11598,data/raw/fashion-product-images-small/images/11598.jpg,Apparel,Topwear,Kurtas,Blue,W Women Printed Blue Kurtas
39883,39883,data/raw/fashion-product-images-small/images/39883.jpg,Accessories,Bags,Duffel Bag,Blue,ADIDAS Unisex Blue Duffle Bag
5194,5194,data/raw/fashion-product-images-small/images/5194.jpg,Apparel,Topwear,Tshirts,Navy Blue,Superman Men's Superman Inside Navy T-shirt
3271,3271,data/raw/fashion-product-images-small/images/3271.jpg,Apparel,Topwear,Tshirts,Red,Guerrilla Men's Poison Blood Red T-shirt
27553,27553,data/raw/fashion-product-images-small/images/27553.jpg,Apparel,Topwear,Shirts,Navy Blue,Scullers Men Navy Blue Shirt
27447,27447,data/raw/fashion-product-images-small/images/27447.jpg,Apparel,Topwear,Tshirts,Purple,Jockey Women  Round Neck Purple T-Shirt
12322,12322,data/raw/fashion-product-images-small/images/12322.jpg,Apparel,Topwear,Shirts,Purple,Genesis Men Striped Purple Shirt
42319,42319,data/raw/fashion-product-images-small/images/42319.jpg,Apparel,Saree,Sarees,Navy Blue,Prafful Navy Crepe Printed Saree
31425,31425,data/raw/fashion-product-images-small/images/31425.jpg,Apparel,Bottomwear,Trousers,Grey,Highlander Men Grey Trousers
28101,28101,data/raw/fashion-product-images-small/images/28101.jpg,Apparel,Innerwear,Briefs,Charcoal,Jockey COMFPLUS Men Charcoal Grey Y Front Briefs 8004
32423,32423,data/raw/fashion-product-images-small/images/32423.jpg,Accessories,Headwear,Caps,Black,ADIDAS Unisex Black Cap
24507,24507,data/raw/fashion-product-images-small/images/24507.jpg,Apparel,Topwear,Kurtas,Brown,Mother Earth Women Brown Printed Kurta
16911,16911,data/raw/fashion-product-images-small/images/16911.jpg,Apparel,Topwear,Sweatshirts,White,Mr. Men Men Printed White Sweatshirt
51939,51939,data/raw/fashion-product-images-small/images/51939.jpg,Accessories,Bags,Handbags,White,Nyk Women White Handbag
37858,37858,data/raw/fashion-product-images-small/images/37858.jpg,Accessories,Bags,Handbags,Black,Hidekraft Women Black Handbag
38979,38979,data/raw/fashion-product-images-small/images/38979.jpg,Apparel,Topwear,Shirts,Grey,Arrow Men Grey Check Shirt
9862,9862,data/raw/fashion-product-images-small/images/9862.jpg,Apparel,Topwear,Tshirts,Red,Status Quo Men Red Polo Tshirts
23181,23181,data/raw/fashion-product-images-small/images/23181.jpg,Apparel,Topwear,Shirts,Red,Black Coffee Men Red Check Shirt
11067,11067,data/raw/fashion-product-images-small/images/11067.jpg,Apparel,Topwear,Shirts,Blue,John Miller Men Stripes Blue Shirts
40541,40541,data/raw/fashion-product-images-small/images/40541.jpg,Accessories,Watches,Watches,Cream,Titan Women Cream Watch
44854,44854,data/raw/fashion-product-images-small/images/44854.jpg,Apparel,Topwear,Tshirts,Yellow,Puma Men Yellow Printed T-shirt
17069,17069,data/raw/fashion-product-images-small/images/17069.jpg,Accessories,Belts,Belts,Grey,Lino Perros Women Weaved  Grey Belt
14948,14948,data/raw/fashion-product-images-small/images/14948.jpg,Apparel,Topwear,Tshirts,Maroon,Status Quo Men Stripes Maroon Tshirts
5500,5500,data/raw/fashion-product-images-small/images/5500.jpg,Apparel,Topwear,Tshirts,White,Mr.Men Men's Mr.Perfect White T-shirt
3552,3552,data/raw/fashion-product-images-small/images/3552.jpg,Footwear,Shoes,Casual Shoes,Brown,Skechers Men's Light Brown Lifestyle Shoe
9146,9146,data/raw/fashion-product-images-small/images/9146.jpg,Apparel,Bottomwear,Jeans,Blue,Lee Women Mid Stone Blue Maxi Fit Jeans
19763,19763,data/raw/fashion-product-images-small/images/19763.jpg,Accessories,Watches,Watches,Turquoise Blue,Ice Unisex Sili Turquoise Watch
56289,56289,data/raw/fashion-product-images-small/images/56289.jpg,Apparel,Innerwear,Bra,Purple,Biara Women Wine Bra
56715,56715,data/raw/fashion-product-images-small/images/56715.jpg,Apparel,Topwear,Kurtas,White,Folklore Women White & Blue Printed Kurta
28509,28509,data/raw/fashion-product-images-small/images/28509.jpg,Apparel,Topwear,Tshirts,Purple,Nike Men Training Purple T-shirt
3733,3733,data/raw/fashion-product-images-small/images/3733.jpg,Apparel,Topwear,Tshirts,Purple,Kochi Tuskers Mens Fangear Jersey
56222,56222,data/raw/fashion-product-images-small/images/56222.jpg,Apparel,Loungewear and Nightwear,Night suits,Blue,SDL by Sweet Dreams Men Blue & Grey Pyjama Set
33178,33178,data/raw/fashion-product-images-small/images/33178.jpg,Apparel,Topwear,Tops,Navy Blue,Sepia Women Navy Blue Top
38145,38145,data/raw/fashion-product-images-small/images/38145.jpg,Accessories,Wallets,Wallets,Black,Wildcraft Unisex Black Wallet
26057,26057,data/raw/fashion-product-images-small/images/26057.jpg,Apparel,Topwear,Shirts,Purple,John Miller Men Check Purple Shirt
10037,10037,data/raw/fashion-product-images-small/images/10037.jpg,Footwear,Shoes,Sports Shoes,Silver,Reebok Men Premier ultra 8 U-form Silver Sports Shoes
3029,3029,data/raw/fashion-product-images-small/images/3029.jpg,Apparel,Topwear,Tshirts,Peach,Lee Women Zoe Dark Peach T-shirt
8954,8954,data/raw/fashion-product-images-small/images/8954.jpg,Apparel,Bottomwear,Trousers,Brown,Indigo Nation Men PV stretch Brown Trousers
7985,7985,data/raw/fashion-product-images-small/images/7985.jpg,Footwear,Sandal,Sandals,Green,Fila Unisex Glory Olive Lemon Yellow Floater
16755,16755,data/raw/fashion-product-images-small/images/16755.jpg,Accessories,Bags,Clutches,Maroon,Spice Art Women Cherry Maroon Clutch
46130,46130,data/raw/fashion-product-images-small/images/46130.jpg,Accessories,Jewellery,Necklace and Chains,Pink,Adrika Pink Necklace
33692,33692,data/raw/fashion-product-images-small/images/33692.jpg,Footwear,Shoes,Formal Shoes,Brown,Cobblerz Men Brown Leather Semiformal Shoes
31830,31830,data/raw/fashion-product-images-small/images/31830.jpg,Accessories,Watches,Watches,Black,Titan Men Black Dial Watch
12490,12490,data/raw/fashion-product-images-small/images/12490.jpg,Apparel,Topwear,Shirts,Purple,Genesis Purple Casual Shirt
11482,11482,data/raw/fashion-product-images-small/images/11482.jpg,Apparel,Topwear,Shirts,Blue,United Colors of Benetton Women Light Winter Blue Shirts
29750,29750,data/raw/fashion-product-images-small/images/29750.jpg,Accessories,Watches,Watches,Blue,Fossil Men Quartz Blue Dial Chronograph Watch FS4609
51918,51918,data/raw/fashion-product-images-small/images/51918.jpg,Accessories,Bags,Handbags,Green,Nyk Women Green Horado Handbag
19586,19586,data/raw/fashion-product-images-small/images/19586.jpg,Apparel,Topwear,Tshirts,Pink,United Colors of Benetton Women Printed Pink T-shirt
34991,34991,data/raw/fashion-product-images-small/images/34991.jpg,Apparel,Saree,Sarees,Blue,Fabindia H& Printed Blue Cotton Mull Sari
29297,29297,data/raw/fashion-product-images-small/images/29297.jpg,Apparel,Topwear,Tshirts,Black,Wrangler Women Birdy Tee Black T-shirt
36456,36456,data/raw/fashion-product-images-small/images/36456.jpg,Footwear,Shoes,Casual Shoes,Brown,Spinn Men Temptation Brown Shoes
10297,10297,data/raw/fashion-product-images-small/images/10297.jpg,Footwear,Shoes,Casual Shoes,Black,Clarks Men Black Leather Loafers
18990,18990,data/raw/fashion-product-images-small/images/18990.jpg,Apparel,Topwear,Tshirts,Black,ADIDAS Originals Men Black Tshirt
9484,9484,data/raw/fashion-product-images-small/images/9484.jpg,Accessories,Bags,Backpacks,Black,Puma Unisex Ferrari Replica Black Backpacks
35195,35195,data/raw/fashion-product-images-small/images/35195.jpg,Accessories,Bags,Backpacks,Pink,Wildcraft Women Pink Backpack
10237,10237,data/raw/fashion-product-images-small/images/10237.jpg,Accessories,Watches,Watches,Steel,Esprit Men Croso Black Steel Watch
2580,2580,data/raw/fashion-product-images-small/images/2580.jpg,Apparel,Bottomwear,Capris,Black,Domyos Women Black Capri
45872,45872,data/raw/fashion-product-images-small/images/45872.jpg,Accessories,Watches,Watches,Grey,Maxima Men Dark Grey Dial Watch
17671,17671,data/raw/fashion-product-images-small/images/17671.jpg,Footwear,Shoes,Heels,Beige,Catwalk Women Fancy Beige Heels
7319,7319,data/raw/fashion-product-images-small/images/7319.jpg,Footwear,Sandal,Sandals,Black,Red Tape Men Black Floater
23079,23079,data/raw/fashion-product-images-small/images/23079.jpg,Apparel,Topwear,Shirts,Green,Arrow Sport Men Green Solid Shirt
18922,18922,data/raw/fashion-product-images-small/images/18922.jpg,Apparel,Topwear,Shirts,Navy Blue,Levis Men Classic Mustard Checks Shirt
13578,13578,data/raw/fashion-product-images-small/images/13578.jpg,Apparel,Innerwear,Innerwear Vests,Red,Hanes Men Pack of 2 Half Contrast Piping Ringer T-shirts
36366,36366,data/raw/fashion-product-images-small/images/36366.jpg,Accessories,Ties,Ties,Navy Blue,Reid & Taylor Men Navy Blue Tie
36220,36220,data/raw/fashion-product-images-small/images/36220.jpg,Footwear,Shoes,Sports Shoes,Blue,Nike Women Dual Fusion ST 2 Blue Sports Shoes
35106,35106,data/raw/fashion-product-images-small/images/35106.jpg,Accessories,Wallets,Wallets,Brown,Allen Solly Men Leather Brown Money Clip
50708,50708,data/raw/fashion-product-images-small/images/50708.jpg,Apparel,Topwear,Tops,Yellow,Latin Quarters Women Yellow Striped Top
3707,3707,data/raw/fashion-product-images-small/images/3707.jpg,Apparel,Topwear,Tshirts,Purple,Classic Polo Men's Purple Black & Cream Stripe T-shirt
51428,51428,data/raw/fashion-product-images-small/images/51428.jpg,Apparel,Topwear,Shirts,White,Myntra Men Blue Check Shirt
12474,12474,data/raw/fashion-product-images-small/images/12474.jpg,Footwear,Sandal,Sandals,Black,Clarks Men Leather Black Sandals
26426,26426,data/raw/fashion-product-images-small/images/26426.jpg,Accessories,Bags,Handbags,Bronze,Spice Art Women Leatherette Bronze Handbag
10158,10158,data/raw/fashion-product-images-small/images/10158.jpg,Footwear,Shoes,Casual Shoes,Black,Puma Men 917 Lo Feuer Black Casual Shoes
2838,2838,data/raw/fashion-product-images-small/images/2838.jpg,Apparel,Topwear,Tshirts,Blue,Mr.Men Men's Mr.Happy Blue T-shirt
25261,25261,data/raw/fashion-product-images-small/images/25261.jpg,Accessories,Bags,Handbags,Beige,Lino Perros Women Canvas Beige Handbag
58848,58848,data/raw/fashion-product-images-small/images/58848.jpg,Accessories,Cufflinks,Cufflinks,Blue,Hakashi Men Blue Cufflinks
11976,11976,data/raw/fashion-product-images-small/images/11976.jpg,Footwear,Shoes,Casual Shoes,Black,Fila Men Paramount Plus Black Shoes
33552,33552,data/raw/fashion-product-images-small/images/33552.jpg,Apparel,Topwear,Shirts,Brown,Wrangler Men Brown Striped Shirt
16493,16493,data/raw/fashion-product-images-small/images/16493.jpg,Apparel,Topwear,Tshirts,Green,Locomotive Men Solid Forest Green TShirt
9997,9997,data/raw/fashion-product-images-small/images/9997.jpg,Apparel,Topwear,Tops,Blue,Palm Tree Girls Hs Livia Top Blue Tops
33884,33884,data/raw/fashion-product-images-small/images/33884.jpg,Accessories,Watches,Watches,Black,Citizen Men Black Dial Eco-Drive Watch
22745,22745,data/raw/fashion-product-images-small/images/22745.jpg,Apparel,Topwear,Kurtas,Blue,BIBA Women Printed Blue Kurta
14792,14792,data/raw/fashion-product-images-small/images/14792.jpg,Accessories,Bags,Handbags,Beige,United Colors of Benetton Women Solid Beige Handbags
38372,38372,data/raw/fashion-product-images-small/images/38372.jpg,Accessories,Belts,Belts,Brown,Peter England Men Brown Belt
49809,49809,data/raw/fashion-product-images-small/images/49809.jpg,Footwear,Flip Flops,Flip Flops,White,iPanema Women White Flip Flops
27014,27014,data/raw/fashion-product-images-small/images/27014.jpg,Apparel,Bottomwear,Capris,Blue,Jealous 21 Women Washed Blue Capris
50678,50678,data/raw/fashion-product-images-small/images/50678.jpg,Apparel,Innerwear,Trunk,Navy Blue,Chromozome Men Navy Blue Trunks
56665,56665,data/raw/fashion-product-images-small/images/56665.jpg,Footwear,Shoes,Casual Shoes,Brown,United Colors of Benetton Men Brown Shoes
37408,37408,data/raw/fashion-product-images-small/images/37408.jpg,Accessories,Bags,Handbags,Pink,Murcia Women Pink Handbag
8314,8314,data/raw/fashion-product-images-small/images/8314.jpg,Apparel,Topwear,Shirts,Blue,Locomotive Men Check Lafayette Blue Shirts
15569,15569,data/raw/fashion-product-images-small/images/15569.jpg,Footwear,Shoes,Heels,Red,Catwalk Women Casual Red Flats
24274,24274,data/raw/fashion-product-images-small/images/24274.jpg,Apparel,Topwear,Tshirts,Navy Blue,Quiksilver Men Basic Navy Blue T-shirt
16239,16239,data/raw/fashion-product-images-small/images/16239.jpg,Footwear,Sandal,Sandals,Pink,Crocs Beach Unisex Pink Sandal
35048,35048,data/raw/fashion-product-images-small/images/35048.jpg,Apparel,Topwear,Kurtas,Green,Fabindia Women Silk Green Kurta
28397,28397,data/raw/fashion-product-images-small/images/28397.jpg,Accessories,Eyewear,Sunglasses,Brown,Idee Women Brown Sunglasses
17985,17985,data/raw/fashion-product-images-small/images/17985.jpg,Accessories,Bags,Backpacks,Grey,U.S. Polo Assn. Unisex Laptop Grey Backpack
22386,22386,data/raw/fashion-product-images-small/images/22386.jpg,Apparel,Topwear,Shirts,White,Mark Taylor Men White & Navy Striped Shirt
8253,8253,data/raw/fashion-product-images-small/images/8253.jpg,Accessories,Bags,Handbags,Black,Fastrack Black Printed Tote Bag
32630,32630,data/raw/fashion-product-images-small/images/32630.jpg,Apparel,Topwear,Tshirts,Grey,Nike Men Premier Training Grey T-shirt
16485,16485,data/raw/fashion-product-images-small/images/16485.jpg,Apparel,Topwear,Shirts,Grey,Locomotive Men Check Grey Shirt
54610,54610,data/raw/fashion-product-images-small/images/54610.jpg,Apparel,Innerwear,Briefs,Navy Blue,Jockey ELANCE Men Navy Briefs 1009
24993,24993,data/raw/fashion-product-images-small/images/24993.jpg,Apparel,Bottomwear,Shorts,Navy Blue,United Colors of Benetton Kids Girls Navy Blue Shorts
19858,19858,data/raw/fashion-product-images-small/images/19858.jpg,Apparel,Topwear,Jackets,Black,U.S. Polo Assn. Men Solid Black Jacket
16468,16468,data/raw/fashion-product-images-small/images/16468.jpg,Apparel,Topwear,Shirts,Blue,Locomotive Men Check Blue Shirt
18920,18920,data/raw/fashion-product-images-small/images/18920.jpg,Apparel,Topwear,Shirts,Purple,Levis Men Work Western Purple Shirt
17515,17515,data/raw/fashion-product-images-small/images/17515.jpg,Apparel,Topwear,Sweaters,Pink,Jealous 21 Women Solid Pink Sweater
59992,59992,data/raw/fashion-product-images-small/images/59992.jpg,Apparel,Dress,Dresses,Black,Avirate Black & White Dress
19599,19599,data/raw/fashion-product-images-small/images/19599.jpg,Apparel,Topwear,Tops,Blue,United Colors of Benetton Women Solid Blue Top
18869,18869,data/raw/fashion-product-images-small/images/18869.jpg,Apparel,Bottomwear,Track Pants,Black,Puma Women Black Core Track Pants
20921,20921,data/raw/fashion-product-images-small/images/20921.jpg,Apparel,Bottomwear,Shorts,Olive,Deni Yo Men Solid Olive Short
39733,39733,data/raw/fashion-product-images-small/images/39733.jpg,Apparel,Topwear,Shirts,Pink,Arrow Woman Pink & Green Check Shirt
54731,54731,data/raw/fashion-product-images-small/images/54731.jpg,Footwear,Shoes,Casual Shoes,Black,Vans Men Black & Grey Shoes
41855,41855,data/raw/fashion-product-images-small/images/41855.jpg,Accessories,Headwear,Caps,Blue,Probase Men Blue Cap
42108,42108,data/raw/fashion-product-images-small/images/42108.jpg,Apparel,Topwear,Tshirts,Blue,ADIDAS Men Blue T-shirt
12065,12065,data/raw/fashion-product-images-small/images/12065.jpg,Apparel,Topwear,Kurtas,Navy Blue,W Women Printed Navy Blue Kurtas
35473,35473,data/raw/fashion-product-images-small/images/35473.jpg,Footwear,Shoes,Heels,Silver,Catwalk Women Silver Flats
3757,3757,data/raw/fashion-product-images-small/images/3757.jpg,Apparel,Topwear,Tshirts,White,Status Quo Men's Buchanan Street White T-shirt
26809,26809,data/raw/fashion-product-images-small/images/26809.jpg,Apparel,Bottomwear,Trousers,Charcoal,Arrow Men Charcoal Flat Front Trousers
48767,48767,data/raw/fashion-product-images-small/images/48767.jpg,Accessories,Jewellery,Jewellery Set,White,Miki Pearl Women Ivory Jewellery Set
30496,30496,data/raw/fashion-product-images-small/images/30496.jpg,Apparel,Innerwear,Bra,Purple,Lovable Women Fiona Purple Bra
50318,50318,data/raw/fashion-product-images-small/images/50318.jpg,Accessories,Ties,Ties,Blue,Park Avenue Men Blue Tie
48877,48877,data/raw/fashion-product-images-small/images/48877.jpg,Accessories,Jewellery,Pendant,Silver,Lucera Women Silver Pendant
29036,29036,data/raw/fashion-product-images-small/images/29036.jpg,Apparel,Topwear,Tshirts,Green,ADIDAS Men Printed Green T-shirt
36260,36260,data/raw/fashion-product-images-small/images/36260.jpg,Apparel,Loungewear and Nightwear,Night suits,Grey,SDL by Sweet Dreams Men Grey & Black Pyjama Set
35124,35124,data/raw/fashion-product-images-small/images/35124.jpg,Accessories,Jewellery,Pendant,Brown,Allen Solly Woman Women Brown Pendant
13800,13800,data/raw/fashion-product-images-small/images/13800.jpg,Apparel,Topwear,Sweatshirts,Grey,Proline Mens Grey Sweatshirt
32459,32459,data/raw/fashion-product-images-small/images/32459.jpg,Apparel,Topwear,Tshirts,Green,ADIDAS Men Tank Green T-shirt
33928,33928,data/raw/fashion-product-images-small/images/33928.jpg,Accessories,Watches,Watches,Brown,Citizen Women Brown Dial Watch
10272,10272,data/raw/fashion-product-images-small/images/10272.jpg,Footwear,Shoes,Heels,Grey,Clarks Women Soma Silk Graphite Leather Grey Heels
35934,35934,data/raw/fashion-product-images-small/images/35934.jpg,Footwear,Shoes,Sports Shoes,Grey,Salomon Men XR Mission Grey Sports Shoes
23840,23840,data/raw/fashion-product-images-small/images/23840.jpg,Footwear,Shoes,Casual Shoes,Brown,ADIDAS Men Brown Shoes
26121,26121,data/raw/fashion-product-images-small/images/26121.jpg,Apparel,Topwear,Shirts,Blue,John Miller Men Check Blue Shirt
32354,32354,data/raw/fashion-product-images-small/images/32354.jpg,Accessories,Watches,Watches,White,Q&Q Men White Dial Watch
29235,29235,data/raw/fashion-product-images-small/images/29235.jpg,Footwear,Shoes,Flats,Black,Puma Women Black Crazy Slide Flats
34573,34573,data/raw/fashion-product-images-small/images/34573.jpg,Apparel,Topwear,Tops,White,Tonga Women White Top
1575,1575,data/raw/fashion-product-images-small/images/1575.jpg,Apparel,Topwear,Tshirts,White,Kipsta Men Sports White T-shirt
29667,29667,data/raw/fashion-product-images-small/images/29667.jpg,Apparel,Topwear,Shirts,Black,Indigo Nation Men Printed Black Shirt
24333,24333,data/raw/fashion-product-images-small/images/24333.jpg,Apparel,Topwear,Tshirts,Blue,ADIDAS Men Blue Printed T-shirt
50667,50667,data/raw/fashion-product-images-small/images/50667.jpg,Apparel,Loungewear and Nightwear,Lounge Pants,Grey Melange,Chromozome Men Grey Melange Fashion Lounge Pants S-5145
2091,2091,data/raw/fashion-product-images-small/images/2091.jpg,Apparel,Topwear,Tshirts,Maroon,ADIDAS Mens ESS 3S Polo T-shirt
15075,15075,data/raw/fashion-product-images-small/images/15075.jpg,Apparel,Topwear,Shirts,Beige,Mother Earth Men Solid Beige Shirts
9810,9810,data/raw/fashion-product-images-small/images/9810.jpg,Apparel,Topwear,Shirts,Purple,John Miller Men Purple Gingham Shirt
11475,11475,data/raw/fashion-product-images-small/images/11475.jpg,Apparel,Topwear,Shirts,Orange,United Colors of Benetton Women Light Winter Orange Shirts
10003,10003,data/raw/fashion-product-images-small/images/10003.jpg,Apparel,Topwear,Tshirts,White,Nike Women As Nike Eleme White T-Shirt
22311,22311,data/raw/fashion-product-images-small/images/22311.jpg,Footwear,Shoes,Heels,Silver,Inc. 5 Women Casual Silver Flats
23042,23042,data/raw/fashion-product-images-small/images/23042.jpg,Apparel,Bottomwear,Trousers,Navy Blue,Arrow Men Navy Blue Trousers
39990,39990,data/raw/fashion-product-images-small/images/39990.jpg,Footwear,Shoes,Casual Shoes,White,Gas Men Skate White Shoes
4155,4155,data/raw/fashion-product-images-small/images/4155.jpg,Footwear,Shoes,Sports Shoes,Blue,Nike Men's Air Max Blue White Shoe
12581,12581,data/raw/fashion-product-images-small/images/12581.jpg,Apparel,Topwear,Tshirts,Blue,Tantra Women Blue T-shirt
27882,27882,data/raw/fashion-product-images-small/images/27882.jpg,Apparel,Topwear,Shirts,Olive,Scullers For Her Olive Shirt
58062,58062,data/raw/fashion-product-images-small/images/58062.jpg,Accessories,Jewellery,Earrings,Silver,Rreverie Silver Earrings
27110,27110,data/raw/fashion-product-images-small/images/27110.jpg,Apparel,Topwear,Kurtas,Pink,Aneri Women Rani Pink Kurta
57205,57205,data/raw/fashion-product-images-small/images/57205.jpg,Apparel,Bottomwear,Capris,White,Kraus Jeans Women White Capris
51825,51825,data/raw/fashion-product-images-small/images/51825.jpg,Apparel,Innerwear,Bra,Black,Bwitch  Black Bra
22821,22821,data/raw/fashion-product-images-small/images/22821.jpg,Footwear,Shoes,Casual Shoes,Brown,Woodland Men Brown Trekking Shoes
18817,18817,data/raw/fashion-product-images-small/images/18817.jpg,Accessories,Wallets,Wallets,Black,Peter England Men Statements Black Wallet
31581,31581,data/raw/fashion-product-images-small/images/31581.jpg,Apparel,Topwear,Tshirts,Blue,Mark Taylor Men Printed Blue T-shirt
25795,25795,data/raw/fashion-product-images-small/images/25795.jpg,Apparel,Topwear,Suspenders,Black,Arrow Men Black Suspenders
17142,17142,data/raw/fashion-product-images-small/images/17142.jpg,Accessories,Bags,Handbags,Brown,Lino Perros Women Classic Brown Handbag
1795,1795,data/raw/fashion-product-images-small/images/1795.jpg,Accessories,Bags,Backpacks,Black,Newfeel 22L Black Bag
48450,48450,data/raw/fashion-product-images-small/images/48450.jpg,Apparel,Topwear,Tshirts,Grey,French Connection Men Grey T-shirt
14598,14598,data/raw/fashion-product-images-small/images/14598.jpg,Apparel,Bottomwear,Stockings,Purple,United Colors of Benetton Women Solid Purple Stockings
42948,42948,data/raw/fashion-product-images-small/images/42948.jpg,Accessories,Belts,Belts,Black,French Connection Men Black Leather Belt
43510,43510,data/raw/fashion-product-images-small/images/43510.jpg,Apparel,Dress,Dresses,Maroon,French Connection Women Maroon Knitted Dress
38868,38868,data/raw/fashion-product-images-small/images/38868.jpg,Apparel,Topwear,Tops,Grey,Allen Solly Kids Girls Mock Layered Grey Top
27226,27226,data/raw/fashion-product-images-small/images/27226.jpg,Apparel,Dress,Dresses,Pink,Doodle Kids Girl Printed Pink Dress
4248,4248,data/raw/fashion-product-images-small/images/4248.jpg,Apparel,Topwear,Tshirts,Grey,Probase Men's Mirror On The Grey T-shirt
17438,17438,data/raw/fashion-product-images-small/images/17438.jpg,Accessories,Watches,Watches,Silver,Casio Edifice Men Chronograph Watch EF-558D-7AVDF(ED438)
29501,29501,data/raw/fashion-product-images-small/images/29501.jpg,Accessories,Watches,Watches,White,Giordano Women White Dial Watch
36725,36725,data/raw/fashion-product-images-small/images/36725.jpg,Apparel,Topwear,Tshirts,Green,Gini and Jony Boys Polo Green T-Shirt
24021,24021,data/raw/fashion-product-images-small/images/24021.jpg,Apparel,Topwear,Tshirts,Navy Blue,Locomotive Men Navy Blue Printed T-shirt
32402,32402,data/raw/fashion-product-images-small/images/32402.jpg,Apparel,Topwear,Tops,Pink,Arrow Woman Printed Multi Coloured Top
43477,43477,data/raw/fashion-product-images-small/images/43477.jpg,Footwear,Shoes,Casual Shoes,Khaki,Woodland Men Khaki Shoes
30266,30266,data/raw/fashion-product-images-small/images/30266.jpg,Accessories,Eyewear,Sunglasses,Black,Speedo Men Sheet Sunglasses
11722,11722,data/raw/fashion-product-images-small/images/11722.jpg,Apparel,Topwear,Shirts,Red,Lee Men Check Red Shirts
2882,2882,data/raw/fashion-product-images-small/images/2882.jpg,Footwear,Shoes,Heels,Black,Catwalk Women Leather Slip-Ons Black Flats
5835,5835,data/raw/fashion-product-images-small/images/5835.jpg,Apparel,Topwear,Tshirts,White,ADIDAS Women's Birds White T-shirt
19913,19913,data/raw/fashion-product-images-small/images/19913.jpg,Accessories,Bags,Rucksacks,Yellow,Wildcraft Unisex Grey & Yellow Rucksack
47044,47044,data/raw/fashion-product-images-small/images/47044.jpg,Apparel,Bottomwear,Salwar,Multi,Shree Women Multi Coloured Jodhpuri Salwar
48093,48093,data/raw/fashion-product-images-small/images/48093.jpg,Apparel,Topwear,Shirts,Blue,French Connection Women Blue Shirt
28125,28125,data/raw/fashion-product-images-small/images/28125.jpg,Apparel,Innerwear,Briefs,Black,Jockey MODERN CLASSIC Men Black Brief 8035
15835,15835,data/raw/fashion-product-images-small/images/15835.jpg,Apparel,Topwear,Kurtas,Blue,Visudh Blue Printed Ethnic Kurta
24160,24160,data/raw/fashion-product-images-small/images/24160.jpg,Apparel,Topwear,Kurtas,Purple,Aurelia Women Purple Striped Kurta
34578,34578,data/raw/fashion-product-images-small/images/34578.jpg,Apparel,Dress,Dresses,Red,Tonga Women Printed Red Dress
23138,23138,data/raw/fashion-product-images-small/images/23138.jpg,Apparel,Topwear,Sweatshirts,Blue,Quechua Men  Fleece Blue Sweatshirt
7643,7643,data/raw/fashion-product-images-small/images/7643.jpg,Apparel,Topwear,Tshirts,Red,Puma Men's Ducati Logo Red T-shirt
25104,25104,data/raw/fashion-product-images-small/images/25104.jpg,Accessories,Belts,Belts,Brown,Lino Perros Women Brown Belts
43826,43826,data/raw/fashion-product-images-small/images/43826.jpg,Accessories,Jewellery,Earrings,Gold,Royal Diadem Royal Blue Earrings
47794,47794,data/raw/fashion-product-images-small/images/47794.jpg,Accessories,Bags,Handbags,Brown,Murcia Women Brown Handbag
26546,26546,data/raw/fashion-product-images-small/images/26546.jpg,Footwear,Sandal,Sandals,Black,ID Men Black & Red Sandals
3825,3825,data/raw/fashion-product-images-small/images/3825.jpg,Footwear,Sandal,Sandals,Navy Blue,Crocs Unisex Navy Blue Clogs
15996,15996,data/raw/fashion-product-images-small/images/15996.jpg,Apparel,Topwear,Shirts,Blue,Turtle Check Men Blue Shirt
41079,41079,data/raw/fashion-product-images-small/images/41079.jpg,Footwear,Flip Flops,Flip Flops,Brown,Lotto Men Brown Caesar Slide Flip Flops
15256,15256,data/raw/fashion-product-images-small/images/15256.jpg,Footwear,Shoes,Casual Shoes,Black,ADIDAS Originals Women Midiru Lite Black Casual Shoes
59900,59900,data/raw/fashion-product-images-small/images/59900.jpg,Accessories,Scarves,Scarves,Orange,Femella Women Multi Coloured Scarf
36497,36497,data/raw/fashion-product-images-small/images/36497.jpg,Apparel,Topwear,Kurtas,White,Folklore Women White Kurta
2052,2052,data/raw/fashion-product-images-small/images/2052.jpg,Apparel,Topwear,Tshirts,Brown,Lee Men's Trademark T-shirt
29107,29107,data/raw/fashion-product-images-small/images/29107.jpg,Accessories,Headwear,Caps,Grey,Puma Unisex Heather Grey Cap
7631,7631,data/raw/fashion-product-images-small/images/7631.jpg,Apparel,Bottomwear,Shorts,Navy Blue,Puma Men's Woven Navy Short
3647,3647,data/raw/fashion-product-images-small/images/3647.jpg,Footwear,Shoes,Casual Shoes,White,Fila Men's Paramount White Navy Shoe
16068,16068,data/raw/fashion-product-images-small/images/16068.jpg,Apparel,Bottomwear,Trousers,Olive,Highlander Men Solid Olive Trouser
37890,37890,data/raw/fashion-product-images-small/images/37890.jpg,Accessories,Socks,Socks,Black,Happy Socks Unisex Black Socks
32518,32518,data/raw/fashion-product-images-small/images/32518.jpg,Footwear,Shoes,Formal Shoes,Black,Franco Leone Men Black Formal Shoes
36884,36884,data/raw/fashion-product-images-small/images/36884.jpg,Accessories,Belts,Belts,Black,Fossil Men Black Clarkson Belt
15812,15812,data/raw/fashion-product-images-small/images/15812.jpg,Apparel,Innerwear,Briefs,Blue,Facit Men Trophy BKN Blue Briefs
40949,40949,data/raw/fashion-product-images-small/images/40949.jpg,Apparel,Topwear,Tshirts,White,Gini and Jony Boys Around the World White T-shirt
52491,52491,data/raw/fashion-product-images-small/images/52491.jpg,Apparel,Innerwear,Camisoles,Black,Red Rose Black Camisole
20604,20604,data/raw/fashion-product-images-small/images/20604.jpg,Accessories,Bags,Handbags,Brown,Baggit Women Umbrella Dum Brown Handbag
36421,36421,data/raw/fashion-product-images-small/images/36421.jpg,Footwear,Sandal,Sandals,Grey,Spinn Men Aura Grey Sandals
34225,34225,data/raw/fashion-product-images-small/images/34225.jpg,Apparel,Topwear,Tshirts,Cream,Proline Men Cream-Coloured T-shirt
12638,12638,data/raw/fashion-product-images-small/images/12638.jpg,Apparel,Topwear,Tshirts,Maroon,Probase Men Solid Maroon Tshirts
41714,41714,data/raw/fashion-product-images-small/images/41714.jpg,Footwear,Shoes,Heels,Black,Catwalk Women Black Wedges
32947,32947,data/raw/fashion-product-images-small/images/32947.jpg,Footwear,Shoes,Casual Shoes,Navy Blue,ADIDAS Neo Men Rugged Sail Navy Blue Shoes
20429,20429,data/raw/fashion-product-images-small/images/20429.jpg,Accessories,Belts,Belts,Brown,Baggit Women Tickle Taj Brown Belt
6020,6020,data/raw/fashion-product-images-small/images/6020.jpg,Apparel,Topwear,Tshirts,Red,UCB Men's Roundneck With Sail Racing Print Red T-shirt
39749,39749,data/raw/fashion-product-images-small/images/39749.jpg,Apparel,Bottomwear,Shorts,Beige,Gini Jony Boys Beige Shorts
5459,5459,data/raw/fashion-product-images-small/images/5459.jpg,Footwear,Shoes,Sports Shoes,Grey,Nike Men's Dual Fusion Grey Shoe
14833,14833,data/raw/fashion-product-images-small/images/14833.jpg,Accessories,Belts,Belts,Brown,United Colors of Benetton Men Solid Brown Belts
30933,30933,data/raw/fashion-product-images-small/images/30933.jpg,Apparel,Topwear,Kurtas,Brown,Fabindia Women Brown Kurta
56977,56977,data/raw/fashion-product-images-small/images/56977.jpg,Footwear,Shoes,Heels,White,HM Women White Sandals
22127,22127,data/raw/fashion-product-images-small/images/22127.jpg,Footwear,Shoes,Formal Shoes,Brown,Provogue Men Brown Formal Shoes
36114,36114,data/raw/fashion-product-images-small/images/36114.jpg,Accessories,Wallets,Wallets,Black,OTLS Men Laurel Black Wallet
5416,5416,data/raw/fashion-product-images-small/images/5416.jpg,Apparel,Topwear,Tshirts,White,Ant Kids Girl's White Little Heart Kidswear
2093,2093,data/raw/fashion-product-images-small/images/2093.jpg,Apparel,Topwear,Shirts,Blue,Lee Men checks Blue Shirt
13870,13870,data/raw/fashion-product-images-small/images/13870.jpg,Apparel,Topwear,Shirts,Beige,Scullers Men Stripes Beige Shirts
15788,15788,data/raw/fashion-product-images-small/images/15788.jpg,Apparel,Innerwear,Briefs,Charcoal,Facit Men String BK Charcoal Briefs
42235,42235,data/raw/fashion-product-images-small/images/42235.jpg,Apparel,Topwear,Tops,Black,Sepia Women Black Top
9514,9514,data/raw/fashion-product-images-small/images/9514.jpg,Apparel,Topwear,Tshirts,Brown,Classic Polo Men Brown Polo Tshirts
20136,20136,data/raw/fashion-product-images-small/images/20136.jpg,Apparel,Topwear,Shirts,Blue,Wrangler Women Roll UP Sleeve Blue Shirt
44313,44313,data/raw/fashion-product-images-small/images/44313.jpg,Apparel,Bottomwear,Trousers,Beige,Indian Terrain Men Beige Trousers
12374,12374,data/raw/fashion-product-images-small/images/12374.jpg,Apparel,Topwear,Shirts,White,Reid & Taylor Men Stripes White Shirts
17214,17214,data/raw/fashion-product-images-small/images/17214.jpg,Accessories,Eyewear,Sunglasses,Black,United Colors of Benetton Women Funky Eyewear Black Sunglasses
25381,25381,data/raw/fashion-product-images-small/images/25381.jpg,Apparel,Innerwear,Innerwear Vests,Navy Blue,Levis Men Navy Blue Innerwear Vest
25219,25219,data/raw/fashion-product-images-small/images/25219.jpg,Accessories,Bags,Handbags,Pink,Lino Perros Women Leatherette Pink Handbag
13712,13712,data/raw/fashion-product-images-small/images/13712.jpg,Apparel,Topwear,Tshirts,Black,Proline Mens Solid Black Polo Tshirt
5970,5970,data/raw/fashion-product-images-small/images/5970.jpg,Apparel,Topwear,Shirts,Red,Highlander Men Red White Checked Shirts
21445,21445,data/raw/fashion-product-images-small/images/21445.jpg,Apparel,Topwear,Tshirts,Grey,Roxy Women Printed Grey T-shirt
38636,38636,data/raw/fashion-product-images-small/images/38636.jpg,Apparel,Topwear,Tshirts,Blue,Nike Men Blue Cricket Tee T-shirt
48127,48127,data/raw/fashion-product-images-small/images/48127.jpg,Accessories,Wallets,Wallets,Brown,Fossil Women Brown Wallet
6371,6371,data/raw/fashion-product-images-small/images/6371.jpg,Footwear,Shoes,Sports Shoes,Blue,Puma Men's Suede Archive Indigo Blue Shoe
10109,10109,data/raw/fashion-product-images-small/images/10109.jpg,Accessories,Watches,Watches,Steel,Fastrack Women Denim Analogue Steel Watch
32635,32635,data/raw/fashion-product-images-small/images/32635.jpg,Apparel,Bottomwear,Track Pants,Black,Nike Women Legend Slim Poly Black Track Pants
34812,34812,data/raw/fashion-product-images-small/images/34812.jpg,Footwear,Shoes,Sports Shoes,White,ADIDAS Men Phoenix White Sports Shoes
21434,21434,data/raw/fashion-product-images-small/images/21434.jpg,Apparel,Bottomwear,Shorts,Blue,roxy Women Beach Brights Blue Short
33623,33623,data/raw/fashion-product-images-small/images/33623.jpg,Accessories,Wallets,Wallets,Blue,Lino Perros Women Blue Wallet
26838,26838,data/raw/fashion-product-images-small/images/26838.jpg,Apparel,Bottomwear,Trousers,Grey,Highlander Men Light Grey Trousers
25220,25220,data/raw/fashion-product-images-small/images/25220.jpg,Accessories,Bags,Handbags,Purple,Lino Perros Women Leatherette Purple Handbag
13123,13123,data/raw/fashion-product-images-small/images/13123.jpg,Footwear,Shoes,Formal Shoes,Brown,Lee Cooper Men Brown Formal Shoes
45388,45388,data/raw/fashion-product-images-small/images/45388.jpg,Footwear,Shoes,Flats,Bronze,Rocia Women Bronze Flats
39897,39897,data/raw/fashion-product-images-small/images/39897.jpg,Footwear,Sandal,Sports Sandals,Black,ADIDAS Women Black Yorgio Sandals
8620,8620,data/raw/fashion-product-images-small/images/8620.jpg,Accessories,Eyewear,Sunglasses,Purple,Fastrack Men Beach Sunglasses
44664,44664,data/raw/fashion-product-images-small/images/44664.jpg,Apparel,Bottomwear,Trousers,Charcoal,Wills Lifestyle Women Charcoal Trousers
9643,9643,data/raw/fashion-product-images-small/images/9643.jpg,Apparel,Topwear,Shirts,Green,Indigo Nation Men Checks Shirt Green Shirts
12782,12782,data/raw/fashion-product-images-small/images/12782.jpg,Apparel,Topwear,Kurtas,Red,Mother Earth Women Aug Bagru Red Kurtas
32556,32556,data/raw/fashion-product-images-small/images/32556.jpg,Footwear,Shoes,Casual Shoes,Blue,Playboy Men Blue Shoes
18675,18675,data/raw/fashion-product-images-small/images/18675.jpg,Footwear,Shoes,Sports Shoes,White,Fila Men Survivor White Sports Shoes
23776,23776,data/raw/fashion-product-images-small/images/23776.jpg,Accessories,Eyewear,Sunglasses,Black,Oakley Men Black Ducati Sunglasses
45312,45312,data/raw/fashion-product-images-small/images/45312.jpg,Accessories,Belts,Belts,Black,Van Heusen Men Black & Brown Reversible Belt
37578,37578,data/raw/fashion-product-images-small/images/37578.jpg,Accessories,Gloves,Gloves,Green,Madagascar 3 Infant Girls Light Green Mittens
46184,46184,data/raw/fashion-product-images-small/images/46184.jpg,Accessories,Jewellery,Jewellery Set,Green,Adrika Green Teracotta  Jewellery Set
47576,47576,data/raw/fashion-product-images-small/images/47576.jpg,Footwear,Shoes,Heels,Black,Portia Women Black Wedges
29277,29277,data/raw/fashion-product-images-small/images/29277.jpg,Apparel,Topwear,Shirts,Blue,Wrangler Women Salena Blue Shirt
5658,5658,data/raw/fashion-product-images-small/images/5658.jpg,Apparel,Topwear,Tshirts,Mustard,Tantra Men Freddie Mustard T-shirt
47525,47525,data/raw/fashion-product-images-small/images/47525.jpg,Apparel,Innerwear,Briefs,Blue,Facit Men Blue Brief
52326,52326,data/raw/fashion-product-images-small/images/52326.jpg,Accessories,Jewellery,Bangle,White,ToniQ Women White Bangle
22813,22813,data/raw/fashion-product-images-small/images/22813.jpg,Apparel,Topwear,Tshirts,Green,Locomotive Men Green Printed T-shirt
12297,12297,data/raw/fashion-product-images-small/images/12297.jpg,Apparel,Topwear,Shirts,Blue,Genesis Men Stripes Blue Shirts
43777,43777,data/raw/fashion-product-images-small/images/43777.jpg,Accessories,Jewellery,Earrings,White,Royal Diadem Gold & White Earrings
43585,43585,data/raw/fashion-product-images-small/images/43585.jpg,Apparel,Topwear,Tops,Pink,Gini and Jony Girls Pink Top
51011,51011,data/raw/fashion-product-images-small/images/51011.jpg,Apparel,Innerwear,Bra,Lavender,Enamor Lavender Reveal Bra
13114,13114,data/raw/fashion-product-images-small/images/13114.jpg,Footwear,Shoes,Casual Shoes,White,Numero Uno Men Casual White Casual Shoes
21592,21592,data/raw/fashion-product-images-small/images/21592.jpg,Apparel,Bottomwear,Shorts,Grey,Artengo Men Solid Grey Short
48372,48372,data/raw/fashion-product-images-small/images/48372.jpg,Apparel,Topwear,Shirts,Brown,French Connection Men Brown Check Shirt
39127,39127,data/raw/fashion-product-images-small/images/39127.jpg,Apparel,Bottomwear,Leggings,Pink,Aneri Women Dusky Pink Leggings
13845,13845,data/raw/fashion-product-images-small/images/13845.jpg,Apparel,Topwear,Shirts,White,John Miller Men Stripes White Shirts
7817,7817,data/raw/fashion-product-images-small/images/7817.jpg,Apparel,Topwear,Tshirts,Purple,Proline Men Purple Striped Polo T-shirt
46877,46877,data/raw/fashion-product-images-small/images/46877.jpg,Accessories,Socks,Socks,Beige,Lino Perros Men Pack of 2 Socks
54499,54499,data/raw/fashion-product-images-small/images/54499.jpg,Accessories,Bags,Handbags,Brown,Lino Perros Women Brown Handbag
13905,13905,data/raw/fashion-product-images-small/images/13905.jpg,Footwear,Shoes,Sports Shoes,Grey,Nike Men Lunarswift Grey Sports Shoes
30212,30212,data/raw/fashion-product-images-small/images/30212.jpg,Apparel,Topwear,Shirts,Blue,John Miller Men Blue Shirt
10533,10533,data/raw/fashion-product-images-small/images/10533.jpg,Footwear,Shoes,Sports Shoes,Black,New Balance MW631 Men Others Walking Black Sports Shoes
3231,3231,data/raw/fashion-product-images-small/images/3231.jpg,Footwear,Shoes,Casual Shoes,White,Puma Men's Speed Cat White Green Shoe
2238,2238,data/raw/fashion-product-images-small/images/2238.jpg,Footwear,Flip Flops,Flip Flops,Black,Puma Men's Winglet Grey Navy Flip Flop
39997,39997,data/raw/fashion-product-images-small/images/39997.jpg,Accessories,Eyewear,Sunglasses,Black,Park Avenue Men Black Frame Sunglasses
23839,23839,data/raw/fashion-product-images-small/images/23839.jpg,Footwear,Shoes,Casual Shoes,Black,ADIDAS Men Black Rakuni Move Casual Shoes
21591,21591,data/raw/fashion-product-images-small/images/21591.jpg,Apparel,Topwear,Tshirts,Black,United Colors of Benetton Women Solid Black Tshirt
8638,8638,data/raw/fashion-product-images-small/images/8638.jpg,Footwear,Sandal,Sandals,Brown,Crocs Khakhi Sandals
20625,20625,data/raw/fashion-product-images-small/images/20625.jpg,Accessories,Wallets,Wallets,White,Baggit Women Voltage Taj White Wallet
43494,43494,data/raw/fashion-product-images-small/images/43494.jpg,Apparel,Topwear,Tshirts,Blue,French Connection Men Blue T-shirt
28844,28844,data/raw/fashion-product-images-small/images/28844.jpg,Apparel,Topwear,Tshirts,Charcoal,Proline Men Charcoal T-shirt
38544,38544,data/raw/fashion-product-images-small/images/38544.jpg,Footwear,Shoes,Casual Shoes,Black,Puma Men Black Suede Archive Eco Shoes
54009,54009,data/raw/fashion-product-images-small/images/54009.jpg,Accessories,Bags,Handbags,Black,Kiara Women Black Handbag
35587,35587,data/raw/fashion-product-images-small/images/35587.jpg,Footwear,Sandal,Sandals,Brown,Gliders Men Brown Leather Sandals
52204,52204,data/raw/fashion-product-images-small/images/52204.jpg,Accessories,Jewellery,Pendant,Silver,Lencia Sterling Silver Pendant
57137,57137,data/raw/fashion-product-images-small/images/57137.jpg,Apparel,Bottomwear,Trousers,Khaki,Elle Women Khaki Trousers
19800,19800,data/raw/fashion-product-images-small/images/19800.jpg,Apparel,Topwear,Tshirts,Green,U.S. Polo Assn. Men Solid Green Tshirt
8139,8139,data/raw/fashion-product-images-small/images/8139.jpg,Accessories,Watches,Watches,Steel,Fastrack Women Steel-Toned Dial Watch 9733SL04
14905,14905,data/raw/fashion-product-images-small/images/14905.jpg,Accessories,Belts,Belts,Red,United Colors of Benetton Men Stripes Red Belts
28631,28631,data/raw/fashion-product-images-small/images/28631.jpg,Apparel,Bottomwear,Track Pants,Navy Blue,Nike Men Pintuck Navy Blue Track Pants
47046,47046,data/raw/fashion-product-images-small/images/47046.jpg,Apparel,Bottomwear,Salwar,Green,Shree Women Green Jodhpuri Salwar
26810,26810,data/raw/fashion-product-images-small/images/26810.jpg,Apparel,Bottomwear,Trousers,Grey,Arrow Men Grey Flat Front Trousers
25490,25490,data/raw/fashion-product-images-small/images/25490.jpg,Footwear,Shoes,Casual Shoes,White,Nike Women Sweet Classic Leather White Shoes
51383,51383,data/raw/fashion-product-images-small/images/51383.jpg,Apparel,Innerwear,Boxers,Blue,Myntra Men Blue Boxer
52778,52778,data/raw/fashion-product-images-small/images/52778.jpg,Accessories,Wallets,Wallets,Black,Fiorelli Women Black Wallet
45727,45727,data/raw/fashion-product-images-small/images/45727.jpg,Apparel,Topwear,Kurtas,Black,Folklore Women Black Kurta
46987,46987,data/raw/fashion-product-images-small/images/46987.jpg,Accessories,Bags,Handbags,Charcoal,Bulchee Women Charcoal Handbag
20759,20759,data/raw/fashion-product-images-small/images/20759.jpg,Footwear,Shoes,Flats,Brown,Carlton London Women Casual Brown Sandals
4122,4122,data/raw/fashion-product-images-small/images/4122.jpg,Footwear,Shoes,Casual Shoes,Black,Puma Unisex Lo Punk Black Yellow Shoe
27512,27512,data/raw/fashion-product-images-small/images/27512.jpg,Apparel,Innerwear,Briefs,Black,Jockey Lace Stretch Black Bikini Brief
31693,31693,data/raw/fashion-product-images-small/images/31693.jpg,Footwear,Shoes,Formal Shoes,Brown,Ganuchi Men Brown Shoes
52378,52378,data/raw/fashion-product-images-small/images/52378.jpg,Apparel,Loungewear and Nightwear,Nightdress,Lavender,Red Rose Women Lavender Nightdress
53425,53425,data/raw/fashion-product-images-small/images/53425.jpg,Apparel,Topwear,Kurtas,Teal,Alma Women Teal Printed Kurta
39342,39342,data/raw/fashion-product-images-small/images/39342.jpg,Footwear,Shoes,Casual Shoes,Black,Fila Men Zoom Black Shoes
27195,27195,data/raw/fashion-product-images-small/images/27195.jpg,Apparel,Dress,Dresses,Off White,Doodle Kids Girl Printed Off White Dress
17083,17083,data/raw/fashion-product-images-small/images/17083.jpg,Accessories,Wallets,Wallets,Black,Lino Perros Women Denim Black Wallet
18595,18595,data/raw/fashion-product-images-small/images/18595.jpg,Accessories,Wallets,Wallets,Black,New Hide Men Casual Black Wallet
4057,4057,data/raw/fashion-product-images-small/images/4057.jpg,Apparel,Topwear,Tshirts,White,Myntra Men's Nobody Says No To Me White T-shirt
30727,30727,data/raw/fashion-product-images-small/images/30727.jpg,Apparel,Bottomwear,Salwar,Green,Fabindia Girls Green Mangalgiri Salwar
48629,48629,data/raw/fashion-product-images-small/images/48629.jpg,Accessories,Jewellery,Earrings,Gold,Lucera Women Gold Earrings
54143,54143,data/raw/fashion-product-images-small/images/54143.jpg,Footwear,Shoes,Heels,Black,Rocia Women Black Sandals
39961,39961,data/raw/fashion-product-images-small/images/39961.jpg,Footwear,Sandal,Sandals,Brown,GAS Men Brown Madly Sandals
11894,11894,data/raw/fashion-product-images-small/images/11894.jpg,Footwear,Sandal,Sandals,Tan,Franco Leone Men Casual Tan Sandals
52556,52556,data/raw/fashion-product-images-small/images/52556.jpg,Apparel,Bottomwear,Jeans,Blue,Pepe Jeans Women Blue Jeans
49741,49741,data/raw/fashion-product-images-small/images/49741.jpg,Accessories,Ties,Ties,Maroon,Park Avenue Men Maroon Tie
34906,34906,data/raw/fashion-product-images-small/images/34906.jpg,Apparel,Topwear,Dupatta,Rust,Fabindia Rust Kota Dupatta
12259,12259,data/raw/fashion-product-images-small/images/12259.jpg,Apparel,Topwear,Shirts,Grey,Genesis Grey Formal Shirt
58110,58110,data/raw/fashion-product-images-small/images/58110.jpg,Accessories,Jewellery,Earrings,Silver,Rreverie Silver Earrings
42036,42036,data/raw/fashion-product-images-small/images/42036.jpg,Footwear,Flip Flops,Flip Flops,Blue,Nike Men Blue Celso Solarsoft Thong Flip Flops
20606,20606,data/raw/fashion-product-images-small/images/20606.jpg,Accessories,Belts,Belts,Pink,Baggit Women Tickle Taj Pink Belt
14704,14704,data/raw/fashion-product-images-small/images/14704.jpg,Apparel,Topwear,Shirts,Black,Genesis Men Stripes Black Shirts
5068,5068,data/raw/fashion-product-images-small/images/5068.jpg,Accessories,Watches,Watches,Blue,Being Human Men Grey Dial Blue Strap Watch
39296,39296,data/raw/fashion-product-images-small/images/39296.jpg,Footwear,Sandal,Sandals,Tan,Red Chief Men Tan Sandals
26823,26823,data/raw/fashion-product-images-small/images/26823.jpg,Apparel,Bottomwear,Trousers,Grey,Highlander Men Grey Trousers
14453,14453,data/raw/fashion-product-images-small/images/14453.jpg,Footwear,Shoes,Heels,Black,Enroute Women Casual Black Flats
41790,41790,data/raw/fashion-product-images-small/images/41790.jpg,Apparel,Topwear,Tops,Magenta,Remanika Women Magenta Top
50817,50817,data/raw/fashion-product-images-small/images/50817.jpg,Accessories,Wallets,Wallets,Brown,New Hide Men Brown Wallet
28401,28401,data/raw/fashion-product-images-small/images/28401.jpg,Accessories,Eyewear,Sunglasses,Black,Idee Women Black Sunglasses
1164,1164,data/raw/fashion-product-images-small/images/1164.jpg,Apparel,Topwear,Tshirts,Blue,Nike Men Blue T20 Indian Cricket Jersey
22608,22608,data/raw/fashion-product-images-small/images/22608.jpg,Apparel,Topwear,Jackets,Navy Blue,Nike Men Solid Navy Blue Jacket
14135,14135,data/raw/fashion-product-images-small/images/14135.jpg,Accessories,Bags,Handbags,Blue,Nike Women Checks Blue Handbags
4019,4019,data/raw/fashion-product-images-small/images/4019.jpg,Footwear,Shoes,Casual Shoes,Blue,ADIDAS Unisex Check Can MW Blue Shoe
26072,26072,data/raw/fashion-product-images-small/images/26072.jpg,Apparel,Topwear,Shirts,Blue,John Miller Men Striped Blue Shirt
38586,38586,data/raw/fashion-product-images-small/images/38586.jpg,Apparel,Topwear,Tshirts,Pink,Nike Women Pink Crew T-shirt
38432,38432,data/raw/fashion-product-images-small/images/38432.jpg,Accessories,Bags,Mobile Pouch,Red,Baggit Women Red Affair Hoor Mobile Pouch
15860,15860,data/raw/fashion-product-images-small/images/15860.jpg,Footwear,Shoes,Casual Shoes,Navy Blue,Warner Bros Kids Unisex SD Fire Canvas Navy Blue Casual Shoes
26902,26902,data/raw/fashion-product-images-small/images/26902.jpg,Apparel,Topwear,Tops,Lavender,Jealous 21 Women Printed Lavender Top
12109,12109,data/raw/fashion-product-images-small/images/12109.jpg,Apparel,Topwear,Kurtis,White,W Women Printed White Kurtis
51798,51798,data/raw/fashion-product-images-small/images/51798.jpg,Apparel,Loungewear and Nightwear,Nightdress,Gold,Bwitch Golden Coloured Nightdress
53453,53453,data/raw/fashion-product-images-small/images/53453.jpg,Footwear,Shoes,Flats,Grey,Catwalk Women Grey Casual Shoes
17692,17692,data/raw/fashion-product-images-small/images/17692.jpg,Footwear,Shoes,Casual Shoes,Red,Vans Men Rowley Style 99 S Red Casual Shoes
49502,49502,data/raw/fashion-product-images-small/images/49502.jpg,Footwear,Shoes,Casual Shoes,Brown,Vans Men Brown 106 Moc CA LNS Shoes
54724,54724,data/raw/fashion-product-images-small/images/54724.jpg,Apparel,Apparel Set,Kurta Sets,Black,Shree Women Black and Yellow Printed Patiala Kurta Set
20174,20174,data/raw/fashion-product-images-small/images/20174.jpg,Apparel,Topwear,Shirts,Green,Wrangler Men Dark Green Check Shirt
48405,48405,data/raw/fashion-product-images-small/images/48405.jpg,Apparel,Topwear,Tshirts,Grey,French Connection Men Grey Printed T-shirt
28902,28902,data/raw/fashion-product-images-small/images/28902.jpg,Apparel,Innerwear,Briefs,Red,Enamor Women Red Low-Rise Bikini Brief
36444,36444,data/raw/fashion-product-images-small/images/36444.jpg,Footwear,Shoes,Casual Shoes,White,Spinn Men Gen X White Shoes
37003,37003,data/raw/fashion-product-images-small/images/37003.jpg,Accessories,Bags,Handbags,Blue,Lino Perros Women Blue Sling Bag
25880,25880,data/raw/fashion-product-images-small/images/25880.jpg,Accessories,Bags,Backpacks,Black,American Tourister Unisex Black Backpack
14640,14640,data/raw/fashion-product-images-small/images/14640.jpg,Apparel,Topwear,Shirts,White,Probase Men Authentic Check White Shirts
9442,9442,data/raw/fashion-product-images-small/images/9442.jpg,Accessories,Bags,Handbags,Red,Nike Women Graphic Play Red Bag
20522,20522,data/raw/fashion-product-images-small/images/20522.jpg,Accessories,Bags,Handbags,Black,Baggit Women Hail Taj Black Handbag
19717,19717,data/raw/fashion-product-images-small/images/19717.jpg,Apparel,Topwear,Shirts,Blue,United Colors of Benetton Men Check Blue Shirt
24870,24870,data/raw/fashion-product-images-small/images/24870.jpg,Accessories,Mufflers,Mufflers,Brown,Reid & Taylor Men Brown Muffler
27369,27369,data/raw/fashion-product-images-small/images/27369.jpg,Apparel,Topwear,Tshirts,Blue,Tantra Men Hippy Blue T-shirt
36890,36890,data/raw/fashion-product-images-small/images/36890.jpg,Accessories,Belts,Belts,Brown,Fossil Men Brown Hanover
54113,54113,data/raw/fashion-product-images-small/images/54113.jpg,Footwear,Shoes,Heels,Silver,Rocia Women Silver Flats
48471,48471,data/raw/fashion-product-images-small/images/48471.jpg,Apparel,Dress,Dresses,Purple,French Connection Purple Dress
10713,10713,data/raw/fashion-product-images-small/images/10713.jpg,Apparel,Bottomwear,Capris,Blue,Nike Women Blue Dri-Fit Capris
53072,53072,data/raw/fashion-product-images-small/images/53072.jpg,Accessories,Bags,Clutches,Black,Rocia Women Black Clutch
33777,33777,data/raw/fashion-product-images-small/images/33777.jpg,Accessories,Socks,Socks,White,Puma Unisex Retro Pack of 2 Socks
20063,20063,data/raw/fashion-product-images-small/images/20063.jpg,Accessories,Mufflers,Mufflers,Black,United Colors Of Benetton Women Black Muffler
18773,18773,data/raw/fashion-product-images-small/images/18773.jpg,Accessories,Ties,Ties,Navy Blue,Peter England Men Elite Navy Blue Tie
12473,12473,data/raw/fashion-product-images-small/images/12473.jpg,Footwear,Shoes,Formal Shoes,Black,Clarks Men Leather Black Formal Shoes
30284,30284,data/raw/fashion-product-images-small/images/30284.jpg,Accessories,Eyewear,Sunglasses,Brown,Speedo Men Sheet Sunglasses
51423,51423,data/raw/fashion-product-images-small/images/51423.jpg,Apparel,Topwear,Shirts,Orange,Myntra Men Orange Check Shirt
24670,24670,data/raw/fashion-product-images-small/images/24670.jpg,Footwear,Shoes,Casual Shoes,White,Converse Unisex Floral Print Casual Shoes
4086,4086,data/raw/fashion-product-images-small/images/4086.jpg,Apparel,Topwear,Tshirts,Navy Blue,Classic Polo Men's Navy With White Stripes T-shirt
6206,6206,data/raw/fashion-product-images-small/images/6206.jpg,Apparel,Topwear,Tshirts,Pink,Lee Men's Palm Pink T-shirt
33353,33353,data/raw/fashion-product-images-small/images/33353.jpg,Footwear,Shoes,Formal Shoes,Black,Homme Men Black Formal Oxford Shoes
36069,36069,data/raw/fashion-product-images-small/images/36069.jpg,Accessories,Bags,Duffel Bag,Beige,OTLS Unisex Beige Duffle Bag
53376,53376,data/raw/fashion-product-images-small/images/53376.jpg,Accessories,Wallets,Wallets,White,Puma Women White Ferrari Wallet
27437,27437,data/raw/fashion-product-images-small/images/27437.jpg,Apparel,Topwear,Tops,Green,Jockey Women Green Racerback Tank Top
11541,11541,data/raw/fashion-product-images-small/images/11541.jpg,Apparel,Topwear,Kurtas,Blue,W Women Printed Blue Kurtas
11126,11126,data/raw/fashion-product-images-small/images/11126.jpg,Apparel,Bottomwear,Track Pants,Blue,Urban Yoga Women Solid Blue Track Pants
51655,51655,data/raw/fashion-product-images-small/images/51655.jpg,Accessories,Watches,Watches,Black,Fossil Men Black Dial Chronograph Watch CH2800
13965,13965,data/raw/fashion-product-images-small/images/13965.jpg,Apparel,Topwear,Tshirts,Blue,Inkfruit Men Printed Blue Tshirts
13558,13558,data/raw/fashion-product-images-small/images/13558.jpg,Footwear,Shoes,Flats,Navy Blue,Carlton London Women Navy Blue Flat Shoes
23311,23311,data/raw/fashion-product-images-small/images/23311.jpg,Apparel,Topwear,Kurtas,Red,W Women Red Kurta
2342,2342,data/raw/fashion-product-images-small/images/2342.jpg,Apparel,Topwear,Tshirts,Green,Reebok Men Basil Green & White Polo T-shirt
12705,12705,data/raw/fashion-product-images-small/images/12705.jpg,Footwear,Shoes,Sports Shoes,White,Nike Men Air Courtballistic White Sports Shoes
53054,53054,data/raw/fashion-product-images-small/images/53054.jpg,Apparel,Saree,Sarees,Yellow,FNF Yellow Printed Sari
57521,57521,data/raw/fashion-product-images-small/images/57521.jpg,Footwear,Shoes,Casual Shoes,Brown,Provogue Men Brown Casual Shoes
1789,1789,data/raw/fashion-product-images-small/images/1789.jpg,Footwear,Shoes,Sports Shoes,Orange,Lotto Men OSLO Grey-Orange Shoe
11550,11550,data/raw/fashion-product-images-small/images/11550.jpg,Apparel,Topwear,Kurtas,Blue,W Women Printed Blue Kurtas
48521,48521,data/raw/fashion-product-images-small/images/48521.jpg,Apparel,Topwear,Tops,Black,French Connection Women Black  Printed Top
14844,14844,data/raw/fashion-product-images-small/images/14844.jpg,Accessories,Wallets,Wallets,Black,United Colors of Benetton Men Solid Black Wallets
46477,46477,data/raw/fashion-product-images-small/images/46477.jpg,Accessories,Watches,Watches,Steel,Timex Women Steel Watch
49483,49483,data/raw/fashion-product-images-small/images/49483.jpg,Footwear,Shoes,Casual Shoes,Black,Vans Men Black Casual Shoes
43189,43189,data/raw/fashion-product-images-small/images/43189.jpg,Accessories,Watches,Watches,Steel,Fastrack Women Steel Dial Watch
24382,24382,data/raw/fashion-product-images-small/images/24382.jpg,Apparel,Topwear,Kurtas,Maroon,Folklore Women Maroon Printed Kurta
20907,20907,data/raw/fashion-product-images-small/images/20907.jpg,Footwear,Shoes,Heels,Gold,Catwalk Women Casual Gold Sandals
28622,28622,data/raw/fashion-product-images-small/images/28622.jpg,Apparel,Topwear,Tshirts,Black,Nike Men Black Media Polo T-shirt
23321,23321,data/raw/fashion-product-images-small/images/23321.jpg,Apparel,Topwear,Kurtas,Brown,W Women Brown Printed Kurta
28087,28087,data/raw/fashion-product-images-small/images/28087.jpg,Apparel,Innerwear,Briefs,Grey,Jockey Men Gold Edition Grey Brief
13975,13975,data/raw/fashion-product-images-small/images/13975.jpg,Footwear,Flip Flops,Flip Flops,Black,Puma Men Pop Art Black Flip Flops
15549,15549,data/raw/fashion-product-images-small/images/15549.jpg,Accessories,Socks,Socks,Black,Fila Men Pack of 3 Socks
40571,40571,data/raw/fashion-product-images-small/images/40571.jpg,Apparel,Topwear,Kurtas,Beige,W Women Beige Kurta
27359,27359,data/raw/fashion-product-images-small/images/27359.jpg,Apparel,Topwear,Tshirts,Black,Tantra Men After The Fight Black T-shirt
18733,18733,data/raw/fashion-product-images-small/images/18733.jpg,Apparel,Topwear,Tops,Black,Arrow Woman Ann Black Top
6027,6027,data/raw/fashion-product-images-small/images/6027.jpg,Apparel,Topwear,Tshirts,Red,UCB Men's Big Benetton Red T-shirt
45859,45859,data/raw/fashion-product-images-small/images/45859.jpg,Apparel,Topwear,Kurtas,Multi,Vishudh Women Multi Coloured Kurta
46610,46610,data/raw/fashion-product-images-small/images/46610.jpg,Footwear,Shoes,Heels,Blue,Catwalk Women Blue Flats
45385,45385,data/raw/fashion-product-images-small/images/45385.jpg,Footwear,Shoes,Flats,Bronze,Rocia Women Bronze Sandals
20305,20305,data/raw/fashion-product-images-small/images/20305.jpg,Apparel,Topwear,Sweaters,Magenta,Jealous 21 Women Solid Magenta Sweater
25699,25699,data/raw/fashion-product-images-small/images/25699.jpg,Apparel,Topwear,Tops,Navy Blue,Mumbai Slang Women Printed Navy Blue Top
18687,18687,data/raw/fashion-product-images-small/images/18687.jpg,Apparel,Innerwear,Briefs,Black,Hanes Women Pack of Three 100% Cotton Plain Hipsters
39464,39464,data/raw/fashion-product-images-small/images/39464.jpg,Apparel,Topwear,Kurtas,Multi,Diva Women Multi Coloured Kurta
9955,9955,data/raw/fashion-product-images-small/images/9955.jpg,Apparel,Topwear,Tshirts,Blue,Nike Men Blue Polo Tshirts
24688,24688,data/raw/fashion-product-images-small/images/24688.jpg,Footwear,Sandal,Sandals,Black,Lee Cooper Men Basic Black Sandals
14072,14072,data/raw/fashion-product-images-small/images/14072.jpg,Apparel,Topwear,Tshirts,White,Flying Machine Women Printed White Tshirts
28922,28922,data/raw/fashion-product-images-small/images/28922.jpg,Accessories,Bags,Backpacks,Black,Cabarelli Men Black Backpack
36022,36022,data/raw/fashion-product-images-small/images/36022.jpg,Accessories,Belts,Belts,Black,OTLS Men Black Leather Belt
3739,3739,data/raw/fashion-product-images-small/images/3739.jpg,Accessories,Headwear,Caps,Blue,ADIDAS Men Delhi Daredevil Blue Cap
39527,39527,data/raw/fashion-product-images-small/images/39527.jpg,Accessories,Accessories,Travel Accessory,Black,Peter England Unisex Black Toilet Kit Bag
24522,24522,data/raw/fashion-product-images-small/images/24522.jpg,Apparel,Topwear,Kurtas,Black,Mother Earth Women Black Printed Kurta
14366,14366,data/raw/fashion-product-images-small/images/14366.jpg,Footwear,Shoes,Heels,Beige,Catwalk Women Casual Beige Heels
40618,40618,data/raw/fashion-product-images-small/images/40618.jpg,Apparel,Topwear,Kurtas,Purple,Span Women Purple Kurta
3944,3944,data/raw/fashion-product-images-small/images/3944.jpg,Apparel,Topwear,Tshirts,White,Jealous 21 Women's White Happy Preetiest T-shirt
52153,52153,data/raw/fashion-product-images-small/images/52153.jpg,Apparel,Topwear,Tops,Sea Green,Femella Women Green Top
23881,23881,data/raw/fashion-product-images-small/images/23881.jpg,Apparel,Topwear,Tshirts,Black,Puma Men Black Ferrari Logo T-Shirt
27463,27463,data/raw/fashion-product-images-small/images/27463.jpg,Apparel,Innerwear,Briefs,Black,Jockey Women Black Hip Brief
34592,34592,data/raw/fashion-product-images-small/images/34592.jpg,Apparel,Dress,Dresses,Black,Tonga Women Printed Black Dress
11958,11958,data/raw/fashion-product-images-small/images/11958.jpg,Footwear,Shoes,Casual Shoes,Black,Ganuchi Men Casual Black Casual Shoes
53824,53824,data/raw/fashion-product-images-small/images/53824.jpg,Apparel,Topwear,Tunics,Black,Ayaanay_Women_New_2013_Tunics_Size_Chart.jpg
58027,58027,data/raw/fashion-product-images-small/images/58027.jpg,Accessories,Jewellery,Earrings,Silver,Rreverie Silver Earrings
15015,15015,data/raw/fashion-product-images-small/images/15015.jpg,Apparel,Topwear,Sweatshirts,Black,ADIDAS Men Printed Black Sweatshirts
11239,11239,data/raw/fashion-product-images-small/images/11239.jpg,Apparel,Bottomwear,Jeans,Black,Flying Machine Women Low Rise Black Jeans
19020,19020,data/raw/fashion-product-images-small/images/19020.jpg,Footwear,Shoes,Heels,Gold,Catwalk Women Gold Strap Heels
40305,40305,data/raw/fashion-product-images-small/images/40305.jpg,Footwear,Sandal,Sandals,Brown,Warner Bros Kids Unisex Brown sandals
50559,50559,data/raw/fashion-product-images-small/images/50559.jpg,Apparel,Innerwear,Innerwear Vests,White,Chromozome Men White Innerwear T-shirt
57974,57974,data/raw/fashion-product-images-small/images/57974.jpg,Apparel,Saree,Sarees,Multi,Prafful Multi Coloured Sari
21355,21355,data/raw/fashion-product-images-small/images/21355.jpg,Accessories,Eyewear,Sunglasses,Silver,Van Heusen Women Casual Silver Frame Sunglasses
17531,17531,data/raw/fashion-product-images-small/images/17531.jpg,Accessories,Headwear,Caps,Navy Blue,ADIDAS Unisex Sports Navy Blue Caps
29288,29288,data/raw/fashion-product-images-small/images/29288.jpg,Apparel,Topwear,Shirts,Black,Wrangler Men Griffith Black Shirt
33425,33425,data/raw/fashion-product-images-small/images/33425.jpg,Accessories,Bags,Handbags,Brown,Baggit Women Brown Sling Bag
26143,26143,data/raw/fashion-product-images-small/images/26143.jpg,Apparel,Bottomwear,Trousers,Charcoal,John Miller Men Charcoal Trousers
8440,8440,data/raw/fashion-product-images-small/images/8440.jpg,Apparel,Topwear,Tshirts,Pink,Jealous 21 Women Jealous Mabel Pink T-shirt
38298,38298,data/raw/fashion-product-images-small/images/38298.jpg,Accessories,Wallets,Wallets,Brown,Reid & Taylor Men Brown Wallet
13520,13520,data/raw/fashion-product-images-small/images/13520.jpg,Apparel,Topwear,Sweaters,Purple,Jealous 21 Women Solid Purple Sweaters
32178,32178,data/raw/fashion-product-images-small/images/32178.jpg,Footwear,Shoes,Sports Shoes,White,ADIDAS Men Vermont White Sports Shoes
34693,34693,data/raw/fashion-product-images-small/images/34693.jpg,Apparel,Bottomwear,Shorts,Pink,Allen Solly Kids Girls Poplin Pink Shorts
29202,29202,data/raw/fashion-product-images-small/images/29202.jpg,Accessories,Socks,Socks,White,Fila Men White Socks
48367,48367,data/raw/fashion-product-images-small/images/48367.jpg,Apparel,Topwear,Shirts,White,French Connection Men White & Black Check Shirt
53802,53802,data/raw/fashion-product-images-small/images/53802.jpg,Apparel,Topwear,Tshirts,Black,Puma Men Black T-shirt
51200,51200,data/raw/fashion-product-images-small/images/51200.jpg,Apparel,Innerwear,Bra,Pink,Enamor Women Pink Bra
33205,33205,data/raw/fashion-product-images-small/images/33205.jpg,Apparel,Topwear,Tops,Orange,Sepia Women Printed Multi Coloured Top
34492,34492,data/raw/fashion-product-images-small/images/34492.jpg,Apparel,Bottomwear,Skirts,Black,Van Heusen Woman Black Skirt
32721,32721,data/raw/fashion-product-images-small/images/32721.jpg,Apparel,Innerwear,Briefs,White,Facit Men White Trenz Brief
25295,25295,data/raw/fashion-product-images-small/images/25295.jpg,Accessories,Bags,Handbags,Purple,Lino Perros Women Sporty Purple Handbag
16318,16318,data/raw/fashion-product-images-small/images/16318.jpg,Apparel,Topwear,Tshirts,Red,Peter England Men Printed Red TShirt
58603,58603,data/raw/fashion-product-images-small/images/58603.jpg,Accessories,Jewellery,Earrings,Pink,ToniQ Women Multi Coloured Earrings Set
33723,33723,data/raw/fashion-product-images-small/images/33723.jpg,Accessories,Bags,Clutches,Multi,Pieces Women Multi Coloured Purse
27552,27552,data/raw/fashion-product-images-small/images/27552.jpg,Apparel,Topwear,Shirts,Black,Scullers Men Black Shirt
49694,49694,data/raw/fashion-product-images-small/images/49694.jpg,Accessories,Ties,Ties,Blue,Park Avenue Men Blue Tie
11658,11658,data/raw/fashion-product-images-small/images/11658.jpg,Apparel,Topwear,Tshirts,Peach,Lee Women Printed Orange Tshirts
3246,3246,data/raw/fashion-product-images-small/images/3246.jpg,Footwear,Shoes,Casual Shoes,Brown,Puma Men's Benecio Black Coffee Leather Shoe
38983,38983,data/raw/fashion-product-images-small/images/38983.jpg,Apparel,Bottomwear,Trousers,Charcoal,Arrow Men Charcoal Striped Trousers
7317,7317,data/raw/fashion-product-images-small/images/7317.jpg,Apparel,Topwear,Tops,Pink,UCB Women Quarter Sleeve Round Neck Pink Top
17103,17103,data/raw/fashion-product-images-small/images/17103.jpg,Accessories,Wallets,Wallets,Cream,Lino Perros Women Button Flap Cream Wallet
43258,43258,data/raw/fashion-product-images-small/images/43258.jpg,Apparel,Topwear,Kurtas,Multi,Aneri Women Multi Coloured Kurta
21224,21224,data/raw/fashion-product-images-small/images/21224.jpg,Apparel,Topwear,Tshirts,Brown,Basics Men Brown Printed T-shirt
3897,3897,data/raw/fashion-product-images-small/images/3897.jpg,Apparel,Topwear,Tshirts,White,Disney Kids Girl's Pooh And Hearts White Kidswear
6222,6222,data/raw/fashion-product-images-small/images/6222.jpg,Apparel,Topwear,Tshirts,Green,UCB Women's Round Neck Green T-shirt
35575,35575,data/raw/fashion-product-images-small/images/35575.jpg,Footwear,Flip Flops,Flip Flops,Green,Gliders Men Green Esquire Flip Flops
54946,54946,data/raw/fashion-product-images-small/images/54946.jpg,Apparel,Topwear,Tshirts,Cream,Do u speak green Men Cream T-shirt
48552,48552,data/raw/fashion-product-images-small/images/48552.jpg,Accessories,Belts,Belts,Black,Wrangler Men Black Square Ring Canvas Belt
57429,57429,data/raw/fashion-product-images-small/images/57429.jpg,Apparel,Topwear,Tshirts,Blue,Angry Birds Women Blue T-shirt
2141,2141,data/raw/fashion-product-images-small/images/2141.jpg,Apparel,Topwear,Tshirts,Green,Basics Men Green T-shirt
50304,50304,data/raw/fashion-product-images-small/images/50304.jpg,Accessories,Ties,Ties,Red,Park Avenue Men Red Tie
27077,27077,data/raw/fashion-product-images-small/images/27077.jpg,Footwear,Shoes,Heels,Blue,Catwalk Women Blue Heels
34167,34167,data/raw/fashion-product-images-small/images/34167.jpg,Apparel,Dress,Dresses,White,Gini and Jony Girls White Dress
58562,58562,data/raw/fashion-product-images-small/images/58562.jpg,Apparel,Bottomwear,Jeans,Navy Blue,Puma Women Navy Blue Jeans
22228,22228,data/raw/fashion-product-images-small/images/22228.jpg,Apparel,Topwear,Tshirts,Yellow,Little Miss Women Sunshine Yellow T-shirt
21976,21976,data/raw/fashion-product-images-small/images/21976.jpg,Accessories,Bags,Handbags,Red,Murcia Women Casual Red Handbag
35282,35282,data/raw/fashion-product-images-small/images/35282.jpg,Accessories,Watches,Watches,Black,Suunto Vector Coyote Brown Watch
10322,10322,data/raw/fashion-product-images-small/images/10322.jpg,Accessories,Bags,Handbags,Black,Murcia Women Lambretta Black Green Handbags
23519,23519,data/raw/fashion-product-images-small/images/23519.jpg,Accessories,Watches,Watches,Black,ADIDAS Originals Men Black Dial Watch ADH9015
17219,17219,data/raw/fashion-product-images-small/images/17219.jpg,Accessories,Eyewear,Sunglasses,Brown,United Colors of Benetton Men Funky Eyewear Brown Sunglasses
16999,16999,data/raw/fashion-product-images-small/images/16999.jpg,Footwear,Shoes,Flats,Blue,Rocia Women Blue Flats
56953,56953,data/raw/fashion-product-images-small/images/56953.jpg,Footwear,Shoes,Heels,Black,HM Women Black wedges
20691,20691,data/raw/fashion-product-images-small/images/20691.jpg,Footwear,Shoes,Casual Shoes,Brown,Buckaroo Men Brown Vecino Shoes
6423,6423,data/raw/fashion-product-images-small/images/6423.jpg,Footwear,Flip Flops,Flip Flops,Black,Lotto Men's Bavarian Black Yellow Flip Flop
45377,45377,data/raw/fashion-product-images-small/images/45377.jpg,Footwear,Shoes,Heels,Red,Cobblerz Women Red Sandals
22737,22737,data/raw/fashion-product-images-small/images/22737.jpg,Accessories,Bags,Backpacks,Red,Nike Unisex Blended Red Backpacks
28786,28786,data/raw/fashion-product-images-small/images/28786.jpg,Apparel,Topwear,Shirts,Grey,Denizen Men Striped Grey Shirt
17616,17616,data/raw/fashion-product-images-small/images/17616.jpg,Apparel,Topwear,Tshirts,Pink,Doodle Girl Princess Pink Tshirt
25597,25597,data/raw/fashion-product-images-small/images/25597.jpg,Apparel,Apparel Set,Kurta Sets,Red,Vishudh Women Red & Navy Churidar Kurta with Dupatta
33203,33203,data/raw/fashion-product-images-small/images/33203.jpg,Apparel,Dress,Dresses,Beige,Sepia Women Beige Dress
10809,10809,data/raw/fashion-product-images-small/images/10809.jpg,Apparel,Topwear,Shirts,Black,Wrangler Men Mark Rodeo Riveted Black Shirts
4771,4771,data/raw/fashion-product-images-small/images/4771.jpg,Apparel,Topwear,Tshirts,Purple,ADIDAS Women's Purple Polo T-shirt
25681,25681,data/raw/fashion-product-images-small/images/25681.jpg,Accessories,Watches,Watches,Silver,Fastrack Women Silver-Toned Dial Watch NA9734SL02
26620,26620,data/raw/fashion-product-images-small/images/26620.jpg,Footwear,Shoes,Sports Shoes,Black,Puma Men Kevler Runner Black Sports Shoes
45962,45962,data/raw/fashion-product-images-small/images/45962.jpg,Apparel,Topwear,Tops,Yellow,Tokyo Talkies Women Yellow Printed Top
9158,9158,data/raw/fashion-product-images-small/images/9158.jpg,Apparel,Bottomwear,Jeans,Black,Locomotive Men Cade Black Jeans
35138,35138,data/raw/fashion-product-images-small/images/35138.jpg,Accessories,Jewellery,Bracelet,Black,Allen Solly Woman Black Bangle
49009,49009,data/raw/fashion-product-images-small/images/49009.jpg,Accessories,Jewellery,Ring,Silver,Lucera Women Silver Ring
10145,10145,data/raw/fashion-product-images-small/images/10145.jpg,Footwear,Shoes,Formal Shoes,Brown,Rockport Men Drsp Wingtip Brown Formal Shoes
20038,20038,data/raw/fashion-product-images-small/images/20038.jpg,Apparel,Bottomwear,Stockings,Beige,United Colors of Benetton Women Beige Striped Tights
1165,1165,data/raw/fashion-product-images-small/images/1165.jpg,Apparel,Topwear,Tshirts,Blue,Nike Mean Team India Cricket Jersey
4595,4595,data/raw/fashion-product-images-small/images/4595.jpg,Accessories,Bags,Backpacks,Blue,Wildcraft Men Blue & Black Backpack
8741,8741,data/raw/fashion-product-images-small/images/8741.jpg,Apparel,Topwear,Shirts,Navy Blue,Indigo Nation Men Checks Shirt Navy Blue Shirts
3946,3946,data/raw/fashion-product-images-small/images/3946.jpg,Apparel,Topwear,Tshirts,White,Jealous 21 Women's White XOXO T-shirt
50242,50242,data/raw/fashion-product-images-small/images/50242.jpg,Accessories,Bags,Handbags,Orange,Stoln Women Orange Handbag
37562,37562,data/raw/fashion-product-images-small/images/37562.jpg,Apparel,Topwear,Rompers,Green,Madagascar3 Infant Boys Light Green Snapsuit Romper
29879,29879,data/raw/fashion-product-images-small/images/29879.jpg,Accessories,Eyewear,Sunglasses,Green,Mayhem Men Sunglasses 1020-204
3340,3340,data/raw/fashion-product-images-small/images/3340.jpg,Accessories,Headwear,Caps,Blue,ADIDAS Men Mumbai Indians Match Blue Cap
28543,28543,data/raw/fashion-product-images-small/images/28543.jpg,Apparel,Topwear,Tshirts,Grey,Nike Men Bold Stripe Grey T-shirt
37298,37298,data/raw/fashion-product-images-small/images/37298.jpg,Accessories,Watches,Watches,Blue,CASIO Enticer Men Black Dial Analogue Watch A517
12494,12494,data/raw/fashion-product-images-small/images/12494.jpg,Apparel,Topwear,Tops,Grey,United Colors of Benetton Women Short Grey Tops
51531,51531,data/raw/fashion-product-images-small/images/51531.jpg,Accessories,Watches,Watches,Steel,Fastrack Women Steel Dial Watch
57492,57492,data/raw/fashion-product-images-small/images/57492.jpg,Footwear,Shoes,Casual Shoes,Brown,Lee Cooper Men Brown Shoes
3889,3889,data/raw/fashion-product-images-small/images/3889.jpg,Apparel,Topwear,Tshirts,Red,Wrangler Men's Racing Big Print Red T-shirt
46177,46177,data/raw/fashion-product-images-small/images/46177.jpg,Accessories,Jewellery,Necklace and Chains,White,Adrika White Necklace
7351,7351,data/raw/fashion-product-images-small/images/7351.jpg,Apparel,Topwear,Tshirts,Red,Tantra Men's Holiday India Red T-shirt
54177,54177,data/raw/fashion-product-images-small/images/54177.jpg,Accessories,Bags,Handbags,Yellow,Kiara Women Beige & Yellow Handbag
6398,6398,data/raw/fashion-product-images-small/images/6398.jpg,Footwear,Sandal,Sandals,Black,Lotto Men Rebel Black Floater
6374,6374,data/raw/fashion-product-images-small/images/6374.jpg,Footwear,Shoes,Casual Shoes,Red,Numero Uno Men's Canvas Red Shoe
8251,8251,data/raw/fashion-product-images-small/images/8251.jpg,Accessories,Bags,Handbags,White,Fastrack Women White Handbag
13584,13584,data/raw/fashion-product-images-small/images/13584.jpg,Apparel,Innerwear,Innerwear Vests,Beige,Hanes Men Half Sleeve Crew Pack of 3 Beige Innerwear T-shirts
19811,19811,data/raw/fashion-product-images-small/images/19811.jpg,Apparel,Topwear,Sweatshirts,Black,U.S. Polo Assn. Men Solid Black Sweatshirt
2348,2348,data/raw/fashion-product-images-small/images/2348.jpg,Apparel,Topwear,Tshirts,Blue,Reebok Men Basketball Blue T-shirt
28814,28814,data/raw/fashion-product-images-small/images/28814.jpg,Apparel,Bottomwear,Jeans,Blue,Denizen Men Blue Jeans
36735,36735,data/raw/fashion-product-images-small/images/36735.jpg,Apparel,Topwear,Tshirts,Multi,Spykar Women Cult Multi T-shirt
15005,15005,data/raw/fashion-product-images-small/images/15005.jpg,Apparel,Topwear,Jackets,Grey,ADIDAS Men Solid Grey Jackets
10445,10445,data/raw/fashion-product-images-small/images/10445.jpg,Apparel,Bottomwear,Jeans,Blue,Flying Machine Men Midrise Blue Jeans
4685,4685,data/raw/fashion-product-images-small/images/4685.jpg,Accessories,Bags,Backpacks,Black,ADIDAS BP Classic Black Unisex Backpack
25664,25664,data/raw/fashion-product-images-small/images/25664.jpg,Accessories,Watches,Watches,Pink,Fastrack Women Pink Dial Watch
2654,2654,data/raw/fashion-product-images-small/images/2654.jpg,Accessories,Bags,Handbags,Red,Murcia Women Basket Bag Assorted Bag
38184,38184,data/raw/fashion-product-images-small/images/38184.jpg,Accessories,Eyewear,Sunglasses,Metallic,Miami Blues Women Sunglasses
16230,16230,data/raw/fashion-product-images-small/images/16230.jpg,Apparel,Bottomwear,Tracksuits,Grey,Puma Men Tricot Graphic Grey Tracksuit
50885,50885,data/raw/fashion-product-images-small/images/50885.jpg,Apparel,Saree,Sarees,Multi,Prafful Multi Coloured Crepe Printed Sari
37167,37167,data/raw/fashion-product-images-small/images/37167.jpg,Apparel,Topwear,Waistcoat,Grey,United Colors of Benetton Boys Check Grey Waistcoat
42349,42349,data/raw/fashion-product-images-small/images/42349.jpg,Apparel,Bottomwear,Leggings,Red,Flying Machine Women Red Leggings
18756,18756,data/raw/fashion-product-images-small/images/18756.jpg,Apparel,Topwear,Shirts,Blue,Arrow Woman Kiro Blue Shirt
43052,43052,data/raw/fashion-product-images-small/images/43052.jpg,Apparel,Bottomwear,Shorts,Navy Blue,Nike Men Navy Blue Legacy Shorts
48493,48493,data/raw/fashion-product-images-small/images/48493.jpg,Apparel,Bottomwear,Skirts,Black,French Connection Women Black Skirt
35451,35451,data/raw/fashion-product-images-small/images/35451.jpg,Apparel,Topwear,Tops,White,Doodle Girls Printed White Top
22807,22807,data/raw/fashion-product-images-small/images/22807.jpg,Apparel,Topwear,Tshirts,Blue,Locomotive Men Blue Printed T-shirt
3328,3328,data/raw/fashion-product-images-small/images/3328.jpg,Apparel,Topwear,Tshirts,Red,KXIP Mens Fangear Tee
31859,31859,data/raw/fashion-product-images-small/images/31859.jpg,Accessories,Watches,Watches,Black,Titan Edge Men Black Dial Watch
12814,12814,data/raw/fashion-product-images-small/images/12814.jpg,Footwear,Shoes,Casual Shoes,Navy Blue,Puma Unisex 917 Lo Navy Blue Casual Shoes
50298,50298,data/raw/fashion-product-images-small/images/50298.jpg,Accessories,Ties,Ties,Purple,Parx Men Purple Tie
19246,19246,data/raw/fashion-product-images-small/images/19246.jpg,Apparel,Topwear,Jackets,Blue,Puma Men Foundation Padded Blue Jacket
7575,7575,data/raw/fashion-product-images-small/images/7575.jpg,Footwear,Shoes,Sports Shoes,White,Nike Women's Air Max 90 White Shoe
18492,18492,data/raw/fashion-product-images-small/images/18492.jpg,Footwear,Flip Flops,Flip Flops,Blue,Puma Men Danny Blue Slipper
18038,18038,data/raw/fashion-product-images-small/images/18038.jpg,Accessories,Bags,Handbags,Pink,Lino Perros Women Printed Pink Handbag
47474,47474,data/raw/fashion-product-images-small/images/47474.jpg,Footwear,Flip Flops,Flip Flops,Black,Tiptopp Women Black Flats
12811,12811,data/raw/fashion-product-images-small/images/12811.jpg,Apparel,Bottomwear,Track Pants,Black,Nike Men Dri-Fit Black Track Pants
24739,24739,data/raw/fashion-product-images-small/images/24739.jpg,Accessories,Bags,Handbags,Brown,Murcia Women Laser Cut Brown Handbag
6227,6227,data/raw/fashion-product-images-small/images/6227.jpg,Apparel,Topwear,Tshirts,Yellow,Lee Men's Grey Yellowbrass T-shirt
35684,35684,data/raw/fashion-product-images-small/images/35684.jpg,Footwear,Shoes,Casual Shoes,White,U.S. Polo Assn. Men Casual White Casual Shoes
3142,3142,data/raw/fashion-product-images-small/images/3142.jpg,Apparel,Topwear,Tshirts,Black,Inkfruit Men's Music Till Death Black T-shirt
59376,59376,data/raw/fashion-product-images-small/images/59376.jpg,Apparel,Topwear,Kurtas,Green,Vishudh Women Green Printed Kurta
32208,32208,data/raw/fashion-product-images-small/images/32208.jpg,Apparel,Topwear,Kurtas,Orange,Fabindia Women Orange Kurta
52920,52920,data/raw/fashion-product-images-small/images/52920.jpg,Apparel,Saree,Sarees,White,FNF Printed White Sari
23760,23760,data/raw/fashion-product-images-small/images/23760.jpg,Accessories,Eyewear,Sunglasses,Black,Oakley Men Fives Black Sunglasses
2509,2509,data/raw/fashion-product-images-small/images/2509.jpg,Footwear,Shoes,Casual Shoes,Grey,Numero Uno Men's Casual Grey Shoes
33029,33029,data/raw/fashion-product-images-small/images/33029.jpg,Apparel,Topwear,Kurtis,Off White,Mother Earth Women Printed Off White Kurti
36389,36389,data/raw/fashion-product-images-small/images/36389.jpg,Accessories,Socks,Socks,Grey,Reid & Taylor Men Grey Socks
32633,32633,data/raw/fashion-product-images-small/images/32633.jpg,Apparel,Bottomwear,Capris,Black,Nike Women Black Legend Slim Capris
14105,14105,data/raw/fashion-product-images-small/images/14105.jpg,Apparel,Topwear,Tshirts,Blue,Flying Machine Men Stripes Blue Tshirts
8266,8266,data/raw/fashion-product-images-small/images/8266.jpg,Accessories,Bags,Backpacks,Black,Fastrack Unisex Black Red Printed Sling Bag
21688,21688,data/raw/fashion-product-images-small/images/21688.jpg,Accessories,Watches,Watches,Silver,Fossil Women Silver-Toned Dial Watch ES1869
42926,42926,data/raw/fashion-product-images-small/images/42926.jpg,Accessories,Wallets,Wallets,White,French Connection Women White Wallet
45144,45144,data/raw/fashion-product-images-small/images/45144.jpg,Accessories,Watches,Watches,Black,CASIO ENTICER Women Black Dial Analogue Watch A443
19250,19250,data/raw/fashion-product-images-small/images/19250.jpg,Accessories,Watches,Watches,White,Guess Women Chronograph White Dial Watch I16540L1
52383,52383,data/raw/fashion-product-images-small/images/52383.jpg,Apparel,Loungewear and Nightwear,Nightdress,White,Red Rose Women White Maxi Nightdress
10846,10846,data/raw/fashion-product-images-small/images/10846.jpg,Apparel,Topwear,Tshirts,Blue,Wrangler Men Falcon Print Blue T-Shirts
25818,25818,data/raw/fashion-product-images-small/images/25818.jpg,Apparel,Topwear,Kurtas,Pink,Diva Women Printed Pink Kurta
9500,9500,data/raw/fashion-product-images-small/images/9500.jpg,Apparel,Topwear,Shirts,Black,John Miller Men white grey check Black Shirts
56878,56878,data/raw/fashion-product-images-small/images/56878.jpg,Footwear,Shoes,Heels,Silver,HM Women Silver Heels
22484,22484,data/raw/fashion-product-images-small/images/22484.jpg,Apparel,Topwear,Tops,Pink,Global Desi Women Printed Pink Top
37480,37480,data/raw/fashion-product-images-small/images/37480.jpg,Accessories,Watches,Watches,White,Esprit Women White Watch
17124,17124,data/raw/fashion-product-images-small/images/17124.jpg,Accessories,Bags,Handbags,Black,Lino Perros Women Golden Strap Black Handbag
16221,16221,data/raw/fashion-product-images-small/images/16221.jpg,Apparel,Bottomwear,Track Pants,Black,Puma Men Heroes Black Track Pant
15554,15554,data/raw/fashion-product-images-small/images/15554.jpg,Accessories,Socks,Socks,White,Fila Women Pack Of 3 White Socks
48944,48944,data/raw/fashion-product-images-small/images/48944.jpg,Accessories,Jewellery,Ring,Steel,Revv Men Steel Ring
25395,25395,data/raw/fashion-product-images-small/images/25395.jpg,Apparel,Innerwear,Innerwear Vests,White,Levis Men White Innerwear T-shirt
30726,30726,data/raw/fashion-product-images-small/images/30726.jpg,Apparel,Topwear,Lehenga Choli,Blue,Fabindia Girls Printed Blue Lehenga Choli
6713,6713,data/raw/fashion-product-images-small/images/6713.jpg,Apparel,Topwear,Tshirts,Navy Blue,Locomotive Men's Round Neck Navy Blue T-shirt
39163,39163,data/raw/fashion-product-images-small/images/39163.jpg,Apparel,Topwear,Kurtas,Black,Aneri Women Black Printed Kurta
27145,27145,data/raw/fashion-product-images-small/images/27145.jpg,Apparel,Innerwear,Bra,White,Miss-T White Bra
18989,18989,data/raw/fashion-product-images-small/images/18989.jpg,Apparel,Topwear,Tshirts,Blue,ADIDAS Originals Men AC Grp Blue Tshirt
43500,43500,data/raw/fashion-product-images-small/images/43500.jpg,Apparel,Topwear,Tshirts,White,French Connection Men White T-shirt
7737,7737,data/raw/fashion-product-images-small/images/7737.jpg,Accessories,Headwear,Caps,Black,Puma Unisex Stripe Cat Black Cap
19575,19575,data/raw/fashion-product-images-small/images/19575.jpg,Apparel,Topwear,Tops,Black,United Colors of Benetton Women Solid Black Top
11756,11756,data/raw/fashion-product-images-small/images/11756.jpg,Apparel,Topwear,Tops,White,Lee Women Solid White Tops
56890,56890,data/raw/fashion-product-images-small/images/56890.jpg,Footwear,Shoes,Heels,Pink,HM Women Pink Flats
12488,12488,data/raw/fashion-product-images-small/images/12488.jpg,Footwear,Shoes,Sandals,Black,Clarks Men Black Leather Sandals
43360,43360,data/raw/fashion-product-images-small/images/43360.jpg,Footwear,Shoes,Sports Shoes,White,Reebok Men White Ultimate Vibe Sports Shoes
19581,19581,data/raw/fashion-product-images-small/images/19581.jpg,Apparel,Topwear,Tshirts,White,United Colors of Benetton Men Printed White Tshirt
37224,37224,data/raw/fashion-product-images-small/images/37224.jpg,Apparel,Topwear,Shirts,Purple,United Colors of Benetton Women Purple Shirt
34915,34915,data/raw/fashion-product-images-small/images/34915.jpg,Apparel,Topwear,Dupatta,Cream,Fabindia Women Cream Dupatta
23158,23158,data/raw/fashion-product-images-small/images/23158.jpg,Apparel,Topwear,Tshirts,Grey,Mark Taylor Men Grey Printed T-shirt
59652,59652,data/raw/fashion-product-images-small/images/59652.jpg,Apparel,Saree,Sarees,Purple,FNF Mustard & Purple Evening Wear Sari
21321,21321,data/raw/fashion-product-images-small/images/21321.jpg,Accessories,Eyewear,Sunglasses,Brown,Louis Philippe Men Sunglasses LP045-C2
54691,54691,data/raw/fashion-product-images-small/images/54691.jpg,Apparel,Topwear,Kurtas,Multi,Shree Women Multicoloured Printed Kurta
56346,56346,data/raw/fashion-product-images-small/images/56346.jpg,Accessories,Watches,Watches,Steel,Fastrack Men Steel Dial Watch
12871,12871,data/raw/fashion-product-images-small/images/12871.jpg,Footwear,Shoes,Formal Shoes,Black,Lee Cooper Men Formal Black Shoes
14788,14788,data/raw/fashion-product-images-small/images/14788.jpg,Accessories,Bags,Handbags,Black,United Colors of Benetton Women Solid Black Handbags
51614,51614,data/raw/fashion-product-images-small/images/51614.jpg,Apparel,Bottomwear,Leggings,White,Kraus Jeans Women White Leggings
24159,24159,data/raw/fashion-product-images-small/images/24159.jpg,Apparel,Topwear,Kurtas,Blue,Aurelia Women Blue Striped Kurta
4914,4914,data/raw/fashion-product-images-small/images/4914.jpg,Apparel,Topwear,Tops,White,Gini and Jony Girl's Gloria White Peach Kidswear
12326,12326,data/raw/fashion-product-images-small/images/12326.jpg,Apparel,Topwear,Shirts,Black,Genesis Black Striped Formal Shirt
48899,48899,data/raw/fashion-product-images-small/images/48899.jpg,Accessories,Jewellery,Pendant,Silver,Lucera Women Silver Pendant with Chain
29241,29241,data/raw/fashion-product-images-small/images/29241.jpg,Footwear,Shoes,Sports Shoes,White,ADIDAS Men Advent White Sports Shoes
28157,28157,data/raw/fashion-product-images-small/images/28157.jpg,Accessories,Eyewear,Sunglasses,Gold,Ray-Ban Men Aviator Sunglasses
19640,19640,data/raw/fashion-product-images-small/images/19640.jpg,Apparel,Topwear,Sweatshirts,Purple,United Colors of Benetton Women Solid Purple Sweatshirt
20145,20145,data/raw/fashion-product-images-small/images/20145.jpg,Apparel,Topwear,Shirts,Green,Wrangler Men Urban Green Shirt
48187,48187,data/raw/fashion-product-images-small/images/48187.jpg,Accessories,Bags,Handbags,Multi,Fossil Women Multi Coloured Handbag
48765,48765,data/raw/fashion-product-images-small/images/48765.jpg,Accessories,Jewellery,Jewellery Set,White,Miki Pearl Women Ivory Jewellery Set
49755,49755,data/raw/fashion-product-images-small/images/49755.jpg,Accessories,Ties,Ties,Blue,Parx Men Blue Tie
48970,48970,data/raw/fashion-product-images-small/images/48970.jpg,Accessories,Jewellery,Ring,Silver,Lucera Women Gold Ring
53455,53455,data/raw/fashion-product-images-small/images/53455.jpg,Footwear,Shoes,Flats,Red,Catwalk Women Red Casual Shoes
14157,14157,data/raw/fashion-product-images-small/images/14157.jpg,Accessories,Cufflinks,Cufflinks,Steel,Belmonte Men Bright Assorted Steel Cufflinks
49049,49049,data/raw/fashion-product-images-small/images/49049.jpg,Accessories,Jewellery,Ring,Silver,Lucera Women Silver Ring
57242,57242,data/raw/fashion-product-images-small/images/57242.jpg,Accessories,Bags,Duffel Bag,Brown,Murcia Women Brown Duffle Bag
51613,51613,data/raw/fashion-product-images-small/images/51613.jpg,Apparel,Bottomwear,Leggings,Blue,Kraus Jeans Women Blue Leggings
50309,50309,data/raw/fashion-product-images-small/images/50309.jpg,Accessories,Ties,Ties,Maroon,Park Avenue Men Maroon Tie
24988,24988,data/raw/fashion-product-images-small/images/24988.jpg,Apparel,Topwear,Tops,Pink,United Colors of Benetton Women Pink Top
22842,22842,data/raw/fashion-product-images-small/images/22842.jpg,Footwear,Shoes,Casual Shoes,Khaki,Woodland Men Khaki Casual Shoes
42118,42118,data/raw/fashion-product-images-small/images/42118.jpg,Apparel,Topwear,Tshirts,Teal,ADIDAS Men Teal T-shirt
3360,3360,data/raw/fashion-product-images-small/images/3360.jpg,Apparel,Topwear,Tshirts,Blue,Myntra Men's I work for money Sky Blue T-shirt
32008,32008,data/raw/fashion-product-images-small/images/32008.jpg,Accessories,Socks,Socks,Black,Playboy Men Black & Green Socks
24053,24053,data/raw/fashion-product-images-small/images/24053.jpg,Apparel,Topwear,Tshirts,Charcoal,Locomotive Men Printed Charcoal T-shirt
44913,44913,data/raw/fashion-product-images-small/images/44913.jpg,Apparel,Bottomwear,Track Pants,White,Puma Men White Track Pants
24482,24482,data/raw/fashion-product-images-small/images/24482.jpg,Footwear,Shoes,Casual Shoes,Black,Red Tape Men Black Casual Shoes
30742,30742,data/raw/fashion-product-images-small/images/30742.jpg,Apparel,Topwear,Nehru Jackets,Blue,Fabindia Men Striped Blue Silk Sleeveless Jacket
43466,43466,data/raw/fashion-product-images-small/images/43466.jpg,Apparel,Loungewear and Nightwear,Night suits,Pink,SDL by Sweet Dreams Women Pink Night suits
28537,28537,data/raw/fashion-product-images-small/images/28537.jpg,Apparel,Topwear,Tshirts,Black,Nike Men Challenger Black T-shirt
14863,14863,data/raw/fashion-product-images-small/images/14863.jpg,Accessories,Jewellery,Necklace and Chains,Red,United Colors of Benetton Women Three Strands Red Necklace
43696,43696,data/raw/fashion-product-images-small/images/43696.jpg,Apparel,Topwear,Tshirts,Yellow,Doodle Boys Printed Yellow T-shirt
10071,10071,data/raw/fashion-product-images-small/images/10071.jpg,Apparel,Topwear,Tshirts,White,Puma Women bling blink tee White Tshirts
11080,11080,data/raw/fashion-product-images-small/images/11080.jpg,Apparel,Topwear,Shirts,Green,Scullers Men Check Green Shirts
48548,48548,data/raw/fashion-product-images-small/images/48548.jpg,Accessories,Belts,Belts,Maroon,Wrangler Women Maroon Belt
13087,13087,data/raw/fashion-product-images-small/images/13087.jpg,Footwear,Shoes,Casual Shoes,Brown,Timberland Unisex Casual Brown Casual Shoes
15275,15275,data/raw/fashion-product-images-small/images/15275.jpg,Accessories,Socks,Socks,White,Nike Men Pack of 3 Sports Socks
14842,14842,data/raw/fashion-product-images-small/images/14842.jpg,Accessories,Wallets,Wallets,Brown,United Colors of Benetton Men Solid Brown Wallets
35045,35045,data/raw/fashion-product-images-small/images/35045.jpg,Apparel,Topwear,Kurtas,Green,Fabindia Women Silk Green Kurta
20326,20326,data/raw/fashion-product-images-small/images/20326.jpg,Apparel,Topwear,Tops,Yellow,Mother Earth Women Printed Yellow Top
41438,41438,data/raw/fashion-product-images-small/images/41438.jpg,Footwear,Shoes,Sports Shoes,White,Lee Cooper Men White Sports Shoes
25090,25090,data/raw/fashion-product-images-small/images/25090.jpg,Accessories,Wallets,Wallets,Brown,Lino Perros Men Leather Brown Wallet
19504,19504,data/raw/fashion-product-images-small/images/19504.jpg,Accessories,Socks,Socks,White,Puma Men Sports Pack of 3 Socks
22459,22459,data/raw/fashion-product-images-small/images/22459.jpg,Apparel,Bottomwear,Leggings,Purple,Myntra Women Purple Leggings
31991,31991,data/raw/fashion-product-images-small/images/31991.jpg,Accessories,Socks,Socks,Brown,Playboy Men Brown Socks
57519,57519,data/raw/fashion-product-images-small/images/57519.jpg,Footwear,Shoes,Casual Shoes,Black,Provogue Men Black Casual Shoes
14482,14482,data/raw/fashion-product-images-small/images/14482.jpg,Footwear,Shoes,Casual Shoes,Black,Flying Machine Men Black Shoes
13752,13752,data/raw/fashion-product-images-small/images/13752.jpg,Apparel,Topwear,Shirts,Blue,Belmonte Men Check Blue Shirts
15776,15776,data/raw/fashion-product-images-small/images/15776.jpg,Apparel,Innerwear,Briefs,Blue,Facit Men Trophy BF Blue Briefs
39932,39932,data/raw/fashion-product-images-small/images/39932.jpg,Accessories,Bags,Laptop Bag,Black,Tortoise Unisex Black Laptop Bag
53880,53880,data/raw/fashion-product-images-small/images/53880.jpg,Footwear,Flip Flops,Flip Flops,Navy Blue,U.S. Polo Assn. Men Navy Blue Flip Flops
17153,17153,data/raw/fashion-product-images-small/images/17153.jpg,Apparel,Topwear,Jackets,Khaki,U.S. Polo Assn. Men Solid Lt.khaki Jacket
50218,50218,data/raw/fashion-product-images-small/images/50218.jpg,Accessories,Belts,Belts,Red,Stoln Women Red Belt
58179,58179,data/raw/fashion-product-images-small/images/58179.jpg,Accessories,Bags,Handbags,Blue,Rocky S Women Blue Handbag
41753,41753,data/raw/fashion-product-images-small/images/41753.jpg,Apparel,Topwear,Tshirts,Red,Doodle Boys Printed Red T-shirt
50454,50454,data/raw/fashion-product-images-small/images/50454.jpg,Apparel,Innerwear,Briefs,Navy Blue,Chromozome Men Navy Blue Briefs
22031,22031,data/raw/fashion-product-images-small/images/22031.jpg,Apparel,Topwear,Kurtas,Blue,Vishudh Women Printed Blue Kurta
46817,46817,data/raw/fashion-product-images-small/images/46817.jpg,Footwear,Shoes,Flats,Black,Catwalk Black Casual Shoes
22502,22502,data/raw/fashion-product-images-small/images/22502.jpg,Footwear,Shoes,Heels,Blue,Catwalk  Women Blue Casual Flats
9124,9124,data/raw/fashion-product-images-small/images/9124.jpg,Footwear,Shoes,Casual Shoes,White,Puma Men Jiyu 2 White Casual Shoes
2026,2026,data/raw/fashion-product-images-small/images/2026.jpg,Apparel,Topwear,Tshirts,Green,ADIDAS Mens Full Deep Green T-shirt
59729,59729,data/raw/fashion-product-images-small/images/59729.jpg,Apparel,Innerwear,Shapewear,Skin,Avirate Beige Wired Corset Shapewear
3870,3870,data/raw/fashion-product-images-small/images/3870.jpg,Apparel,Topwear,Tshirts,White,Wrangler Men's Poster Print Slub Offwhite T-shirt
37210,37210,data/raw/fashion-product-images-small/images/37210.jpg,Apparel,Topwear,Shirts,Multi,United Colors of Benetton Men Check Multi Shirt
18482,18482,data/raw/fashion-product-images-small/images/18482.jpg,Footwear,Shoes,Casual Shoes,White,Puma Men Future Cat White Casual Shoes
37675,37675,data/raw/fashion-product-images-small/images/37675.jpg,Accessories,Bags,Backpacks,Black,American Tourister Black Reversible Backpack
57255,57255,data/raw/fashion-product-images-small/images/57255.jpg,Accessories,Bags,Handbags,Black,Murcia Women Black Handbag
55595,55595,data/raw/fashion-product-images-small/images/55595.jpg,Apparel,Topwear,Shirts,White,Peter England Men Brown Check Shirt
52230,52230,data/raw/fashion-product-images-small/images/52230.jpg,Accessories,Jewellery,Pendant,Silver,Lencia Silver and Black Pendant
4572,4572,data/raw/fashion-product-images-small/images/4572.jpg,Footwear,Shoes,Sports Shoes,White,Nike Men's Air Court MO White Shoe
36987,36987,data/raw/fashion-product-images-small/images/36987.jpg,Accessories,Bags,Clutches,Red,Lino Perros Women Red Clutch
50160,50160,data/raw/fashion-product-images-small/images/50160.jpg,Footwear,Shoes,Heels,Black,Rocia Women Black Wedges
53659,53659,data/raw/fashion-product-images-small/images/53659.jpg,Accessories,Bags,Handbags,Grey,Kiara Women Grey & Brown Handbag
3325,3325,data/raw/fashion-product-images-small/images/3325.jpg,Apparel,Topwear,Tshirts,Red,KXIP Mens Take Down Jersey
18479,18479,data/raw/fashion-product-images-small/images/18479.jpg,Footwear,Shoes,Casual Shoes,White,Puma Men Super Elevate White Casual Shoes
59122,59122,data/raw/fashion-product-images-small/images/59122.jpg,Apparel,Topwear,Jackets,Grey,Just Natural Men Grey Jacket
7734,7734,data/raw/fashion-product-images-small/images/7734.jpg,Accessories,Headwear,Caps,Black,Puma Unisex Ferrari Lifestyle Black Cap
59245,59245,data/raw/fashion-product-images-small/images/59245.jpg,Accessories,Watches,Watches,Black,Titan Men Black Watch
59664,59664,data/raw/fashion-product-images-small/images/59664.jpg,Apparel,Saree,Sarees,Purple,FNF Purple & Blue Printed Sari
44554,44554,data/raw/fashion-product-images-small/images/44554.jpg,Footwear,Sandal,Sandals,Black,Coolers Men Black Sandals
18541,18541,data/raw/fashion-product-images-small/images/18541.jpg,Footwear,Shoes,Flats,Red,Catwalk Women  Red Casual Shoe
20389,20389,data/raw/fashion-product-images-small/images/20389.jpg,Accessories,Bags,Handbags,Brown,Baggit Women Praise Taj Brown Handbag
59916,59916,data/raw/fashion-product-images-small/images/59916.jpg,Apparel,Topwear,Kurtas,Brown,Diva Women Brown Kurta
48153,48153,data/raw/fashion-product-images-small/images/48153.jpg,Accessories,Wallets,Wallets,Teal,Fossil Women Teal Wallet
28202,28202,data/raw/fashion-product-images-small/images/28202.jpg,Accessories,Eyewear,Sunglasses,Black,Ray-Ban Men High Street Sunglasses
13853,13853,data/raw/fashion-product-images-small/images/13853.jpg,Apparel,Topwear,Shirts,Purple,Indigo Nation Men Check Purple Shirts
29006,29006,data/raw/fashion-product-images-small/images/29006.jpg,Accessories,Bags,Backpacks,Black,Cabarelli Men Black Backpack
31444,31444,data/raw/fashion-product-images-small/images/31444.jpg,Apparel,Topwear,Tshirts,Blue,Nike Men Football Blue Jersey
11978,11978,data/raw/fashion-product-images-small/images/11978.jpg,Footwear,Sandal,Sandals,Navy Blue,FILA Men Aruba Navy Blue Sandal
16148,16148,data/raw/fashion-product-images-small/images/16148.jpg,Apparel,Topwear,Tops,Blue,Tokyo Talkies Women Printed Blue Top
52220,52220,data/raw/fashion-product-images-small/images/52220.jpg,Accessories,Jewellery,Necklace and Chains,Grey,Lencia Grey Swarovski Pearl Necklace
22244,22244,data/raw/fashion-product-images-small/images/22244.jpg,Footwear,Shoes,Casual Shoes,Blue,ID Men Blue Casual Shoes
29955,29955,data/raw/fashion-product-images-small/images/29955.jpg,Accessories,Eyewear,Sunglasses,Steel,Cat Men Steel Sunglasses
41759,41759,data/raw/fashion-product-images-small/images/41759.jpg,Apparel,Dress,Dresses,Navy Blue,Doodle Girls Navy Blue Dress
3737,3737,data/raw/fashion-product-images-small/images/3737.jpg,Accessories,Headwear,Caps,Purple,Lotto Unisex Kochi Tuskers Sovenior Purple Orange Cap
27545,27545,data/raw/fashion-product-images-small/images/27545.jpg,Apparel,Topwear,Shirts,Black,Scullers Men Check Black Shirt
44710,44710,data/raw/fashion-product-images-small/images/44710.jpg,Footwear,Flip Flops,Flip Flops,Green,Lotto Men Green Surf Island Flip Flop
44568,44568,data/raw/fashion-product-images-small/images/44568.jpg,Footwear,Sandal,Sandals,Brown,Coolers Men Brown Sandals
51000,51000,data/raw/fashion-product-images-small/images/51000.jpg,Apparel,Innerwear,Bra,Maroon,Enamor Maroon Bra FB06
26414,26414,data/raw/fashion-product-images-small/images/26414.jpg,Apparel,Topwear,Shirts,Green,Turtle Men Check Green Shirt
9916,9916,data/raw/fashion-product-images-small/images/9916.jpg,Accessories,Bags,Duffel Bag,White,Puma Women Core Lite Grip White Duffle Bag
47334,47334,data/raw/fashion-product-images-small/images/47334.jpg,Accessories,Bags,Handbags,Olive,Baggit Women Olive Handbag
33398,33398,data/raw/fashion-product-images-small/images/33398.jpg,Accessories,Wallets,Wallets,Purple,Baggit Women Bonkers Baby Purple Wallet
56986,56986,data/raw/fashion-product-images-small/images/56986.jpg,Footwear,Shoes,Heels,Black,HM Women Black Wedges
11885,11885,data/raw/fashion-product-images-small/images/11885.jpg,Footwear,Shoes,Formal Shoes,Blue,Franco Leone Men Formal Blue Formal Shoes
16248,16248,data/raw/fashion-product-images-small/images/16248.jpg,Footwear,Flip Flops,Flip Flops,Black,Crocs Patricia Women Black Sandal
39286,39286,data/raw/fashion-product-images-small/images/39286.jpg,Footwear,Sandal,Sandals,Tan,Red Chief Men Tan Sandals
39264,39264,data/raw/fashion-product-images-small/images/39264.jpg,Footwear,Shoes,Formal Shoes,Black,Red Chief Men Black Formal Shoes
59616,59616,data/raw/fashion-product-images-small/images/59616.jpg,Apparel,Saree,Sarees,Purple,FNF Purple Wedding Collection Sari
2892,2892,data/raw/fashion-product-images-small/images/2892.jpg,Footwear,Shoes,Heels,White,Catwalk Women Flat Zip White Flats
32203,32203,data/raw/fashion-product-images-small/images/32203.jpg,Apparel,Topwear,Kurtas,Blue,Fabindia Men Printed Blue Kurta
4782,4782,data/raw/fashion-product-images-small/images/4782.jpg,Apparel,Topwear,Tshirts,Black,ADIDAS Women's V Neck With Crystal Black T-shirt
56231,56231,data/raw/fashion-product-images-small/images/56231.jpg,Apparel,Loungewear and Nightwear,Night suits,Grey,SDL by Sweet Dreams Men Grey Pyjama Set
27178,27178,data/raw/fashion-product-images-small/images/27178.jpg,Apparel,Topwear,Shirts,Grey,Mark Taylor Men Striped Grey Shirt
8786,8786,data/raw/fashion-product-images-small/images/8786.jpg,Apparel,Topwear,Shirts,Blue,Scullers Men Blue & Green Check Shirt
8108,8108,data/raw/fashion-product-images-small/images/8108.jpg,Accessories,Watches,Watches,Black,Fastrack Men Tween Analg Black Watch
15770,15770,data/raw/fashion-product-images-small/images/15770.jpg,Apparel,Innerwear,Briefs,Grey,Facit Men Grey Briefs
6627,6627,data/raw/fashion-product-images-small/images/6627.jpg,Footwear,Shoes,Sports Shoes,Black,ADIDAS Men's Morin Black Shoe
29558,29558,data/raw/fashion-product-images-small/images/29558.jpg,Footwear,Shoes,Casual Shoes,Black,Vans Unisex Authentic Black & Pink Shoes
12427,12427,data/raw/fashion-product-images-small/images/12427.jpg,Footwear,Shoes,Casual Shoes,Brown,Timberland Men Casual Brown Casual Shoes
8115,8115,data/raw/fashion-product-images-small/images/8115.jpg,Accessories,Watches,Watches,Black,Fastrack Men Hip Hop Analog Steel Black Watch
12013,12013,data/raw/fashion-product-images-small/images/12013.jpg,Apparel,Topwear,Shirts,Blue,Mark Taylor Men Blue Striped Shirts
33186,33186,data/raw/fashion-product-images-small/images/33186.jpg,Apparel,Topwear,Tops,Purple,Sepia Women Purple Top
49845,49845,data/raw/fashion-product-images-small/images/49845.jpg,Accessories,Watches,Watches,White,Q&Q Women White Dial Analog Watch
20464,20464,data/raw/fashion-product-images-small/images/20464.jpg,Accessories,Wallets,Wallets,Purple,Baggit Women Famous Taj Purple Wallet
17631,17631,data/raw/fashion-product-images-small/images/17631.jpg,Accessories,Bags,Handbags,Grey,Puma Women Fitness Lux Grey Handbag
20672,20672,data/raw/fashion-product-images-small/images/20672.jpg,Apparel,Topwear,Tshirts,Pink,Classic Polo Men Striped Pink Tshirt
4472,4472,data/raw/fashion-product-images-small/images/4472.jpg,Footwear,Shoes,Sports Shoes,Silver,Puma Men's Complete Itana Silver Blue Black Shoe
4697,4697,data/raw/fashion-product-images-small/images/4697.jpg,Accessories,Watches,Watches,Black,ADIDAS Unisex Digital Duramo Black Watch
13758,13758,data/raw/fashion-product-images-small/images/13758.jpg,Apparel,Topwear,Shirts,Green,Belmonte Men Check Green Shirts
23650,23650,data/raw/fashion-product-images-small/images/23650.jpg,Apparel,Topwear,Tshirts,Navy Blue,Disney Men Navy Blue Printed T-shirt
2651,2651,data/raw/fashion-product-images-small/images/2651.jpg,Accessories,Bags,Handbags,White,Murcia Women Non Leather Laptop White Bag
13065,13065,data/raw/fashion-product-images-small/images/13065.jpg,Footwear,Shoes,Casual Shoes,Black,Numero Uno Men Black Casual Shoes
3554,3554,data/raw/fashion-product-images-small/images/3554.jpg,Footwear,Shoes,Casual Shoes,Black,Skechers Men Black Sneakers
19634,19634,data/raw/fashion-product-images-small/images/19634.jpg,Apparel,Topwear,Tops,Black,United Colors of Benetton Women Solid Black Top
49541,49541,data/raw/fashion-product-images-small/images/49541.jpg,Accessories,Bags,Handbags,Black,Rocia Women Black Handbag
20210,20210,data/raw/fashion-product-images-small/images/20210.jpg,Apparel,Topwear,Sweatshirts,Black,Wrangler Women Cowl Black Sweatshirt
56232,56232,data/raw/fashion-product-images-small/images/56232.jpg,Apparel,Loungewear and Nightwear,Night suits,Blue,SDL by Sweet Dreams Men Blue & Grey Pyjama Set
7823,7823,data/raw/fashion-product-images-small/images/7823.jpg,Apparel,Topwear,Tshirts,Grey,Proline Grey Polo T-shirt
13525,13525,data/raw/fashion-product-images-small/images/13525.jpg,Apparel,Topwear,Tunics,White,Scullers For Her Women Instyle White Tunics
2547,2547,data/raw/fashion-product-images-small/images/2547.jpg,Footwear,Flip Flops,Flip Flops,Green,Numero Uno Men's Casual Graphic Green Flip Flop
11420,11420,data/raw/fashion-product-images-small/images/11420.jpg,Apparel,Topwear,Tshirts,Blue,United Colors of Benetton Men Light Winter Blue Tshirts
11157,11157,data/raw/fashion-product-images-small/images/11157.jpg,Accessories,Ties,Ties,Black,Indigo Nation Men Printed Black Ties
4956,4956,data/raw/fashion-product-images-small/images/4956.jpg,Apparel,Topwear,Shirts,Red,Gini and Jony Boy's Kaiser Red Blue Infant Kidswear
43838,43838,data/raw/fashion-product-images-small/images/43838.jpg,Accessories,Jewellery,Earrings,Gold,Royal Diadem Earrings
15900,15900,data/raw/fashion-product-images-small/images/15900.jpg,Footwear,Sandal,Sandals,Blue,Warner Bros Kids Unisex TJ Hit & Chase Flops Blue Slippers
38607,38607,data/raw/fashion-product-images-small/images/38607.jpg,Apparel,Topwear,Tshirts,Yellow,Nike Men Yellow Just Do It T-shirt
49743,49743,data/raw/fashion-product-images-small/images/49743.jpg,Accessories,Ties,Ties,White,Park Avenue Men White Tie
10441,10441,data/raw/fashion-product-images-small/images/10441.jpg,Apparel,Topwear,Shirts,Purple,Flying Machine Men FS Purple Shirts
16625,16625,data/raw/fashion-product-images-small/images/16625.jpg,Apparel,Topwear,Tshirts,Red,Facit Men Smart Red Tshirt
17459,17459,data/raw/fashion-product-images-small/images/17459.jpg,Accessories,Watches,Watches,White,CASIO G-Shock Men White Analogue& Digital Watch G303
14123,14123,data/raw/fashion-product-images-small/images/14123.jpg,Apparel,Bottomwear,Jeans,Blue,Flying Machine Men Washed Blue Jeans
22864,22864,data/raw/fashion-product-images-small/images/22864.jpg,Footwear,Shoes,Casual Shoes,Brown,Woodland Men Camel Casual Shoes
31882,31882,data/raw/fashion-product-images-small/images/31882.jpg,Accessories,Stoles,Stoles,Orange,Fabindia Women Mughal Printed Orange Stole
35162,35162,data/raw/fashion-product-images-small/images/35162.jpg,Footwear,Sandal,Sandals,Brown,Coolers Men Brown Sandals
52072,52072,data/raw/fashion-product-images-small/images/52072.jpg,Apparel,Topwear,Tshirts,Blue,Myntra Men Blue T-shirt
8330,8330,data/raw/fashion-product-images-small/images/8330.jpg,Apparel,Topwear,Tshirts,White,Doodle Boy's Car Print White Green Blue Kidswear
18633,18633,data/raw/fashion-product-images-small/images/18633.jpg,Apparel,Topwear,Tshirts,Navy Blue,Puma Men GP Budg Logo Speed Navy Blue Tshirts
36906,36906,data/raw/fashion-product-images-small/images/36906.jpg,Accessories,Watches,Watches,Grey,Fossil Men Grey Dial Watch ME1114
34301,34301,data/raw/fashion-product-images-small/images/34301.jpg,Apparel,Topwear,Dupatta,Orange,Fabindia Women Orange Tussar Dupatta
48422,48422,data/raw/fashion-product-images-small/images/48422.jpg,Apparel,Topwear,Tshirts,White,French Connection Men White Printed T-shirt
30849,30849,data/raw/fashion-product-images-small/images/30849.jpg,Apparel,Topwear,Kurtas,Navy Blue,Fabindia Women Navy Blue Printed Kurta
35350,35350,data/raw/fashion-product-images-small/images/35350.jpg,Footwear,Shoes,Heels,Pink,Senorita Women Pink Wedges
24162,24162,data/raw/fashion-product-images-small/images/24162.jpg,Apparel,Topwear,Kurtas,White,Aurelia Women White Kurta
28637,28637,data/raw/fashion-product-images-small/images/28637.jpg,Footwear,Shoes,Sports Shoes,Black,Nike Men Air Relentless Black Sports Shoes
49574,49574,data/raw/fashion-product-images-small/images/49574.jpg,Accessories,Belts,Belts,Black,Reid & Taylor Men Black & Brown Reversible Belt
12685,12685,data/raw/fashion-product-images-small/images/12685.jpg,Footwear,Shoes,Casual Shoes,Black,Fila Men Vintage Hi Black Casual Shoes
59563,59563,data/raw/fashion-product-images-small/images/59563.jpg,Accessories,Jewellery,Pendant,Steel,Revv Men Steel Pendant
24257,24257,data/raw/fashion-product-images-small/images/24257.jpg,Footwear,Shoes,Casual Shoes,Navy Blue,Numero Uno Men Navy Blue Casual Shoes
9550,9550,data/raw/fashion-product-images-small/images/9550.jpg,Apparel,Topwear,Tshirts,Black,Nike Men As Explovise Black T-Shirts
8727,8727,data/raw/fashion-product-images-small/images/8727.jpg,Apparel,Topwear,Shirts,Blue,Indigo Nation Men Blue Check Shirt
7277,7277,data/raw/fashion-product-images-small/images/7277.jpg,Apparel,Topwear,Tshirts,Black,Batman Men's Logo Neon Glow Black T-shirt
5773,5773,data/raw/fashion-product-images-small/images/5773.jpg,Apparel,Bottomwear,Shorts,Black,Jealous 21 Women's Black Short
45198,45198,data/raw/fashion-product-images-small/images/45198.jpg,Accessories,Watches,Watches,Silver,CASIO ENTICER Women White Dial Analogue Watch A653
11912,11912,data/raw/fashion-product-images-small/images/11912.jpg,Footwear,Sandal,Sandals,Maroon,Franco Leone Men Casual Maroon Sandals
5130,5130,data/raw/fashion-product-images-small/images/5130.jpg,Apparel,Topwear,Tops,Black,Wrangler Women Woodstock Black White Top
24866,24866,data/raw/fashion-product-images-small/images/24866.jpg,Accessories,Belts,Belts,Black,Reid & Taylor Men Formal Black Belt
24474,24474,data/raw/fashion-product-images-small/images/24474.jpg,Footwear,Shoes,Heels,Black,Inc.5 Women Black Casual Sandals
7970,7970,data/raw/fashion-product-images-small/images/7970.jpg,Footwear,Sandal,Sandals,Brown,Fila Unisex Aqua Gripparre Brown Sandals
15292,15292,data/raw/fashion-product-images-small/images/15292.jpg,Accessories,Bags,Backpacks,Olive,ADIDAS Originals Unisex ST SW Bag Olive Backpacks
58448,58448,data/raw/fashion-product-images-small/images/58448.jpg,Accessories,Watches,Watches,Olive,Fossil Men Olive Green Dial Chronograph Watch FS4660
33624,33624,data/raw/fashion-product-images-small/images/33624.jpg,Accessories,Wallets,Wallets,Brown,Lino Perros Women Brown Wallet
21308,21308,data/raw/fashion-product-images-small/images/21308.jpg,Accessories,Eyewear,Sunglasses,Grey,Celine Dion Women Grey Frame Sunglasses
40698,40698,data/raw/fashion-product-images-small/images/40698.jpg,Footwear,Flip Flops,Flip Flops,Navy Blue,Numero Uno Men Navy Blue Flip Flop
49834,49834,data/raw/fashion-product-images-small/images/49834.jpg,Footwear,Flip Flops,Flip Flops,Black,iPanema Women Black Flip Flops
22599,22599,data/raw/fashion-product-images-small/images/22599.jpg,Apparel,Topwear,Tshirts,Yellow,Nike Women Yellow T-shirt
53417,53417,data/raw/fashion-product-images-small/images/53417.jpg,Apparel,Topwear,Kurtas,Teal,Alma Women Teal Kurta
29649,29649,data/raw/fashion-product-images-small/images/29649.jpg,Apparel,Topwear,Shirts,Blue,Indigo Nation Men Striped Blue Shirt
47125,47125,data/raw/fashion-product-images-small/images/47125.jpg,Footwear,Shoes,Casual Shoes,Blue,Marvel Boys Blue Web Spider Shoes
8898,8898,data/raw/fashion-product-images-small/images/8898.jpg,Apparel,Topwear,Shirts,Blue,Indigo Nation Men Bling Blue Shirts
37073,37073,data/raw/fashion-product-images-small/images/37073.jpg,Accessories,Bags,Handbags,Purple,Lino Perros Women Purple Handbag
45611,45611,data/raw/fashion-product-images-small/images/45611.jpg,Footwear,Shoes,Formal Shoes,Black,Arrow Men Black Formal Shoes
32394,32394,data/raw/fashion-product-images-small/images/32394.jpg,Apparel,Topwear,Shirts,Lavender,Arrow Woman Lavender Shirt
46071,46071,data/raw/fashion-product-images-small/images/46071.jpg,Accessories,Belts,Belts,Black,Lino Perros Men Black Leather Belt
39701,39701,data/raw/fashion-product-images-small/images/39701.jpg,Apparel,Topwear,Shirts,Teal,Spykar Men Ranger Teal Shirt
16149,16149,data/raw/fashion-product-images-small/images/16149.jpg,Apparel,Topwear,Tshirts,White,Tokyo Talkies Women Printed White T-shirt
33250,33250,data/raw/fashion-product-images-small/images/33250.jpg,Apparel,Topwear,Shirts,White,Arrow Men  Green & Blue Check Shirt
20126,20126,data/raw/fashion-product-images-small/images/20126.jpg,Apparel,Topwear,Tops,Blue,Wrangler Women Shadow Blue Top
48035,48035,data/raw/fashion-product-images-small/images/48035.jpg,Accessories,Watches,Watches,Black,Nautica Men Black Dial Chronograph Watch
10856,10856,data/raw/fashion-product-images-small/images/10856.jpg,Apparel,Topwear,Tshirts,Black,Wrangler Men Black Polo Tshirts
31488,31488,data/raw/fashion-product-images-small/images/31488.jpg,Apparel,Bottomwear,Trousers,Black,Black Coffee Men Striped Black Trousers
39314,39314,data/raw/fashion-product-images-small/images/39314.jpg,Apparel,Bottomwear,Skirts,Red,Gini and Jony Girls Red Skirt
40688,40688,data/raw/fashion-product-images-small/images/40688.jpg,Footwear,Shoes,Formal Shoes,Black,Numero Uno Men Black Formal Shoes
29016,29016,data/raw/fashion-product-images-small/images/29016.jpg,Apparel,Topwear,Tshirts,Green,ADIDAS Men Dassler Green T-shirt
33174,33174,data/raw/fashion-product-images-small/images/33174.jpg,Apparel,Topwear,Tops,Green,Sepia Women Printed Green Top
14802,14802,data/raw/fashion-product-images-small/images/14802.jpg,Accessories,Bags,Handbags,Maroon,United Colors of Benetton Women Solid Maroon Handbags
34862,34862,data/raw/fashion-product-images-small/images/34862.jpg,Footwear,Shoes,Casual Shoes,Grey,Vans Men Zapato Del Barco Grey Shoes
40184,40184,data/raw/fashion-product-images-small/images/40184.jpg,Apparel,Topwear,Kurtis,Pink,Mumbai Slang Women Floral Pink Kurti
27862,27862,data/raw/fashion-product-images-small/images/27862.jpg,Apparel,Topwear,Shirts,Navy Blue,Scullers For Her Women Check Navy Blue Shirt
51356,51356,data/raw/fashion-product-images-small/images/51356.jpg,Apparel,Bottomwear,Jeans,Blue,Spykar Women Blue Jeans
6031,6031,data/raw/fashion-product-images-small/images/6031.jpg,Apparel,Topwear,Tshirts,Blue,UCB Women's Basic V Neck Blue T-shirt
28147,28147,data/raw/fashion-product-images-small/images/28147.jpg,Apparel,Innerwear,Innerwear Vests,White,Jockey 24 x 7 Men White Innerwear Vest 9922
41727,41727,data/raw/fashion-product-images-small/images/41727.jpg,Footwear,Shoes,Heels,White,Catwalk Women White Heels
42912,42912,data/raw/fashion-product-images-small/images/42912.jpg,Accessories,Belts,Belts,Red,French Connection Women Red Belt
25355,25355,data/raw/fashion-product-images-small/images/25355.jpg,Apparel,Innerwear,Briefs,Black,Levis Men Black and Blue Brief
7621,7621,data/raw/fashion-product-images-small/images/7621.jpg,Accessories,Socks,Socks,Purple,Wrangler Women's Secret Purple Socks
13124,13124,data/raw/fashion-product-images-small/images/13124.jpg,Footwear,Shoes,Formal Shoes,Tan,Lee Cooper Men Tan Formal Shoes
7007,7007,data/raw/fashion-product-images-small/images/7007.jpg,Apparel,Topwear,Tshirts,Grey,s.Oliver Men's Godfathers Crown Grey T-shirt
42911,42911,data/raw/fashion-product-images-small/images/42911.jpg,Accessories,Belts,Belts,Black,French Connection Women Black Belt
3299,3299,data/raw/fashion-product-images-small/images/3299.jpg,Footwear,Shoes,Sports Shoes,White,Asics Men's Sport White Blue Gel Cushioning Shoe
41152,41152,data/raw/fashion-product-images-small/images/41152.jpg,Apparel,Bottomwear,Skirts,Grey,Allen Solly Woman Grey Skirt
7639,7639,data/raw/fashion-product-images-small/images/7639.jpg,Apparel,Topwear,Tshirts,Grey,Puma Men's Slogan Grey T-shirt
58326,58326,data/raw/fashion-product-images-small/images/58326.jpg,Footwear,Flip Flops,Flip Flops,White,Lotto Women White Flip Flops
30863,30863,data/raw/fashion-product-images-small/images/30863.jpg,Apparel,Topwear,Kurtas,Blue,Fabindia Women Blue Mangalgiri Kurta
58246,58246,data/raw/fashion-product-images-small/images/58246.jpg,Accessories,Wallets,Wallets,Blue,Baggit Women Blue Wallet
21681,21681,data/raw/fashion-product-images-small/images/21681.jpg,Accessories,Watches,Watches,Black,Fossil Men Black Chronograph Watch CH2697
18236,18236,data/raw/fashion-product-images-small/images/18236.jpg,Apparel,Topwear,Tshirts,White,Manchester United Men Solid White Tshirt
13675,13675,data/raw/fashion-product-images-small/images/13675.jpg,Footwear,Shoes,Sports Shoes,Grey,Puma Men TX-3 Running Shoes
28675,28675,data/raw/fashion-product-images-small/images/28675.jpg,Apparel,Topwear,Tshirts,Blue,Proline Men Blue Polo T-shirt
46816,46816,data/raw/fashion-product-images-small/images/46816.jpg,Apparel,Topwear,Tops,Yellow,Gini and Jony Girls Yellow Top
52110,52110,data/raw/fashion-product-images-small/images/52110.jpg,Apparel,Topwear,Kurtas,Sea Green,Myntra Women Sea Green Printed Kurta
23676,23676,data/raw/fashion-product-images-small/images/23676.jpg,Footwear,Sandal,Sandals,Black,Red Tape Men Cross Band Black Sandals
11260,11260,data/raw/fashion-product-images-small/images/11260.jpg,Apparel,Bottomwear,Skirts,Green,Palm Tree Kids Girl Sp Jace Sko Green Skirts
43816,43816,data/raw/fashion-product-images-small/images/43816.jpg,Accessories,Jewellery,Earrings,Olive,Royal Diadem Olive Green Earrings
59570,59570,data/raw/fashion-product-images-small/images/59570.jpg,Accessories,Cufflinks,Cufflinks,Steel,Revv Men Black and White Cufflinks
15335,15335,data/raw/fashion-product-images-small/images/15335.jpg,Apparel,Bottomwear,Shorts,Navy Blue,Nike Men Solid Navy Blue Shorts
50892,50892,data/raw/fashion-product-images-small/images/50892.jpg,Apparel,Saree,Sarees,Maroon,Prafful Red & Green Printed Sari
19364,19364,data/raw/fashion-product-images-small/images/19364.jpg,Footwear,Shoes,Casual Shoes,Black,Redtape Men Calcullas Black Casual Shoes
22686,22686,data/raw/fashion-product-images-small/images/22686.jpg,Accessories,Wallets,Wallets,Grey,Wildcraft Unisex Nylon Grey Passport Pouch
12085,12085,data/raw/fashion-product-images-small/images/12085.jpg,Apparel,Topwear,Kurtas,Red,W Women Printed Red Kurtas
53106,53106,data/raw/fashion-product-images-small/images/53106.jpg,Accessories,Jewellery,Earrings,Silver,Fabindia Silver Earrings
39728,39728,data/raw/fashion-product-images-small/images/39728.jpg,Apparel,Topwear,Shirts,Pink,Arrow Woman Women Pink Shirt
32144,32144,data/raw/fashion-product-images-small/images/32144.jpg,Apparel,Innerwear,Briefs,White,Playboy Men Pack of 2 White Briefs
33973,33973,data/raw/fashion-product-images-small/images/33973.jpg,Apparel,Topwear,Tunics,Blue,Femella Women Printed Blue Tunic
34932,34932,data/raw/fashion-product-images-small/images/34932.jpg,Apparel,Topwear,Dupatta,Pink,Fabindia Pink Dupatta
34095,34095,data/raw/fashion-product-images-small/images/34095.jpg,Apparel,Dress,Dresses,Off White,Doodle Girls Printed Multi Coloured Dress
30081,30081,data/raw/fashion-product-images-small/images/30081.jpg,Accessories,Watches,Watches,Black,Ed Hardy Men Black Watch
23485,23485,data/raw/fashion-product-images-small/images/23485.jpg,Accessories,Scarves,Scarves,Navy Blue,Arrow Men Navy Blue Check Scarf
11284,11284,data/raw/fashion-product-images-small/images/11284.jpg,Apparel,Bottomwear,Jeans,Blue,Wrangler Men Blue Texas Jeans
13323,13323,data/raw/fashion-product-images-small/images/13323.jpg,Apparel,Topwear,Shirts,Green,Gini and Jony Kids Boys Stripes Green Tshirts
8935,8935,data/raw/fashion-product-images-small/images/8935.jpg,Accessories,Wallets,Wallets,Grey,Puma Men big cat Grey Wallet
58538,58538,data/raw/fashion-product-images-small/images/58538.jpg,Accessories,Eyewear,Sunglasses,Steel,Miami Blues Men Sunglasses
5045,5045,data/raw/fashion-product-images-small/images/5045.jpg,Footwear,Shoes,Casual Shoes,Black,Fila Men's Sniper Black Shoe
15940,15940,data/raw/fashion-product-images-small/images/15940.jpg,Accessories,Belts,Belts,Brown,Turtle Men Leather Brown Belts
27049,27049,data/raw/fashion-product-images-small/images/27049.jpg,Accessories,Bags,Clutches,Pink,Yelloe Pink Girly And Fun Clutch
47072,47072,data/raw/fashion-product-images-small/images/47072.jpg,Apparel,Bottomwear,Patiala,Navy Blue,Shree Women Navy Blue Printed Patiala
43705,43705,data/raw/fashion-product-images-small/images/43705.jpg,Accessories,Jewellery,Jewellery Set,White,Royal Diadem White Jewellery Set
9682,9682,data/raw/fashion-product-images-small/images/9682.jpg,Apparel,Topwear,Tshirts,Green,ADIDAS Men Ess F Logo Green T-Shirts
45270,45270,data/raw/fashion-product-images-small/images/45270.jpg,Accessories,Watches,Watches,Silver,CASIO Men Silver-Toned Digital Watch I067
20202,20202,data/raw/fashion-product-images-small/images/20202.jpg,Apparel,Topwear,Sweatshirts,Grey,Wrangler Men Glow Grey Sweatshirt
31267,31267,data/raw/fashion-product-images-small/images/31267.jpg,Apparel,Topwear,Tshirts,Red,Puma Men Hamburg Graphic Red T-shirt
22584,22584,data/raw/fashion-product-images-small/images/22584.jpg,Apparel,Bottomwear,Shorts,Grey,Nike Men Solid Grey Shorts
26180,26180,data/raw/fashion-product-images-small/images/26180.jpg,Footwear,Sandal,Sandals,Gold,Rocia Women Gold Casual Sandals
22137,22137,data/raw/fashion-product-images-small/images/22137.jpg,Footwear,Shoes,Formal Shoes,Brown,Provogue Men Brown Formal Shoes
14020,14020,data/raw/fashion-product-images-small/images/14020.jpg,Apparel,Topwear,Tshirts,Blue,Nike Men Stripes Blue Polo Tshirts
44293,44293,data/raw/fashion-product-images-small/images/44293.jpg,Apparel,Topwear,Shirts,Blue,Indian Terrain Men Blue Check Shirt
50843,50843,data/raw/fashion-product-images-small/images/50843.jpg,Apparel,Topwear,Dupatta,Purple,Fabindia Women Purple Dupatta
59886,59886,data/raw/fashion-product-images-small/images/59886.jpg,Apparel,Topwear,Tops,Brown,Femella Women Brown Tube Top
5537,5537,data/raw/fashion-product-images-small/images/5537.jpg,Footwear,Shoes,Sports Shoes,Black,Nike Men's Free Black White Shoe
33244,33244,data/raw/fashion-product-images-small/images/33244.jpg,Apparel,Topwear,Shirts,Blue,Arrow Men Blue Slim Fit Shirt
6667,6667,data/raw/fashion-product-images-small/images/6667.jpg,Footwear,Shoes,Sports Shoes,Black,Nike Women's Ballista II Black Silver Shoe
19006,19006,data/raw/fashion-product-images-small/images/19006.jpg,Apparel,Topwear,Tshirts,Black,ADIDAS Originals Women Graphic Print Black Tshirt
50689,50689,data/raw/fashion-product-images-small/images/50689.jpg,Apparel,Innerwear,Trunk,Black,Chromozome Men Black Trunks
36063,36063,data/raw/fashion-product-images-small/images/36063.jpg,Accessories,Bags,Backpacks,Olive,OTLS Unisex Olive Green Backpack
22237,22237,data/raw/fashion-product-images-small/images/22237.jpg,Footwear,Shoes,Casual Shoes,Red,ID Men Red Shoes
14719,14719,data/raw/fashion-product-images-small/images/14719.jpg,Apparel,Topwear,Tops,Green,Jealous 21 Women Casual Top Green Tops
35560,35560,data/raw/fashion-product-images-small/images/35560.jpg,Footwear,Sandal,Sandals,White,Enroute Teens White Sandals
29709,29709,data/raw/fashion-product-images-small/images/29709.jpg,Apparel,Topwear,Shirts,Green,John Miller Men Striped Green Shirt
53589,53589,data/raw/fashion-product-images-small/images/53589.jpg,Accessories,Watches,Watches,Black,Q&Q Men Black Dial Watch
24143,24143,data/raw/fashion-product-images-small/images/24143.jpg,Apparel,Topwear,Tshirts,Grey,ADIDAS Men Printed Grey T-shirt
20346,20346,data/raw/fashion-product-images-small/images/20346.jpg,Apparel,Topwear,Sweaters,Pink,Scullers For Her Women Solid Pink Sweater
21544,21544,data/raw/fashion-product-images-small/images/21544.jpg,Accessories,Bags,Handbags,Blue,Kiara Women Small Pocket Blue Handbag
17991,17991,data/raw/fashion-product-images-small/images/17991.jpg,Accessories,Ties,Ties,Maroon,Reid & Taylor Men Printed Maroon Tie
10577,10577,data/raw/fashion-product-images-small/images/10577.jpg,Apparel,Topwear,Tshirts,Black,Puma Women's Ess Black Polo Tshirts
5576,5576,data/raw/fashion-product-images-small/images/5576.jpg,Footwear,Shoes,Sports Shoes,Grey,Nike Men's Free Run Grey Red White Shoe
51781,51781,data/raw/fashion-product-images-small/images/51781.jpg,Apparel,Innerwear,Bra,Grey,Bwitch Grey Lace  Bra
39542,39542,data/raw/fashion-product-images-small/images/39542.jpg,Apparel,Innerwear,Bra,Cream,Bwitch Cream Bra
29262,29262,data/raw/fashion-product-images-small/images/29262.jpg,Footwear,Shoes,Sports Shoes,White,ADIDAS Men Ambition VII Logo White Sports Shoes
51701,51701,data/raw/fashion-product-images-small/images/51701.jpg,Accessories,Eyewear,Sunglasses,Purple,Van Heusen Unisex Purple Sunglasses
28692,28692,data/raw/fashion-product-images-small/images/28692.jpg,Apparel,Topwear,Kurtas,Rust,W Women Printed Rust Kurta
16632,16632,data/raw/fashion-product-images-small/images/16632.jpg,Apparel,Topwear,Tshirts,Red,Facit Men Smart Red Tshirt
5217,5217,data/raw/fashion-product-images-small/images/5217.jpg,Accessories,Bags,Backpacks,Brown,Wildcraft Unisex Brown & Black Backpack
14864,14864,data/raw/fashion-product-images-small/images/14864.jpg,Accessories,Jewellery,Bracelet,Red,United Colors of Benetton Women Funky Red Bracelet
51807,51807,data/raw/fashion-product-images-small/images/51807.jpg,Apparel,Loungewear and Nightwear,Nightdress,Blue,Bwitch Blue Nightdress
43590,43590,data/raw/fashion-product-images-small/images/43590.jpg,Apparel,Topwear,Tshirts,Blue,Gini and Jony Girls Polo Striped Blue T-shirt
41665,41665,data/raw/fashion-product-images-small/images/41665.jpg,Apparel,Topwear,Shirts,Brown,Mark Taylor Men Brown Striped Shirt
20263,20263,data/raw/fashion-product-images-small/images/20263.jpg,Apparel,Topwear,Tshirts,Red,Wrangler Men Rust Red T-shirt
5811,5811,data/raw/fashion-product-images-small/images/5811.jpg,Apparel,Topwear,Tshirts,White,Puma Women's Pop White T-shirt
43316,43316,data/raw/fashion-product-images-small/images/43316.jpg,Apparel,Topwear,Tops,Navy Blue,United Colors of Benetton Women Navy Blue Top
17824,17824,data/raw/fashion-product-images-small/images/17824.jpg,Footwear,Sandal,Sandals,Black,Nike Unisex Air Deschutz Black Sandal
17041,17041,data/raw/fashion-product-images-small/images/17041.jpg,Footwear,Shoes,Casual Shoes,Grey,Gas Men Skate 002 Casual Shoe
40487,40487,data/raw/fashion-product-images-small/images/40487.jpg,Footwear,Shoes,Casual Shoes,Grey,Fila Men Grey & Blue Jaquared Shoes
10727,10727,data/raw/fashion-product-images-small/images/10727.jpg,Accessories,Bags,Handbags,Brown,Murcia Women Dusvatar Brown Brown Handbags
28379,28379,data/raw/fashion-product-images-small/images/28379.jpg,Accessories,Eyewear,Sunglasses,Grey,Idee Men Grey Sunglasses
52405,52405,data/raw/fashion-product-images-small/images/52405.jpg,Apparel,Loungewear and Nightwear,Nightdress,Black,Red Rose Women Black Nightdress
25185,25185,data/raw/fashion-product-images-small/images/25185.jpg,Accessories,Bags,Handbags,Brown,Lino Perros Women Brown Handbag
35915,35915,data/raw/fashion-product-images-small/images/35915.jpg,Accessories,Bags,Handbags,Blue,Peperone Women Blue Handbag
17133,17133,data/raw/fashion-product-images-small/images/17133.jpg,Accessories,Bags,Handbags,Red,Lino Perros Women Golden Buckle Red Handbag
12616,12616,data/raw/fashion-product-images-small/images/12616.jpg,Apparel,Topwear,Tshirts,Peach,Ed Hardy Men Printed Peach Tshirts
4661,4661,data/raw/fashion-product-images-small/images/4661.jpg,Footwear,Shoes,Sports Shoes,Black,ADIDAS Men Elroy Black Sports Shoes
14538,14538,data/raw/fashion-product-images-small/images/14538.jpg,Apparel,Topwear,Kurtis,Black,Vishudh Women Golden Print Black and Blue Kurtis
12620,12620,data/raw/fashion-product-images-small/images/12620.jpg,Apparel,Topwear,Tshirts,Red,Probase Men Printed Red Tshirts
22491,22491,data/raw/fashion-product-images-small/images/22491.jpg,Footwear,Shoes,Sports Shoes,White,ADIDAS Men Response Cushion 20 Sport Shoes
1785,1785,data/raw/fashion-product-images-small/images/1785.jpg,Footwear,Shoes,Sports Shoes,White,Lotto Men Brighton White-Blue Shoe
49937,49937,data/raw/fashion-product-images-small/images/49937.jpg,Apparel,Innerwear,Innerwear Vests,White,Hanes Men White Innerwear T-shirt
39491,39491,data/raw/fashion-product-images-small/images/39491.jpg,Accessories,Wallets,Wallets,Black,Wildcraft Unisex Black Wallet
48201,48201,data/raw/fashion-product-images-small/images/48201.jpg,Accessories,Eyewear,Sunglasses,Grey,United Colors of Benetton Men Grey Sunglasses
22723,22723,data/raw/fashion-product-images-small/images/22723.jpg,Footwear,Shoes,Casual Shoes,Red,Nike Men Toki Canvas Red Casual Shoes
17855,17855,data/raw/fashion-product-images-small/images/17855.jpg,Apparel,Innerwear,Briefs,Navy Blue,Levis Men Boxer Navy Blue Brief
28589,28589,data/raw/fashion-product-images-small/images/28589.jpg,Accessories,Belts,Belts,Brown,Peter England Men Leather Brown Belt
12678,12678,data/raw/fashion-product-images-small/images/12678.jpg,Apparel,Bottomwear,Trousers,Black,Probase Men Check Black Trousers
3670,3670,data/raw/fashion-product-images-small/images/3670.jpg,Footwear,Shoes,Casual Shoes,White,Fila Men's Racing White Red Shoe
6187,6187,data/raw/fashion-product-images-small/images/6187.jpg,Footwear,Flip Flops,Flip Flops,Green,ADIDAS Women's Young Lives Green Flip Flop
21715,21715,data/raw/fashion-product-images-small/images/21715.jpg,Footwear,Shoes,Casual Shoes,Blue,Catwalk Women Blue Casual Shoes
9673,9673,data/raw/fashion-product-images-small/images/9673.jpg,Apparel,Bottomwear,Shorts,Navy Blue,ADIDAS Men Ess 3s Hsj Navy Blue Shorts
25391,25391,data/raw/fashion-product-images-small/images/25391.jpg,Apparel,Innerwear,Innerwear Vests,Maroon,Levis Men Maroon Innerwear T-shirt
11245,11245,data/raw/fashion-product-images-small/images/11245.jpg,Apparel,Bottomwear,Churidar,Black,Urban Yoga Women Solid Black Churidar
19779,19779,data/raw/fashion-product-images-small/images/19779.jpg,Accessories,Mufflers,Mufflers,Grey,United Colors of Benetton Men Casual Grey Muffler
27093,27093,data/raw/fashion-product-images-small/images/27093.jpg,Apparel,Topwear,Kurtas,Multi,Aneri Women Mitu Multi Coloured Kurta
42668,42668,data/raw/fashion-product-images-small/images/42668.jpg,Apparel,Topwear,Kurtas,Green,Alma Women Green Kurta
28706,28706,data/raw/fashion-product-images-small/images/28706.jpg,Apparel,Topwear,Kurtas,Black,W Women Printed Black Kurta
10988,10988,data/raw/fashion-product-images-small/images/10988.jpg,Apparel,Topwear,Tshirts,Pink,Inkfruit Women Flying Advantures Pink Tshirts
29451,29451,data/raw/fashion-product-images-small/images/29451.jpg,Accessories,Watches,Watches,White,Giordano Men White Dial Watch
12497,12497,data/raw/fashion-product-images-small/images/12497.jpg,Apparel,Topwear,Tshirts,White,United Colors of Benetton Men Short White Tshirts
36358,36358,data/raw/fashion-product-images-small/images/36358.jpg,Accessories,Ties,Ties,Red,Reid & Taylor Men Red Tie
3925,3925,data/raw/fashion-product-images-small/images/3925.jpg,Apparel,Topwear,Tshirts,Orange,Wrangler Men's Wanderer's Dream Orange T-shirt
41595,41595,data/raw/fashion-product-images-small/images/41595.jpg,Apparel,Topwear,Shirts,Brown,Basics Men Brown Striped Shirt
11031,11031,data/raw/fashion-product-images-small/images/11031.jpg,Apparel,Topwear,Tops,Blue,Jealous 21 Women Check Blue Tops
49968,49968,data/raw/fashion-product-images-small/images/49968.jpg,Apparel,Innerwear,Innerwear Vests,White,Hanes Men White Innerwear Vest
12118,12118,data/raw/fashion-product-images-small/images/12118.jpg,Apparel,Topwear,Kurtas,Brown,Aurelia Women Solid Rust Brown Kurtas
5724,5724,data/raw/fashion-product-images-small/images/5724.jpg,Footwear,Sandal,Sandals,Black,Reebok Unisex Drive Black Floater
47066,47066,data/raw/fashion-product-images-small/images/47066.jpg,Apparel,Bottomwear,Patiala,Teal,Shree Women Teal Printed Patiala
11140,11140,data/raw/fashion-product-images-small/images/11140.jpg,Accessories,Scarves,Scarves,White,Scullers Women Solid White Scarves
38144,38144,data/raw/fashion-product-images-small/images/38144.jpg,Accessories,Wallets,Wallets,Black,Wildcraft Men Black Wallet
40466,40466,data/raw/fashion-product-images-small/images/40466.jpg,Footwear,Shoes,Casual Shoes,White,Fila Men Rockford White Shoes
28445,28445,data/raw/fashion-product-images-small/images/28445.jpg,Accessories,Bags,Handbags,Pink,Kiara Women Pink Handbag
16315,16315,data/raw/fashion-product-images-small/images/16315.jpg,Apparel,Topwear,Tshirts,Orange,Peter England Men Printed Orange TShirt
13559,13559,data/raw/fashion-product-images-small/images/13559.jpg,Footwear,Shoes,Heels,Black,Carlton London Women Casual Black Flats
5023,5023,data/raw/fashion-product-images-small/images/5023.jpg,Apparel,Topwear,Shirts,Red,Levis Kids Boy's Chad Red Kidswear
15954,15954,data/raw/fashion-product-images-small/images/15954.jpg,Accessories,Ties,Ties,Blue,Turtle Men Stripes Blue Ties
34258,34258,data/raw/fashion-product-images-small/images/34258.jpg,Apparel,Bottomwear,Tracksuits,Navy Blue,Proline Men Navy Tracksuit
59103,59103,data/raw/fashion-product-images-small/images/59103.jpg,Apparel,Topwear,Rain Jacket,Olive,Just Natural Men Military Shade Rain Jacket
15819,15819,data/raw/fashion-product-images-small/images/15819.jpg,Apparel,Innerwear,Innerwear Vests,Black,Facit Men Black Innerwear Vest
26704,26704,data/raw/fashion-product-images-small/images/26704.jpg,Footwear,Shoes,Sports Shoes,White,Nike Men White T-Lite 9 SL Shoes
45635,45635,data/raw/fashion-product-images-small/images/45635.jpg,Apparel,Innerwear,Briefs,White,Park Avenue Men White Briefs FB003
46390,46390,data/raw/fashion-product-images-small/images/46390.jpg,Apparel,Bottomwear,Shorts,Blue,ADIDAS Men Blue Cargo Shorts
56203,56203,data/raw/fashion-product-images-small/images/56203.jpg,Accessories,Jewellery,Pendant,Gold,Estelle Women Gold Pendant
19997,19997,data/raw/fashion-product-images-small/images/19997.jpg,Apparel,Topwear,Tshirts,White,United Colors Of Benetton Men White T-shirt
35802,35802,data/raw/fashion-product-images-small/images/35802.jpg,Footwear,Shoes,Heels,Mustard,Enroute Women Mustard Flats
31144,31144,data/raw/fashion-product-images-small/images/31144.jpg,Apparel,Topwear,Tshirts,Pink,Gini and Jony Boys Printed Pink T-shirt
6563,6563,data/raw/fashion-product-images-small/images/6563.jpg,Accessories,Bags,Backpacks,Red,Nike Unisex Team Training Red Backpack
2503,2503,data/raw/fashion-product-images-small/images/2503.jpg,Footwear,Shoes,Casual Shoes,Brown,Numero Uno Men's Casual Brown Canvas Shoe
51253,51253,data/raw/fashion-product-images-small/images/51253.jpg,Accessories,Belts,Belts,Brown,Park Avenue Men Brown Belt
53943,53943,data/raw/fashion-product-images-small/images/53943.jpg,Accessories,Bags,Handbags,Brown,Kiara Women Brown Handbag
24678,24678,data/raw/fashion-product-images-small/images/24678.jpg,Accessories,Belts,Belts,Black,Fastrack Women Leatherette Black Belt
16495,16495,data/raw/fashion-product-images-small/images/16495.jpg,Apparel,Topwear,Tshirts,Grey,Locomotive Men Printed Grey TShirt
15314,15314,data/raw/fashion-product-images-small/images/15314.jpg,Footwear,Shoes,Sports Shoes,White,ADIDAS Men Ranger White Sports Shoes
47381,47381,data/raw/fashion-product-images-small/images/47381.jpg,Accessories,Bags,Handbags,Taupe,Baggit Women Taupe Bag
53010,53010,data/raw/fashion-product-images-small/images/53010.jpg,Apparel,Saree,Sarees,Yellow,FNF Yellow Printed Sari
22340,22340,data/raw/fashion-product-images-small/images/22340.jpg,Apparel,Topwear,Tshirts,Grey,John Players Men Printed Grey T-Shirt
21657,21657,data/raw/fashion-product-images-small/images/21657.jpg,Apparel,Innerwear,Bra,Black,Enamor Women Lift Black Bra
2049,2049,data/raw/fashion-product-images-small/images/2049.jpg,Apparel,Topwear,Tshirts,White,ADIDAS Men's Slim Fit White T-shirt
20683,20683,data/raw/fashion-product-images-small/images/20683.jpg,Footwear,Shoes,Casual Shoes,Brown,Buckaroo Men Nieves Brown Casual Shoes
22044,22044,data/raw/fashion-product-images-small/images/22044.jpg,Apparel,Topwear,Kurtas,Green,Vishudh Women Printed Green Kurta
27820,27820,data/raw/fashion-product-images-small/images/27820.jpg,Accessories,Belts,Belts,Brown,Bulchee Men Brown Padded Chino Belt
3385,3385,data/raw/fashion-product-images-small/images/3385.jpg,Accessories,Bags,Handbags,Brown,Murcia Brown Self Design Shoulder Bag
19257,19257,data/raw/fashion-product-images-small/images/19257.jpg,Accessories,Watches,Watches,Steel,Guess Men Focus Steel Watch
4268,4268,data/raw/fashion-product-images-small/images/4268.jpg,Footwear,Shoes,Sports Shoes,Maroon,Nike Men's Tiempo Natural Maroon Shoe
23768,23768,data/raw/fashion-product-images-small/images/23768.jpg,Accessories,Eyewear,Sunglasses,Black,Oakley Women Black Unfaithful Sunglasses
6150,6150,data/raw/fashion-product-images-small/images/6150.jpg,Footwear,Shoes,Sports Shoes,Silver,Puma Unisex Tornado Silver Navy Shoes
15707,15707,data/raw/fashion-product-images-small/images/15707.jpg,Accessories,Socks,Socks,Black,Nike Unisex Pack of 3 Black Socks
49528,49528,data/raw/fashion-product-images-small/images/49528.jpg,Accessories,Bags,Clutches,Bronze,Rocia Women Bronze and Black Purse
25684,25684,data/raw/fashion-product-images-small/images/25684.jpg,Apparel,Innerwear,Innerwear Vests,White,Levis Men White Innerwear T-Shirt
25496,25496,data/raw/fashion-product-images-small/images/25496.jpg,Footwear,Flip Flops,Flip Flops,Blue,Nike Men Blue Aquahype Flip Flops
14449,14449,data/raw/fashion-product-images-small/images/14449.jpg,Footwear,Shoes,Casual Shoes,Red,Enroute Women Casual  Coral Red Casual Shoes
5994,5994,data/raw/fashion-product-images-small/images/5994.jpg,Apparel,Topwear,Shirts,Grey,Highlander Men Grey Checked Slim Fit Shirt
14070,14070,data/raw/fashion-product-images-small/images/14070.jpg,Apparel,Topwear,Tshirts,Black,Flying Machine Men Printed Black Tshirts
33459,33459,data/raw/fashion-product-images-small/images/33459.jpg,Accessories,Belts,Belts,Black,Baggit Women Baaz Gang Black Belt
12331,12331,data/raw/fashion-product-images-small/images/12331.jpg,Apparel,Bottomwear,Jeans,Blue,Spykar Women Ep Jeans Blue Jeans
3962,3962,data/raw/fashion-product-images-small/images/3962.jpg,Apparel,Topwear,Tops,Black,Jealous 21 Women Black Shimmery Falling Neck Top
2179,2179,data/raw/fashion-product-images-small/images/2179.jpg,Apparel,Topwear,Tshirts,Grey,Probase Men Stripe Grey T-shirt
19070,19070,data/raw/fashion-product-images-small/images/19070.jpg,Apparel,Topwear,Kurtas,Blue,W Women Floral Print Blue Kurta
38241,38241,data/raw/fashion-product-images-small/images/38241.jpg,Accessories,Eyewear,Sunglasses,Brown,Polaroid Unisex Sunglasses
36875,36875,data/raw/fashion-product-images-small/images/36875.jpg,Apparel,Topwear,Tshirts,Orange,Spykar Men Cult Orange T-shirt
13027,13027,data/raw/fashion-product-images-small/images/13027.jpg,Footwear,Shoes,Heels,Gold,Inc 5 Women Casual Gold Flats
21670,21670,data/raw/fashion-product-images-small/images/21670.jpg,Accessories,Watches,Watches,Black,Fossil Men Black Dial Chronograph Watch CH2600
10603,10603,data/raw/fashion-product-images-small/images/10603.jpg,Accessories,Headwear,Caps,Grey,Nike Unisex Tennis Grey Caps
26472,26472,data/raw/fashion-product-images-small/images/26472.jpg,Apparel,Topwear,Tshirts,White,Puma Men Classic Graphic  White T-shirt
59575,59575,data/raw/fashion-product-images-small/images/59575.jpg,Accessories,Cufflinks,Cufflinks,Steel,Revv Men Steel Cufflinks
10160,10160,data/raw/fashion-product-images-small/images/10160.jpg,Footwear,Shoes,Casual Shoes,White,Puma Men 917 Lo Paint Splatter White Casual Shoes
44831,44831,data/raw/fashion-product-images-small/images/44831.jpg,Apparel,Topwear,Tshirts,Black,Puma Men Black Faas Graphic T-shirt
45636,45636,data/raw/fashion-product-images-small/images/45636.jpg,Apparel,Innerwear,Briefs,Navy Blue,Park Avenue Men Navy Blue Brief
42423,42423,data/raw/fashion-product-images-small/images/42423.jpg,Apparel,Topwear,Kurtas,Cream,Aurelia Women Cream Kurta
45094,45094,data/raw/fashion-product-images-small/images/45094.jpg,Apparel,Innerwear,Briefs,White,Bw!tch White Spirit Briefs
21533,21533,data/raw/fashion-product-images-small/images/21533.jpg,Accessories,Bags,Handbags,Pink,Kiara Women Fluroscent Pink Handbag
40302,40302,data/raw/fashion-product-images-small/images/40302.jpg,Footwear,Sandal,Sandals,Silver,Warner Bros Kids Unisex blue navy sandals
19995,19995,data/raw/fashion-product-images-small/images/19995.jpg,Apparel,Topwear,Tshirts,Black,United Colors of Benetton Men Printed Black TShirt
45908,45908,data/raw/fashion-product-images-small/images/45908.jpg,Accessories,Watches,Watches,White,Maxima Ssteele Men White Dial Watch
3191,3191,data/raw/fashion-product-images-small/images/3191.jpg,Apparel,Topwear,Tshirts,Green,Tantra Men's Prism Green T-shirt
15796,15796,data/raw/fashion-product-images-small/images/15796.jpg,Apparel,Innerwear,Briefs,Grey,Facit Men Mid- Rise BF Grey Briefs
2740,2740,data/raw/fashion-product-images-small/images/2740.jpg,Apparel,Topwear,Tops,Blue,Disney Kids Girl's Blue Kidswear
9748,9748,data/raw/fashion-product-images-small/images/9748.jpg,Apparel,Topwear,Shirts,Navy Blue,Indian Terrain Men Navy Blue Shirts
35469,35469,data/raw/fashion-product-images-small/images/35469.jpg,Footwear,Shoes,Heels,Multi,Catwalk Women Beads Multi Coloured Flats
11034,11034,data/raw/fashion-product-images-small/images/11034.jpg,Apparel,Topwear,Tops,Red,Jealous 21 Women Check Red Tops
33032,33032,data/raw/fashion-product-images-small/images/33032.jpg,Apparel,Topwear,Kurtas,Green,Mother Earth Women Printed Green Kurta
47162,47162,data/raw/fashion-product-images-small/images/47162.jpg,Accessories,Belts,Belts,Brown,Peter England Men Brown Belt
14851,14851,data/raw/fashion-product-images-small/images/14851.jpg,Accessories,Wallets,Wallets,Coffee Brown,United Colors of Benetton Women Solid Coffee Brown Wallets
57321,57321,data/raw/fashion-product-images-small/images/57321.jpg,Apparel,Innerwear,Bra,Blue,Amante Women Blue Full-Coverage Lace Bra BCFR11
35312,35312,data/raw/fashion-product-images-small/images/35312.jpg,Accessories,Jewellery,Earrings,Silver,Fabindia Women Anusuya Silver Earrings
12836,12836,data/raw/fashion-product-images-small/images/12836.jpg,Apparel,Topwear,Tshirts,Green,Ant Kids Tennis Green T-Shirt
11037,11037,data/raw/fashion-product-images-small/images/11037.jpg,Apparel,Topwear,Tops,Pink,Jealous 21 Women Solid Pink Tops
10496,10496,data/raw/fashion-product-images-small/images/10496.jpg,Apparel,Topwear,Tshirts,White,Flying Machine Women RN White Tshirts
40532,40532,data/raw/fashion-product-images-small/images/40532.jpg,Accessories,Watches,Watches,Silver,Titan Women Silver Dial Watch
13095,13095,data/raw/fashion-product-images-small/images/13095.jpg,Apparel,Topwear,Sweatshirts,Green,ADIDAS Men Cfc Auth Hood Green Sweatshirts
44235,44235,data/raw/fashion-product-images-small/images/44235.jpg,Footwear,Shoes,Sports Shoes,Blue,Nike Men Air Max+ 2012 Blue Sports Shoes
49581,49581,data/raw/fashion-product-images-small/images/49581.jpg,Footwear,Shoes,Heels,Black,Catwalk Women Black Heels
5421,5421,data/raw/fashion-product-images-small/images/5421.jpg,Apparel,Topwear,Tshirts,White,Ant Kids Boy's Love This Game White Kidswear
4327,4327,data/raw/fashion-product-images-small/images/4327.jpg,Apparel,Topwear,Tshirts,Blue,Tantra Kid's Unisex Cute Mom Turqoise Kidswear
22825,22825,data/raw/fashion-product-images-small/images/22825.jpg,Footwear,Shoes,Casual Shoes,Khaki,Woodland Men Khaki Casual Shoes
13883,13883,data/raw/fashion-product-images-small/images/13883.jpg,Apparel,Topwear,Shirts,Purple,Scullers Men Check Purple Shirts
29727,29727,data/raw/fashion-product-images-small/images/29727.jpg,Accessories,Bags,Handbags,Green,Kiara Women Leatherette Light Green Handbag
18473,18473,data/raw/fashion-product-images-small/images/18473.jpg,Footwear,Shoes,Casual Shoes,Black,Puma Men Calcetto Black Casual Shoes
52784,52784,data/raw/fashion-product-images-small/images/52784.jpg,Accessories,Wallets,Wallets,Black,Fiorelli Women Black Wallet
43435,43435,data/raw/fashion-product-images-small/images/43435.jpg,Apparel,Topwear,Tops,Pink,Global Desi Women Pink Top
23271,23271,data/raw/fashion-product-images-small/images/23271.jpg,Accessories,Watches,Watches,White,Maxima Ssteele Men White Watch
9571,9571,data/raw/fashion-product-images-small/images/9571.jpg,Accessories,Bags,Handbags,Black,Puma Unisex Core Shoulder Black Bags
13033,13033,data/raw/fashion-product-images-small/images/13033.jpg,Footwear,Shoes,Heels,Black,Inc 5 Women Casual Black Heels
25180,25180,data/raw/fashion-product-images-small/images/25180.jpg,Accessories,Bags,Handbags,Brown,Lino Perros Women Leatherette Brown Handbag
47251,47251,data/raw/fashion-product-images-small/images/47251.jpg,Apparel,Innerwear,Briefs,White,FCUK Underwear Men White Brief
26477,26477,data/raw/fashion-product-images-small/images/26477.jpg,Apparel,Topwear,Tshirts,White,Puma Men Graphic White T-shirt
42110,42110,data/raw/fashion-product-images-small/images/42110.jpg,Apparel,Topwear,Tshirts,Black,ADIDAS Men Black Polo T-shirt
5324,5324,data/raw/fashion-product-images-small/images/5324.jpg,Footwear,Shoes,Casual Shoes,White,Fila Men's Rowley White Red Shoe
54406,54406,data/raw/fashion-product-images-small/images/54406.jpg,Accessories,Bags,Handbags,Olive,Baggit Women Olive Handbag
13146,13146,data/raw/fashion-product-images-small/images/13146.jpg,Footwear,Shoes,Heels,Silver,Inc 5 Women Casual Bronze Heels
8535,8535,data/raw/fashion-product-images-small/images/8535.jpg,Footwear,Sandal,Sandals,Black,Crocs Kids Cayman black Sandals
18845,18845,data/raw/fashion-product-images-small/images/18845.jpg,Apparel,Topwear,Tshirts,Red,Puma Men Graphic Print Red Tshirt
41977,41977,data/raw/fashion-product-images-small/images/41977.jpg,Apparel,Bottomwear,Shorts,White,Gini and Jony Boys Beach White Shorts
59092,59092,data/raw/fashion-product-images-small/images/59092.jpg,Apparel,Innerwear,Bra,Black,Peri Peri Women Black Bra
42725,42725,data/raw/fashion-product-images-small/images/42725.jpg,Footwear,Shoes,Flats,Black,Rocia Women Black Sandals
46992,46992,data/raw/fashion-product-images-small/images/46992.jpg,Apparel,Topwear,Kurtas,Multi,Shree Women Multi Coloured Kurta
15741,15741,data/raw/fashion-product-images-small/images/15741.jpg,Footwear,Shoes,Sports Shoes,Grey,Nike Men Lunarglide + Shield Grey Sports Shoes
43525,43525,data/raw/fashion-product-images-small/images/43525.jpg,Apparel,Bottomwear,Leggings,Cream,French Connection Women Cream Leggings
49855,49855,data/raw/fashion-product-images-small/images/49855.jpg,Accessories,Watches,Watches,Black,Q&Q Kids Unisex Black Digital Watch
36502,36502,data/raw/fashion-product-images-small/images/36502.jpg,Apparel,Topwear,Kurtas,White,Folklore Women White & Pink Kurta
32419,32419,data/raw/fashion-product-images-small/images/32419.jpg,Apparel,Bottomwear,Shorts,Grey,ADIDAS Men Grey Shorts
12296,12296,data/raw/fashion-product-images-small/images/12296.jpg,Apparel,Topwear,Shirts,Red,Genesis Men Red Striped Shirt
53985,53985,data/raw/fashion-product-images-small/images/53985.jpg,Accessories,Bags,Handbags,Brown,Kiara Women Brown Sling Bag
49927,49927,data/raw/fashion-product-images-small/images/49927.jpg,Apparel,Saree,Sarees,Beige,Fabindia Beige Hand Printed Sari
6973,6973,data/raw/fashion-product-images-small/images/6973.jpg,Apparel,Topwear,Tshirts,Orange,s.Oliver Men's California Orange T-shirt
39642,39642,data/raw/fashion-product-images-small/images/39642.jpg,Footwear,Shoes,Casual Shoes,White,Lotto Men White Shoes
31833,31833,data/raw/fashion-product-images-small/images/31833.jpg,Accessories,Watches,Watches,White,Titan Men Chronograph White Dial Watch
43482,43482,data/raw/fashion-product-images-small/images/43482.jpg,Apparel,Topwear,Shirts,Black,French Connection Men White & Black Shirt
25184,25184,data/raw/fashion-product-images-small/images/25184.jpg,Accessories,Bags,Handbags,Brown,Lino Perros Women Leatherette Dark Brown Handbag
54346,54346,data/raw/fashion-product-images-small/images/54346.jpg,Accessories,Socks,Socks,Black,Levis Men 3 Pair Of Socks
44237,44237,data/raw/fashion-product-images-small/images/44237.jpg,Footwear,Shoes,Casual Shoes,Green,Nike Women White and Green Sneakers
17287,17287,data/raw/fashion-product-images-small/images/17287.jpg,Apparel,Topwear,Tshirts,Navy Blue,U.S. Polo Assn. Men Solid Navy Blue Polo Tshirt
21719,21719,data/raw/fashion-product-images-small/images/21719.jpg,Footwear,Shoes,Heels,White,Catwalk Women Casual White Heels
57962,57962,data/raw/fashion-product-images-small/images/57962.jpg,Apparel,Saree,Sarees,Multi,Prafful Women Multi Coloured Sari
20904,20904,data/raw/fashion-product-images-small/images/20904.jpg,Footwear,Shoes,Heels,Brown,Catwalk Women  Brown Heels
51341,51341,data/raw/fashion-product-images-small/images/51341.jpg,Accessories,Socks,Socks,Navy Blue,Raymond Men Navy Socks
13188,13188,data/raw/fashion-product-images-small/images/13188.jpg,Footwear,Shoes,Sports Shoes,Black,Fila Men Dls Spry Black Sports Shoes
47539,47539,data/raw/fashion-product-images-small/images/47539.jpg,Footwear,Shoes,Flats,White,Portia Women White Flats
7432,7432,data/raw/fashion-product-images-small/images/7432.jpg,Apparel,Bottomwear,Shorts,Grey,Proline Men Grey Sports Short SS11/VSSHT02 VG/PC/JR
34410,34410,data/raw/fashion-product-images-small/images/34410.jpg,Apparel,Topwear,Tshirts,Black,Myntra Men Freak Show Black T-shirt
15273,15273,data/raw/fashion-product-images-small/images/15273.jpg,Accessories,Bags,Backpacks,Navy Blue,Nike Men Ball Carry Navy Blue Backpacks
14602,14602,data/raw/fashion-product-images-small/images/14602.jpg,Accessories,Socks,Socks,Grey,United Colors of Benetton Men Pack of 2 Grey Socks
14069,14069,data/raw/fashion-product-images-small/images/14069.jpg,Apparel,Topwear,Tshirts,Blue,Flying Machine Men Printed Blue Polo Tshirts
46054,46054,data/raw/fashion-product-images-small/images/46054.jpg,Accessories,Jewellery,Bracelet,Green,Estelle Women Green Bracelet
27756,27756,data/raw/fashion-product-images-small/images/27756.jpg,Accessories,Wallets,Wallets,Brown,Bulchee Men Brown Wallet
55637,55637,data/raw/fashion-product-images-small/images/55637.jpg,Footwear,Shoes,Heels,Black,Catwalk Women Black Heels
20715,20715,data/raw/fashion-product-images-small/images/20715.jpg,Footwear,Shoes,Casual Shoes,Black,Red Tape Men Black Leather Casual Shoes
6453,6453,data/raw/fashion-product-images-small/images/6453.jpg,Footwear,Shoes,Sports Shoes,Black,Lotto Men's BasketBall Black Red Shoe
20685,20685,data/raw/fashion-product-images-small/images/20685.jpg,Footwear,Shoes,Casual Shoes,Brown,Buckaroo Men Claro Brown Casual Shoes
2167,2167,data/raw/fashion-product-images-small/images/2167.jpg,Apparel,Topwear,Shirts,Blue,Probase Men Blue & White Shirt
43546,43546,data/raw/fashion-product-images-small/images/43546.jpg,Footwear,Sandal,Sandals,Black,Woodland Men Black Sandals
53859,53859,data/raw/fashion-product-images-small/images/53859.jpg,Apparel,Topwear,Kurtas,Green,Vishudh Women Green Kurta
26269,26269,data/raw/fashion-product-images-small/images/26269.jpg,Apparel,Topwear,Tshirts,Mustard,Proline Men Mustard Yellow Polo T-Shirt
7422,7422,data/raw/fashion-product-images-small/images/7422.jpg,Apparel,Topwear,Tops,White,W Women Mandarin Neck Full Sleeve White Top
10715,10715,data/raw/fashion-product-images-small/images/10715.jpg,Apparel,Topwear,Tops,Black,Nike Women Training sports bra Black Tops
20147,20147,data/raw/fashion-product-images-small/images/20147.jpg,Apparel,Topwear,Shirts,Blue,Wrangler Men Broad Blue Shirt
56323,56323,data/raw/fashion-product-images-small/images/56323.jpg,Accessories,Watches,Watches,White,Fastrack Women White Dial Watch
12472,12472,data/raw/fashion-product-images-small/images/12472.jpg,Footwear,Shoes,Formal Shoes,Black,Clarks Men Leather Black Formal Shoes
25903,25903,data/raw/fashion-product-images-small/images/25903.jpg,Apparel,Bottomwear,Leggings,Navy Blue,Femella Women Navy Blue Skinny Leggings
22844,22844,data/raw/fashion-product-images-small/images/22844.jpg,Footwear,Shoes,Casual Shoes,Brown,Woodland Men Brown Casual Shoes
17463,17463,data/raw/fashion-product-images-small/images/17463.jpg,Apparel,Innerwear,Bra,Black,Beyouty Women Zena BR 01 Black Bra
32450,32450,data/raw/fashion-product-images-small/images/32450.jpg,Apparel,Topwear,Tshirts,Black,ADIDAS Women Printed Black T-shirt
16918,16918,data/raw/fashion-product-images-small/images/16918.jpg,Apparel,Bottomwear,Jeans,Blue,Spykar Men Washed Blue Jeans
4029,4029,data/raw/fashion-product-images-small/images/4029.jpg,Apparel,Topwear,Tshirts,Black,Myntra Men's I don't Have An Attitude Problem Black T-shirt
58741,58741,data/raw/fashion-product-images-small/images/58741.jpg,Apparel,Topwear,Tshirts,Purple,Puma Men Purple T-shirt
12627,12627,data/raw/fashion-product-images-small/images/12627.jpg,Apparel,Topwear,Tshirts,Black,Probase Men Printed Black Tshirts
28507,28507,data/raw/fashion-product-images-small/images/28507.jpg,Apparel,Topwear,Tshirts,Black,Nike Men Training Black T-shirt
53488,53488,data/raw/fashion-product-images-small/images/53488.jpg,Apparel,Innerwear,Bra,Black,Amante Black Sports Bra BCST22
39240,39240,data/raw/fashion-product-images-small/images/39240.jpg,Apparel,Loungewear and Nightwear,Nightdress,Brown,Femella Women Brown Nightdress
31876,31876,data/raw/fashion-product-images-small/images/31876.jpg,Apparel,Saree,Sarees,Blue,Fabindia Women Blue Printed Kota Cotton Saree
30765,30765,data/raw/fashion-product-images-small/images/30765.jpg,Apparel,Topwear,Kurtas,Beige,Fabindia Men Beige Chikankari Silk Kurta
12441,12441,data/raw/fashion-product-images-small/images/12441.jpg,Accessories,Wallets,Wallets,Black,Timberland Men Casual Black Wallet
6320,6320,data/raw/fashion-product-images-small/images/6320.jpg,Apparel,Topwear,Shirts,Grey,UCB Men Small Checks Yellow Shirt
31418,31418,data/raw/fashion-product-images-small/images/31418.jpg,Apparel,Innerwear,Innerwear Vests,Navy Blue,Spykar Men Navy Blue V-Neck Innerwear T-shirt
21124,21124,data/raw/fashion-product-images-small/images/21124.jpg,Apparel,Topwear,Sweaters,Black,s.Oliver Men Solid Black Sweater
23028,23028,data/raw/fashion-product-images-small/images/23028.jpg,Apparel,Topwear,Shirts,Blue,Arrow Men Blue Striped Shirt
21966,21966,data/raw/fashion-product-images-small/images/21966.jpg,Accessories,Bags,Handbags,Navy Blue,Murcia Women Casual Navy Blue Handbag
23754,23754,data/raw/fashion-product-images-small/images/23754.jpg,Accessories,Eyewear,Sunglasses,Purple,Oakley Men Jupiter Purple Sunglasses
16214,16214,data/raw/fashion-product-images-small/images/16214.jpg,Apparel,Bottomwear,Track Pants,Navy Blue,Puma Men Heroes Navy Blue Track Pant
35941,35941,data/raw/fashion-product-images-small/images/35941.jpg,Apparel,Bottomwear,Capris,Charcoal,Flying Machine Women Viscose Charcoal Capris
44933,44933,data/raw/fashion-product-images-small/images/44933.jpg,Footwear,Sandal,Sandals,Brown,Ganuchi Men Brown Sandals
28829,28829,data/raw/fashion-product-images-small/images/28829.jpg,Apparel,Innerwear,Briefs,Black,Enamor Women Pack of 3 Briefs
3066,3066,data/raw/fashion-product-images-small/images/3066.jpg,Apparel,Topwear,Tshirts,White,Tantra Women's Right Now White T-shirt
26592,26592,data/raw/fashion-product-images-small/images/26592.jpg,Footwear,Shoes,Sports Shoes,Black,Puma Men Budoka Black Sports Shoes
57459,57459,data/raw/fashion-product-images-small/images/57459.jpg,Accessories,Bags,Clutches,Red,Pitaraa Women Red Clutch
29997,29997,data/raw/fashion-product-images-small/images/29997.jpg,Accessories,Watches,Watches,Bronze,Aspen Women White Dial Watch AP1504
5164,5164,data/raw/fashion-product-images-small/images/5164.jpg,Apparel,Topwear,Tshirts,Grey,Ed Hardy Men's Geishas & Blossoms Grey T-shirt
45998,45998,data/raw/fashion-product-images-small/images/45998.jpg,Apparel,Saree,Sarees,Blue,Fabindia Blue Self-Striped Saree
11595,11595,data/raw/fashion-product-images-small/images/11595.jpg,Apparel,Topwear,Kurtas,Purple,W Women Printed Purple Kurtas
17398,17398,data/raw/fashion-product-images-small/images/17398.jpg,Accessories,Socks,Socks,Multi,Reid & Taylor Men Stripes Multi Socks
22812,22812,data/raw/fashion-product-images-small/images/22812.jpg,Apparel,Topwear,Tshirts,Brown,Locomotive Men Brown Printed T-shirt
7170,7170,data/raw/fashion-product-images-small/images/7170.jpg,Apparel,Topwear,Shirts,Red,Scullers Men Scul White Red Shirt
29757,29757,data/raw/fashion-product-images-small/images/29757.jpg,Accessories,Watches,Watches,Brown,Fossil Women Brown Dial Watch ES2795
2785,2785,data/raw/fashion-product-images-small/images/2785.jpg,Apparel,Topwear,Tshirts,Black,Ediots Men's Zindagi Jhand Hai Black T-shirt
23517,23517,data/raw/fashion-product-images-small/images/23517.jpg,Accessories,Watches,Watches,White,ADIDAS Originals Men White Dial Watch ADH2578
42585,42585,data/raw/fashion-product-images-small/images/42585.jpg,Apparel,Topwear,Tshirts,Black,United Colors of Benetton Mens Black Polo T-shirt
11800,11800,data/raw/fashion-product-images-small/images/11800.jpg,Apparel,Topwear,Kurtas,Black,Vishudh Women Black Pigment Print Kurta
4281,4281,data/raw/fashion-product-images-small/images/4281.jpg,Footwear,Shoes,Formal Shoes,Black,Rockport Men's Alduna Black Shoe
44824,44824,data/raw/fashion-product-images-small/images/44824.jpg,Footwear,Sandal,Sandals,Tan,Clarks Men Tan Brown Leather Sandals
14176,14176,data/raw/fashion-product-images-small/images/14176.jpg,Accessories,Belts,Belts,Black,Belmonte Men Thread Black Belts
57985,57985,data/raw/fashion-product-images-small/images/57985.jpg,Apparel,Topwear,Tops,Yellow,Latin Quarters Women Yellow Top
58166,58166,data/raw/fashion-product-images-small/images/58166.jpg,Accessories,Wallets,Wallets,Pink,Rocky S Women Pink Wallet
34044,34044,data/raw/fashion-product-images-small/images/34044.jpg,Apparel,Topwear,Shirts,Black,Gini and Jony Boys Black Shirt
17460,17460,data/raw/fashion-product-images-small/images/17460.jpg,Accessories,Watches,Watches,Black,CASIO G-Shock Men Black Analogue-Digital Watch GA-110GB-1ADR G339
23719,23719,data/raw/fashion-product-images-small/images/23719.jpg,Accessories,Eyewear,Sunglasses,Black,Ray-Ban Men Black Caravan Sunglasses
38836,38836,data/raw/fashion-product-images-small/images/38836.jpg,Apparel,Dress,Dresses,Blue,Latin Quarters Women Blue Dress
23875,23875,data/raw/fashion-product-images-small/images/23875.jpg,Apparel,Topwear,Tshirts,Red,ADIDAS Men Red T-shirt
4026,4026,data/raw/fashion-product-images-small/images/4026.jpg,Footwear,Shoes,Casual Shoes,Black,ADIDAS Men's Kestrel Black White Shoe
53894,53894,data/raw/fashion-product-images-small/images/53894.jpg,Accessories,Bags,Handbags,Beige,Kiara Women Beige Handbag
9082,9082,data/raw/fashion-product-images-small/images/9082.jpg,Apparel,Bottomwear,Track Pants,Navy Blue,ADIDAS Men Torment Pant Navy Blue Trackpant
37693,37693,data/raw/fashion-product-images-small/images/37693.jpg,Accessories,Bags,Backpacks,Grey,American Tourister Unisex Grey Backpack
59081,59081,data/raw/fashion-product-images-small/images/59081.jpg,Apparel,Innerwear,Bra,Black,Peri Peri Women Black Bra
9064,9064,data/raw/fashion-product-images-small/images/9064.jpg,Apparel,Topwear,Shirts,Blue,Mark Taylor Men Blue Striped Shirt
8340,8340,data/raw/fashion-product-images-small/images/8340.jpg,Apparel,Topwear,Tshirts,Black,Doodle Boy's Volleyball Champion Black White Kidswear
48869,48869,data/raw/fashion-product-images-small/images/48869.jpg,Accessories,Jewellery,Pendant,Silver,Lucera Women Silver Pendant with Chain
14738,14738,data/raw/fashion-product-images-small/images/14738.jpg,Apparel,Topwear,Shirts,Grey,Arrow Men Check Grey Shirts
59596,59596,data/raw/fashion-product-images-small/images/59596.jpg,Apparel,Saree,Sarees,Brown,FNF Brown Wedding Collection Sari
28322,28322,data/raw/fashion-product-images-small/images/28322.jpg,Footwear,Sandal,Sandals,Black,Red Tape Men Casual Black Sandals
53489,53489,data/raw/fashion-product-images-small/images/53489.jpg,Apparel,Innerwear,Bra,White,Amante White Sports Bra BCST22
18323,18323,data/raw/fashion-product-images-small/images/18323.jpg,Apparel,Topwear,Shirts,Green,Wills Lifestyle Men Check Green Shirt
9760,9760,data/raw/fashion-product-images-small/images/9760.jpg,Apparel,Topwear,Tshirts,Green,Classic Polo Men Green Polo Tshirts
54584,54584,data/raw/fashion-product-images-small/images/54584.jpg,Apparel,Topwear,Kurtas,Blue,Sushilas Women Printed Green Kurta
20253,20253,data/raw/fashion-product-images-small/images/20253.jpg,Apparel,Topwear,Tshirts,White,Wrangler Men Thin White T-shirt
44639,44639,data/raw/fashion-product-images-small/images/44639.jpg,Footwear,Shoes,Sports Shoes,White,Nike Men White Supergame Sports Shoes
25282,25282,data/raw/fashion-product-images-small/images/25282.jpg,Accessories,Bags,Handbags,Brown,Lino Perros Women Brown and Red Handbag
21560,21560,data/raw/fashion-product-images-small/images/21560.jpg,Accessories,Bags,Handbags,Maroon,Kiara Women Front Pocket Maroon Handbag
28568,28568,data/raw/fashion-product-images-small/images/28568.jpg,Apparel,Topwear,Tshirts,White,Nike Men Verbiage White T-shirt
21972,21972,data/raw/fashion-product-images-small/images/21972.jpg,Accessories,Bags,Handbags,Peach,Murcia Women Casual Peach Handbag
24191,24191,data/raw/fashion-product-images-small/images/24191.jpg,Footwear,Shoes,Casual Shoes,Black,Converse Unisex Chuck Taylor All Star Print Black Casual Shoes
24176,24176,data/raw/fashion-product-images-small/images/24176.jpg,Apparel,Topwear,Kurtis,Green,Aurelia Women Green Kurti
54397,54397,data/raw/fashion-product-images-small/images/54397.jpg,Accessories,Bags,Handbags,Blue,Baggit Women Blue Handbag
13804,13804,data/raw/fashion-product-images-small/images/13804.jpg,Accessories,Mufflers,Mufflers,Grey,Proline Grey Checked Muffler
16339,16339,data/raw/fashion-product-images-small/images/16339.jpg,Apparel,Topwear,Shirts,Maroon,Peter England Men Stripes Maroon Shirt
47635,47635,data/raw/fashion-product-images-small/images/47635.jpg,Footwear,Shoes,Heels,Pink,Carlton London Women Pink Peep Toes
3921,3921,data/raw/fashion-product-images-small/images/3921.jpg,Apparel,Bottomwear,Track Pants,Black,Urban Yoga Men's Bottom Black Track Pant
21297,21297,data/raw/fashion-product-images-small/images/21297.jpg,Accessories,Eyewear,Sunglasses,Copper,Celine Dion Women Copper Frame Sunglasses
21813,21813,data/raw/fashion-product-images-small/images/21813.jpg,Accessories,Wallets,Wallets,Black,Fossil Men Evans Zippass case Black Wallet
20170,20170,data/raw/fashion-product-images-small/images/20170.jpg,Apparel,Topwear,Shirts,Khaki,Wrangler Men Thin Khaki Shirt
8081,8081,data/raw/fashion-product-images-small/images/8081.jpg,Footwear,Shoes,Sports Shoes,Blue,ADIDAS Men Predito Trx HG Blue Sports Shoes
27221,27221,data/raw/fashion-product-images-small/images/27221.jpg,Apparel,Topwear,Tops,Pink,Doodle Kids Girl Striped Pink Top
30306,30306,data/raw/fashion-product-images-small/images/30306.jpg,Apparel,Topwear,Tshirts,Off White,Myntra Men Blue Bird Off White T-shirt
1623,1623,data/raw/fashion-product-images-small/images/1623.jpg,Accessories,Bags,Backpacks,Red,Reebok Unisex Red Backpack
37241,37241,data/raw/fashion-product-images-small/images/37241.jpg,Footwear,Shoes,Casual Shoes,Black,United Colors of Benetton Men Black Shoes
38550,38550,data/raw/fashion-product-images-small/images/38550.jpg,Footwear,Sandal,Sports Sandals,Black,Puma Men Black Sandals
21171,21171,data/raw/fashion-product-images-small/images/21171.jpg,Apparel,Topwear,Tops,Black,s.Oliver Women Solid Black Top
23911,23911,data/raw/fashion-product-images-small/images/23911.jpg,Footwear,Shoes,Casual Shoes,Black,Fila Men Terrindalo Black Casual Shoes
25371,25371,data/raw/fashion-product-images-small/images/25371.jpg,Apparel,Innerwear,Innerwear Vests,Maroon,Levis Men Maroon Innerwear Vest
28010,28010,data/raw/fashion-product-images-small/images/28010.jpg,Apparel,Innerwear,Trunk,Grey,Jockey ZONE Men Grey Modern Trunks US19
14133,14133,data/raw/fashion-product-images-small/images/14133.jpg,Apparel,Topwear,Tshirts,Grey,Nike Men Printed Grey Tshirts
30486,30486,data/raw/fashion-product-images-small/images/30486.jpg,Apparel,Innerwear,Bra,White,Lovable Women Fiona White Bra
23337,23337,data/raw/fashion-product-images-small/images/23337.jpg,Apparel,Topwear,Dupatta,Brown,W Women Brown Dupatta
4599,4599,data/raw/fashion-product-images-small/images/4599.jpg,Accessories,Bags,Duffel Bag,Green,Wildcraft Unisex Green & Grey Duffel Bag
34995,34995,data/raw/fashion-product-images-small/images/34995.jpg,Apparel,Saree,Sarees,Green,Fabindia Women H& Printed Green Sari
8189,8189,data/raw/fashion-product-images-small/images/8189.jpg,Apparel,Topwear,Shirts,Blue,Locomotive Men Solid Poplin Laird Blue Shirts
50220,50220,data/raw/fashion-product-images-small/images/50220.jpg,Accessories,Belts,Belts,Red,Stoln Women Red Belt
5220,5220,data/raw/fashion-product-images-small/images/5220.jpg,Accessories,Bags,Backpacks,Black,Wildcraft Unisex Black Corporate Backpack
16783,16783,data/raw/fashion-product-images-small/images/16783.jpg,Accessories,Watches,Watches,White,ADIDAS Originals Unisex White Dial Watch ADH2545
43310,43310,data/raw/fashion-product-images-small/images/43310.jpg,Apparel,Bottomwear,Shorts,Pink,United Colors of Benetton Womens Pink Shorts
18747,18747,data/raw/fashion-product-images-small/images/18747.jpg,Apparel,Topwear,Tops,Magenta,Arrow Woman Magenta Top
47523,47523,data/raw/fashion-product-images-small/images/47523.jpg,Apparel,Innerwear,Briefs,Red,Facit Men Red Brief
11957,11957,data/raw/fashion-product-images-small/images/11957.jpg,Footwear,Shoes,Casual Shoes,Tan,Ganuchi Men Casual Tan Casual Shoes
18689,18689,data/raw/fashion-product-images-small/images/18689.jpg,Apparel,Innerwear,Briefs,Pink,Hanes Women Pack of Three 100% Cotton Plain Bikini Briefs
3641,3641,data/raw/fashion-product-images-small/images/3641.jpg,Footwear,Shoes,Casual Shoes,White,Fila Men's Liga White Red Shoe
28559,28559,data/raw/fashion-product-images-small/images/28559.jpg,Apparel,Topwear,Tshirts,Red,Nike Men Blow up Red T-shirt
39209,39209,data/raw/fashion-product-images-small/images/39209.jpg,Footwear,Shoes,Formal Shoes,Black,Franco Leone Men Black Formal Shoes
22009,22009,data/raw/fashion-product-images-small/images/22009.jpg,Accessories,Bags,Handbags,Black,Murcia Women Casual Black Handbag
6546,6546,data/raw/fashion-product-images-small/images/6546.jpg,Accessories,Bags,Backpacks,Black,Nike Unisex Fundamen Black Backpack
12743,12743,data/raw/fashion-product-images-small/images/12743.jpg,Accessories,Bags,Messenger Bag,Olive,Timberland Unisex Solid Olive Bags
47267,47267,data/raw/fashion-product-images-small/images/47267.jpg,Apparel,Innerwear,Briefs,Black,FCUK Underwear Men Black Striped Brief
33662,33662,data/raw/fashion-product-images-small/images/33662.jpg,Footwear,Sandal,Sandals,Black,Lotto Men Caesar Cross Black Sandals
56288,56288,data/raw/fashion-product-images-small/images/56288.jpg,Apparel,Innerwear,Bra,Black,Biara Women Black Bra
44788,44788,data/raw/fashion-product-images-small/images/44788.jpg,Apparel,Innerwear,Boxers,White,Calvin Klein Innerwear Men Blue Boxer
14622,14622,data/raw/fashion-product-images-small/images/14622.jpg,Apparel,Topwear,Sweatshirts,Black,United Colors of Benetton Women Stripes Black Sweat Shirts
19629,19629,data/raw/fashion-product-images-small/images/19629.jpg,Apparel,Topwear,Tshirts,White,United Colors of Benetton Men Printed White TShirt
21928,21928,data/raw/fashion-product-images-small/images/21928.jpg,Apparel,Topwear,Kurtas,Purple,BIBA Women Printed Purple Kurta
26367,26367,data/raw/fashion-product-images-small/images/26367.jpg,Apparel,Topwear,Shirts,Lavender,Arrow Woman Lavender Shirt
7596,7596,data/raw/fashion-product-images-small/images/7596.jpg,Apparel,Topwear,Tshirts,Yellow,Nike Men's As Nike Rpeat T-Shirt
11296,11296,data/raw/fashion-product-images-small/images/11296.jpg,Apparel,Bottomwear,Jeans,Blue,Wrangler Men Blue Custom Jeans
4355,4355,data/raw/fashion-product-images-small/images/4355.jpg,Apparel,Topwear,Tshirts,Grey,Batman Men's Batman Applique Shei Grey T-shirt
51342,51342,data/raw/fashion-product-images-small/images/51342.jpg,Accessories,Socks,Socks,Black,Raymond Men Black Socks
3213,3213,data/raw/fashion-product-images-small/images/3213.jpg,Footwear,Shoes,Sports Shoes,White,Nike Women Sweet Classic White Light Green Shoe
30816,30816,data/raw/fashion-product-images-small/images/30816.jpg,Apparel,Bottomwear,Leggings,Red,Fabindia Women Red Leggings
8614,8614,data/raw/fashion-product-images-small/images/8614.jpg,Accessories,Eyewear,Sunglasses,Brown,Fastrack Unisex Brown Gradient Sunglasses
43263,43263,data/raw/fashion-product-images-small/images/43263.jpg,Apparel,Topwear,Kurtas,White,Aneri Women White Kurta
8275,8275,data/raw/fashion-product-images-small/images/8275.jpg,Apparel,Topwear,Tshirts,Blue,Mr.Men Men's Coral Red T-shirt
54639,54639,data/raw/fashion-product-images-small/images/54639.jpg,Accessories,Watches,Watches,Black,Fastrack Men Black Dial Watch
2274,2274,data/raw/fashion-product-images-small/images/2274.jpg,Apparel,Topwear,Tshirts,White,Nike Mens AS White T-shirt
21524,21524,data/raw/fashion-product-images-small/images/21524.jpg,Accessories,Bags,Handbags,Brown,Kiara Women Women Handbag
39776,39776,data/raw/fashion-product-images-small/images/39776.jpg,Apparel,Topwear,Shirts,Red,Peter England Men Red & Navy Blue Casual Shirt
13661,13661,data/raw/fashion-product-images-small/images/13661.jpg,Apparel,Topwear,Shirts,White,Genesis Men Thick Black Stripe Shirt
19879,19879,data/raw/fashion-product-images-small/images/19879.jpg,Footwear,Flip Flops,Flip Flops,White,ADIDAS Women Psychedlic White Flip Flops
2618,2618,data/raw/fashion-product-images-small/images/2618.jpg,Footwear,Shoes,Flats,Silver,Carlton London Women Silver Wedge Sandal
44660,44660,data/raw/fashion-product-images-small/images/44660.jpg,Footwear,Shoes,Casual Shoes,Black,Vans Men Black Shoes
45598,45598,data/raw/fashion-product-images-small/images/45598.jpg,Footwear,Shoes,Formal Shoes,Black,Arrow Men Black Formal Shoes
17420,17420,data/raw/fashion-product-images-small/images/17420.jpg,Accessories,Watches,Watches,Black,Casio Enticer Men Black Dial Analogue Watch A479
38321,38321,data/raw/fashion-product-images-small/images/38321.jpg,Accessories,Bags,Backpacks,Blue,Puma Women Blue Backpack
26476,26476,data/raw/fashion-product-images-small/images/26476.jpg,Apparel,Topwear,Tshirts,Black,Puma Men Graphic Black T-shirt
35828,35828,data/raw/fashion-product-images-small/images/35828.jpg,Accessories,Bags,Handbags,Black,Wildcraft Unisex Black Digital Camera Pouch
8399,8399,data/raw/fashion-product-images-small/images/8399.jpg,Apparel,Topwear,Tshirts,Black,ADIDAS Men Adna Ss Tee Black T-Shirts
56403,56403,data/raw/fashion-product-images-small/images/56403.jpg,Footwear,Shoes,Flats,Black,Rocia Women Black & Silver Sandals
58052,58052,data/raw/fashion-product-images-small/images/58052.jpg,Accessories,Jewellery,Earrings,Pink,Rreverie Pink & Purple Earrings
34626,34626,data/raw/fashion-product-images-small/images/34626.jpg,Accessories,Watches,Watches,Silver,Kenneth Cole Women Silver Dial Watch
43486,43486,data/raw/fashion-product-images-small/images/43486.jpg,Apparel,Topwear,Shirts,Grey,French Connection Men Grey Check Shirt
19630,19630,data/raw/fashion-product-images-small/images/19630.jpg,Apparel,Topwear,Tshirts,Black,United Colors of Benetton Men Black T-shirt
27472,27472,data/raw/fashion-product-images-small/images/27472.jpg,Apparel,Innerwear,Bra,Black,Jockey Essence Black Bra 2001
3698,3698,data/raw/fashion-product-images-small/images/3698.jpg,Apparel,Topwear,Tshirts,Yellow,Tantra Women's Cool Yellow Long T-shirt
37450,37450,data/raw/fashion-product-images-small/images/37450.jpg,Accessories,Belts,Belts,Black,Turtle Men Black Belt
30728,30728,data/raw/fashion-product-images-small/images/30728.jpg,Apparel,Bottomwear,Salwar,Orange,Fabindia Girls Orange Mangalgiri Salwar
27494,27494,data/raw/fashion-product-images-small/images/27494.jpg,Apparel,Innerwear,Briefs,Red,Jockey Women Red Brief
37990,37990,data/raw/fashion-product-images-small/images/37990.jpg,Accessories,Wallets,Wallets,Black,New Hide Unisex Black Antique Passport Holder
26283,26283,data/raw/fashion-product-images-small/images/26283.jpg,Apparel,Topwear,Tshirts,Purple,Proline Men Purple T-shirt with Printed Detail
48183,48183,data/raw/fashion-product-images-small/images/48183.jpg,Accessories,Bags,Handbags,Brown,Fossil Women Brown Handbag
56300,56300,data/raw/fashion-product-images-small/images/56300.jpg,Apparel,Innerwear,Bra,Rose,Biara Bright Rose Blush Bra
17063,17063,data/raw/fashion-product-images-small/images/17063.jpg,Accessories,Belts,Belts,Green,Lino Perros Women Floral Design Green Belt
14563,14563,data/raw/fashion-product-images-small/images/14563.jpg,Footwear,Shoes,Casual Shoes,Black,Vans Men Rowley SPV Black Casual Shoes
9636,9636,data/raw/fashion-product-images-small/images/9636.jpg,Apparel,Topwear,Shirts,Purple,Indigo Nation Men Bling Purple  Striped Shirt
18715,18715,data/raw/fashion-product-images-small/images/18715.jpg,Apparel,Topwear,Tops,Magenta,Arrow Woman Shanna Magenta Top
20679,20679,data/raw/fashion-product-images-small/images/20679.jpg,Footwear,Shoes,Casual Shoes,Black,Buckaroo Men Eva Black Casual Shoes
59080,59080,data/raw/fashion-product-images-small/images/59080.jpg,Apparel,Innerwear,Briefs,White,Peri Peri Women White Brief
59643,59643,data/raw/fashion-product-images-small/images/59643.jpg,Apparel,Saree,Sarees,Grey,FNF Multicoloured Evening Wear Sari
50188,50188,data/raw/fashion-product-images-small/images/50188.jpg,Accessories,Bags,Handbags,Pink,Paridhan Women Pink Handbag
53615,53615,data/raw/fashion-product-images-small/images/53615.jpg,Accessories,Watches,Watches,Black,Q&Q Men Black Digital Watch M010-002
25824,25824,data/raw/fashion-product-images-small/images/25824.jpg,Apparel,Topwear,Kurtas,Mustard,Diva Women Printed Mustard Kurta
6987,6987,data/raw/fashion-product-images-small/images/6987.jpg,Apparel,Topwear,Tops,Blue,s.Oliver Women's Sky Blue Top
50865,50865,data/raw/fashion-product-images-small/images/50865.jpg,Apparel,Saree,Sarees,Green,Prafful Green & Purple Crepe Printed Sari
53857,53857,data/raw/fashion-product-images-small/images/53857.jpg,Apparel,Topwear,Kurtas,White,Vishudh Women White Printed Kurta
57944,57944,data/raw/fashion-product-images-small/images/57944.jpg,Footwear,Sandal,Sandals,Black,Clarks Men Black Leather Sandals
19764,19764,data/raw/fashion-product-images-small/images/19764.jpg,Accessories,Watches,Watches,Pink,Ice Women Love Pink d ial Watch
51148,51148,data/raw/fashion-product-images-small/images/51148.jpg,Accessories,Socks,Socks,Black,Parx Men Black Socks
7758,7758,data/raw/fashion-product-images-small/images/7758.jpg,Apparel,Topwear,Tshirts,Purple,Indigo Nation Men Terrible Things Purple Beige T-shirt
40792,40792,data/raw/fashion-product-images-small/images/40792.jpg,Footwear,Shoes,Casual Shoes,Black,Quiksilver Men Black Foundation Casual Shoes
10264,10264,data/raw/fashion-product-images-small/images/10264.jpg,Footwear,Shoes,Formal Shoes,Black,Clarks Men Goya Band Leather Black Formal Shoes
50404,50404,data/raw/fashion-product-images-small/images/50404.jpg,Accessories,Watches,Watches,Steel,Miss Sixty Purple Watch
41876,41876,data/raw/fashion-product-images-small/images/41876.jpg,Footwear,Sandal,Sandals,Black,Estd. 1977 Men Beige & Black Sandals
11055,11055,data/raw/fashion-product-images-small/images/11055.jpg,Apparel,Topwear,Shirts,Blue,Scullers Men Check Blue Shirt
47609,47609,data/raw/fashion-product-images-small/images/47609.jpg,Footwear,Shoes,Heels,Maroon,Portia Women Maroon Flats
59505,59505,data/raw/fashion-product-images-small/images/59505.jpg,Accessories,Jewellery,Pendant,Silver,Lucera Silver Pendant With Chain
35678,35678,data/raw/fashion-product-images-small/images/35678.jpg,Footwear,Shoes,Casual Shoes,Brown,U.S. Polo Assn. Men Brown Shoes
22189,22189,data/raw/fashion-product-images-small/images/22189.jpg,Footwear,Shoes,Casual Shoes,Brown,Timberland Men Brown Casual Shoes
27860,27860,data/raw/fashion-product-images-small/images/27860.jpg,Apparel,Topwear,Shirts,Blue,Scullers For Her Women Check Blue Shirt
22621,22621,data/raw/fashion-product-images-small/images/22621.jpg,Apparel,Topwear,Tshirts,Black,Nike Men Printed Black T-shirt
24833,24833,data/raw/fashion-product-images-small/images/24833.jpg,Accessories,Bags,Backpacks,Red,Wildcraft Unisex Red Backpack
15163,15163,data/raw/fashion-product-images-small/images/15163.jpg,Apparel,Topwear,Tshirts,Cream,Arrow Sport Men Cream Polo Tshirts
3594,3594,data/raw/fashion-product-images-small/images/3594.jpg,Footwear,Shoes,Casual Shoes,White,Converse Men's Chuck Taylor Print OX White Canvas Shoe
10466,10466,data/raw/fashion-product-images-small/images/10466.jpg,Apparel,Topwear,Tshirts,Grey,Flying Machine Men Grey Polo Tshirts
43314,43314,data/raw/fashion-product-images-small/images/43314.jpg,Apparel,Topwear,Sweaters,Yellow,United Colors of Benetton Women Yellow Sweater
22213,22213,data/raw/fashion-product-images-small/images/22213.jpg,Accessories,Shoe Accessories,Shoe Accessories,Brown,Timberland Unisex Brown Shoe Laces
37997,37997,data/raw/fashion-product-images-small/images/37997.jpg,Footwear,Flip Flops,Flip Flops,Black,Kelme Men Black Flip Flops
6271,6271,data/raw/fashion-product-images-small/images/6271.jpg,Apparel,Topwear,Tshirts,Grey,UCB Men's Details Grey T-shirt
9856,9856,data/raw/fashion-product-images-small/images/9856.jpg,Apparel,Topwear,Tshirts,Red,Status Quo Men Red Polo Tshirts
6808,6808,data/raw/fashion-product-images-small/images/6808.jpg,Footwear,Shoes,Casual Shoes,Yellow,Timberland Women's Prem Wheat Yellow Shoe
45904,45904,data/raw/fashion-product-images-small/images/45904.jpg,Accessories,Watches,Watches,Grey,Maxima Men Grey Dial Watch
37889,37889,data/raw/fashion-product-images-small/images/37889.jpg,Accessories,Socks,Socks,Multi,Happy Socks Unisex Multi Color Socks
7663,7663,data/raw/fashion-product-images-small/images/7663.jpg,Apparel,Topwear,Tshirts,Green,Puma Men's Silly Point Green T-shirt
56981,56981,data/raw/fashion-product-images-small/images/56981.jpg,Footwear,Shoes,Flats,Gold,HM Women Golden Sandals
48928,48928,data/raw/fashion-product-images-small/images/48928.jpg,Accessories,Jewellery,Ring,Silver,Lucera Women Silver Ring
4286,4286,data/raw/fashion-product-images-small/images/4286.jpg,Footwear,Shoes,Casual Shoes,Grey,Rockport Men Cashaw Grey Shoe
27891,27891,data/raw/fashion-product-images-small/images/27891.jpg,Apparel,Topwear,Shirts,Purple,Scullers For Her Purple Striped Shirt
48886,48886,data/raw/fashion-product-images-small/images/48886.jpg,Accessories,Jewellery,Pendant,Silver,Lucera Women Silver Pendant with Chain
14425,14425,data/raw/fashion-product-images-small/images/14425.jpg,Footwear,Shoes,Heels,Tan,Enroute Women Casual Tan Flats
15516,15516,data/raw/fashion-product-images-small/images/15516.jpg,Footwear,Flip Flops,Flip Flops,Navy Blue,Rockport Men Altrezlp Navy Blue Flip Flops
16323,16323,data/raw/fashion-product-images-small/images/16323.jpg,Apparel,Topwear,Tshirts,Green,Peter England Men Printed Green TShirt
50439,50439,data/raw/fashion-product-images-small/images/50439.jpg,Apparel,Innerwear,Briefs,Grey,Chromozome Men Grey Briefs
26286,26286,data/raw/fashion-product-images-small/images/26286.jpg,Apparel,Topwear,Tshirts,Red,Proline Men Red T-shirt with Printed Detail
23783,23783,data/raw/fashion-product-images-small/images/23783.jpg,Accessories,Eyewear,Sunglasses,Brown,Oakley Women Fringe Brown Sunglasses
57122,57122,data/raw/fashion-product-images-small/images/57122.jpg,Apparel,Topwear,Tops,White,Elle Women White Tops
53775,53775,data/raw/fashion-product-images-small/images/53775.jpg,Apparel,Topwear,Tshirts,Red,Puma Men Soft Red T-shirt
47303,47303,data/raw/fashion-product-images-small/images/47303.jpg,Accessories,Bags,Clutches,Black,Baggit Women Black Purse
47279,47279,data/raw/fashion-product-images-small/images/47279.jpg,Footwear,Shoes,Formal Shoes,Brown,Franco Leone Men Brown Formal Shoes
31108,31108,data/raw/fashion-product-images-small/images/31108.jpg,Apparel,Topwear,Tshirts,White,Palm Tree Boys Printed White T-shirt
37692,37692,data/raw/fashion-product-images-small/images/37692.jpg,Accessories,Bags,Backpacks,Blue,American Tourister Unisex Blue Backpack
9798,9798,data/raw/fashion-product-images-small/images/9798.jpg,Apparel,Topwear,Shirts,Blue,Spykar Men Ranger White Navy Stripe Blue Shirts
59084,59084,data/raw/fashion-product-images-small/images/59084.jpg,Apparel,Innerwear,Bra,White,Peri Peri Women White Bra
7848,7848,data/raw/fashion-product-images-small/images/7848.jpg,Apparel,Topwear,Tshirts,Orange,Proline Men Printed T-shirt
4329,4329,data/raw/fashion-product-images-small/images/4329.jpg,Apparel,Topwear,Tshirts,Orange,Tantra Kid's Unisex Feeding Me Orange Kidswear
5898,5898,data/raw/fashion-product-images-small/images/5898.jpg,Footwear,Shoes,Casual Shoes,Blue,Puma Men Tekkies Jam Blue Shoe
8734,8734,data/raw/fashion-product-images-small/images/8734.jpg,Apparel,Topwear,Shirts,Purple,Indigo Nation Men Striped Shirt
9585,9585,data/raw/fashion-product-images-small/images/9585.jpg,Accessories,Bags,Handbags,Black,Puma Women Ferrari LS Shopper Black Handbags
12264,12264,data/raw/fashion-product-images-small/images/12264.jpg,Apparel,Topwear,Shirts,Grey,Genesis Men Grey Shirt
56976,56976,data/raw/fashion-product-images-small/images/56976.jpg,Footwear,Shoes,Heels,Black,HM Women Black Sandals
22479,22479,data/raw/fashion-product-images-small/images/22479.jpg,Apparel,Topwear,Tshirts,Black,Timberland Men Black Linear Logo T-Shirt
24846,24846,data/raw/fashion-product-images-small/images/24846.jpg,Apparel,Topwear,Jackets,Grey,Wildcraft Men Grey Wind Cheater Jacket
26937,26937,data/raw/fashion-product-images-small/images/26937.jpg,Apparel,Topwear,Tshirts,White,Jealous 21 Women Printed White T-shirt
4702,4702,data/raw/fashion-product-images-small/images/4702.jpg,Accessories,Watches,Watches,Black,ADIDAS Unisex Toronto 3-Hand Black Watch
50861,50861,data/raw/fashion-product-images-small/images/50861.jpg,Apparel,Saree,Sarees,Cream,Prafful Cream & Purple Printed Sari
48522,48522,data/raw/fashion-product-images-small/images/48522.jpg,Apparel,Dress,Jumpsuit,Blue,French Connection Women Blue Jumpsuit
42698,42698,data/raw/fashion-product-images-small/images/42698.jpg,Footwear,Shoes,Flats,Black,Rocia Women Black Sandals
33593,33593,data/raw/fashion-product-images-small/images/33593.jpg,Apparel,Topwear,Tshirts,White,Wrangler Men Summer Throwdown White T-shirt
29118,29118,data/raw/fashion-product-images-small/images/29118.jpg,Accessories,Socks,Socks,White,Puma Kids Singlet Quarter White Socks
34777,34777,data/raw/fashion-product-images-small/images/34777.jpg,Accessories,Bags,Handbags,Black,Be For Bag Women Pack of 3 Bag
42536,42536,data/raw/fashion-product-images-small/images/42536.jpg,Apparel,Topwear,Kurtas,Multi,Mother Earth Women Multi Coloured Kurta
20228,20228,data/raw/fashion-product-images-small/images/20228.jpg,Apparel,Topwear,Sweaters,Red,Wrangler Women Cable Red Sweater
43538,43538,data/raw/fashion-product-images-small/images/43538.jpg,Apparel,Topwear,Tops,Blue,French Connection Women Blue Top
3382,3382,data/raw/fashion-product-images-small/images/3382.jpg,Accessories,Bags,Handbags,Brown,Murcia Brown Solid Shoulder Bag
25498,25498,data/raw/fashion-product-images-small/images/25498.jpg,Footwear,Flip Flops,Flip Flops,Blue,Nike Women Aquahype Blue Flip Flops
38615,38615,data/raw/fashion-product-images-small/images/38615.jpg,Apparel,Topwear,Tshirts,Black,Nike Men Printed Mamba Black T-shirt
8099,8099,data/raw/fashion-product-images-small/images/8099.jpg,Accessories,Watches,Watches,Black,Fastrack Women Black Dial Watch NES014SL01
19069,19069,data/raw/fashion-product-images-small/images/19069.jpg,Apparel,Topwear,Kurtis,Green,W Women Gathered Design Green Kurti
45246,45246,data/raw/fashion-product-images-small/images/45246.jpg,Accessories,Watches,Watches,Black,Casio Vintage Collection Digital Watch F-94WA-8DG(D052)
15240,15240,data/raw/fashion-product-images-small/images/15240.jpg,Footwear,Shoes,Casual Shoes,Black,ADIDAS Originals Men Valley-Fdt Black Casual Shoes
49324,49324,data/raw/fashion-product-images-small/images/49324.jpg,Accessories,Watches,Watches,White,DKNY Women White Dial Watch NY3715
11281,11281,data/raw/fashion-product-images-small/images/11281.jpg,Apparel,Bottomwear,Jeans,Blue,Wrangler Men Blue Texas Jeans
50443,50443,data/raw/fashion-product-images-small/images/50443.jpg,Apparel,Innerwear,Briefs,Navy Blue,Chromozome Men Navy Blue Brief
19864,19864,data/raw/fashion-product-images-small/images/19864.jpg,Footwear,Shoes,Sports Shoes,Navy Blue,ADIDAS Men Carlton Navy Blue  Running Sports Shoe
56642,56642,data/raw/fashion-product-images-small/images/56642.jpg,Apparel,Topwear,Tunics,Black,Mumbai Slang Women Black Tunic
58000,58000,data/raw/fashion-product-images-small/images/58000.jpg,Apparel,Dress,Dresses,Black,Latin Quarters Women Black Printed Dress
12867,12867,data/raw/fashion-product-images-small/images/12867.jpg,Footwear,Shoes,Casual Shoes,Black,Lee Cooper Men Casual Black Shoes
34924,34924,data/raw/fashion-product-images-small/images/34924.jpg,Apparel,Topwear,Dupatta,Green,Fabindia Green Dupatta
13703,13703,data/raw/fashion-product-images-small/images/13703.jpg,Footwear,Shoes,Casual Shoes,Black,Fila Men Black Gautier Shoes
34109,34109,data/raw/fashion-product-images-small/images/34109.jpg,Apparel,Topwear,Tops,Blue,Doodle Girls Printed Blue Top
25919,25919,data/raw/fashion-product-images-small/images/25919.jpg,Apparel,Topwear,Tshirts,Magenta,Femella Women Magenta T-shirt
47061,47061,data/raw/fashion-product-images-small/images/47061.jpg,Apparel,Bottomwear,Patiala,Brown,Shree Women Brown & Black Patiala
33520,33520,data/raw/fashion-product-images-small/images/33520.jpg,Footwear,Shoes,Heels,Charcoal,Cobblerz Women Charcoal Grey Wedges
50637,50637,data/raw/fashion-product-images-small/images/50637.jpg,Apparel,Innerwear,Innerwear Vests,Red,Chromozome Men Red Innerwear Vest
38133,38133,data/raw/fashion-product-images-small/images/38133.jpg,Accessories,Bags,Handbags,Red,Wildcraft Unisex Red Lunch Bag
2638,2638,data/raw/fashion-product-images-small/images/2638.jpg,Footwear,Shoes,Formal Shoes,Brown,Carlton London Men's Semi Formal Coffee Shoe
36650,36650,data/raw/fashion-product-images-small/images/36650.jpg,Accessories,Wallets,Wallets,Pink,Paridhan Women Pink Coin Pouch Wallet
51180,51180,data/raw/fashion-product-images-small/images/51180.jpg,Accessories,Socks,Socks,Brown,Raymond Men Brown Socks
2980,2980,data/raw/fashion-product-images-small/images/2980.jpg,Apparel,Topwear,Tshirts,White,Puma Men's Tee2 White T-shirt
1951,1951,data/raw/fashion-product-images-small/images/1951.jpg,Footwear,Shoes,Sports Shoes,Purple,Puma Women Eco Funky Shoes
53004,53004,data/raw/fashion-product-images-small/images/53004.jpg,Apparel,Saree,Sarees,Grey,FNF Grey Sari
42671,42671,data/raw/fashion-product-images-small/images/42671.jpg,Apparel,Topwear,Kurtas,Green,Alma Women Green Kurta
47247,47247,data/raw/fashion-product-images-small/images/47247.jpg,Footwear,Shoes,Casual Shoes,Blue,Playboy Men Blue Canvas Shoes
29228,29228,data/raw/fashion-product-images-small/images/29228.jpg,Footwear,Shoes,Sports Shoes,White,ADIDAS Men Raise Up White Sports Shoes
39451,39451,data/raw/fashion-product-images-small/images/39451.jpg,Apparel,Topwear,Kurtas,Brown,Diva Women Brown Printed Kurta
7749,7749,data/raw/fashion-product-images-small/images/7749.jpg,Apparel,Topwear,Tshirts,Purple,Indigo Nation Men Young Lords Purple T-shirt
11084,11084,data/raw/fashion-product-images-small/images/11084.jpg,Apparel,Topwear,Shirts,Blue,Scullers Men Check Blue Shirts
20334,20334,data/raw/fashion-product-images-small/images/20334.jpg,Apparel,Topwear,Tshirts,Blue,Mr.Men Men Printed Blue Tshirt
36376,36376,data/raw/fashion-product-images-small/images/36376.jpg,Accessories,Socks,Socks,Navy Blue,Reid & Taylor Men Navy Blue Socks
38650,38650,data/raw/fashion-product-images-small/images/38650.jpg,Footwear,Shoes,Casual Shoes,Brown,Nike Men Capri Brown Shoes
18233,18233,data/raw/fashion-product-images-small/images/18233.jpg,Apparel,Topwear,Tshirts,Red,Manchester United Men Printed Red Tshirt
5046,5046,data/raw/fashion-product-images-small/images/5046.jpg,Footwear,Shoes,Sports Shoes,White,Fila Men's Vision White Navy Shoe
43688,43688,data/raw/fashion-product-images-small/images/43688.jpg,Apparel,Topwear,Tops,Pink,Doodle Girls Pink Top
7669,7669,data/raw/fashion-product-images-small/images/7669.jpg,Apparel,Topwear,Tshirts,White,Puma Men's Round Neck White T-shirt
8647,8647,data/raw/fashion-product-images-small/images/8647.jpg,Accessories,Eyewear,Sunglasses,Blue,Fastrack Unisex Denim Sunglasses
3891,3891,data/raw/fashion-product-images-small/images/3891.jpg,Apparel,Topwear,Tshirts,White,Wrangler Men's Born Free Eagle Offwhite T-shirt
22178,22178,data/raw/fashion-product-images-small/images/22178.jpg,Footwear,Shoes,Casual Shoes,Navy Blue,Timberland Men Navy Blue Casual Shoes
33621,33621,data/raw/fashion-product-images-small/images/33621.jpg,Accessories,Wallets,Wallets,Purple,Lino Perros Women Leather Purple Wallet
52108,52108,data/raw/fashion-product-images-small/images/52108.jpg,Apparel,Topwear,Kurtas,White,Myntra Women White Floral Printed Kurta
3434,3434,data/raw/fashion-product-images-small/images/3434.jpg,Apparel,Topwear,Tshirts,Black,Myntra Mens So You Love Me T-shirt
22176,22176,data/raw/fashion-product-images-small/images/22176.jpg,Footwear,Sandal,Sports Sandals,Grey,Timberland Women Grey Sandals
18621,18621,data/raw/fashion-product-images-small/images/18621.jpg,Apparel,Topwear,Tshirts,Black,Puma Men Team Essential Polo Black Tshirts
37302,37302,data/raw/fashion-product-images-small/images/37302.jpg,Accessories,Watches,Watches,Off White,Casio Enticer Women Off-White Multi-Dial Watch LTP-2083L-4AVDF(A532)
26595,26595,data/raw/fashion-product-images-small/images/26595.jpg,Footwear,Shoes,Sports Shoes,White,Puma Men Jago Ripstop White Sports Shoes
32649,32649,data/raw/fashion-product-images-small/images/32649.jpg,Apparel,Bottomwear,Shorts,Black,Nike Men Black Shorts
10068,10068,data/raw/fashion-product-images-small/images/10068.jpg,Apparel,Topwear,Tshirts,White,Puma Men lifestyle graphitti White Tshirts
47501,47501,data/raw/fashion-product-images-small/images/47501.jpg,Footwear,Shoes,Casual Shoes,Red,Footfun Kids Unisex Red Shoes
40998,40998,data/raw/fashion-product-images-small/images/40998.jpg,Apparel,Bottomwear,Jeans,Black,Palm Tree Girls Woven Black Jeans
19902,19902,data/raw/fashion-product-images-small/images/19902.jpg,Footwear,Shoes,Casual Shoes,Red,Converse Unisex Red Chuck Taylor All Star Canvas Shoes
50480,50480,data/raw/fashion-product-images-small/images/50480.jpg,Apparel,Innerwear,Briefs,Grey Melange,Chromozome Men Grey Briefs
40325,40325,data/raw/fashion-product-images-small/images/40325.jpg,Footwear,Shoes,Sports Shoes,White,ADIDAS Men White Sport Shoes
2106,2106,data/raw/fashion-product-images-small/images/2106.jpg,Apparel,Bottomwear,Shorts,Navy Blue,ADIDAS Men's Chelsea Striped Black Shorts
16001,16001,data/raw/fashion-product-images-small/images/16001.jpg,Apparel,Topwear,Sweaters,Blue,Turtle Solid Men Blue Sweaters
35680,35680,data/raw/fashion-product-images-small/images/35680.jpg,Footwear,Shoes,Casual Shoes,Brown,U.S. Polo Assn. Men Brown Shoes
10579,10579,data/raw/fashion-product-images-small/images/10579.jpg,Apparel,Topwear,Tshirts,Black,Puma Men Black Polo Tshirts
8842,8842,data/raw/fashion-product-images-small/images/8842.jpg,Apparel,Bottomwear,Trousers,Beige,Scullers Men Scul Beige Trousers
31118,31118,data/raw/fashion-product-images-small/images/31118.jpg,Apparel,Topwear,Tops,Red,Gini and Jony Girls Red Top
40666,40666,data/raw/fashion-product-images-small/images/40666.jpg,Apparel,Topwear,Tops,Navy Blue,Lee Women Rosa Navy Blue Top
30346,30346,data/raw/fashion-product-images-small/images/30346.jpg,Apparel,Topwear,Tshirts,Off White,Myntra Men Peace-War Off White T-shirt
8298,8298,data/raw/fashion-product-images-small/images/8298.jpg,Footwear,Flip Flops,Flip Flops,Black,Skechers Men Aiser Black Flip Flop
39215,39215,data/raw/fashion-product-images-small/images/39215.jpg,Apparel,Topwear,Tops,Black,Femella Women Black One Pocket Tank Top
2045,2045,data/raw/fashion-product-images-small/images/2045.jpg,Apparel,Topwear,Tshirts,Black,ADIDAS Mens Multi Black T-shirt
23143,23143,data/raw/fashion-product-images-small/images/23143.jpg,Apparel,Topwear,Sweatshirts,Magenta,Quechua Women  Fleece Magenta Sweatshirt
26649,26649,data/raw/fashion-product-images-small/images/26649.jpg,Footwear,Shoes,Sports Shoes,Grey,Puma Men TX-3 Grey & Blue Sports Shoes
22145,22145,data/raw/fashion-product-images-small/images/22145.jpg,Footwear,Shoes,Formal Shoes,Tan,Lee Cooper Men Tan Formal Shoes
20307,20307,data/raw/fashion-product-images-small/images/20307.jpg,Apparel,Topwear,Sweaters,White,Jealous 21 Women Solid White Sweater
48424,48424,data/raw/fashion-product-images-small/images/48424.jpg,Apparel,Topwear,Tshirts,White,French Connection Men White Printed T-shirt
5243,5243,data/raw/fashion-product-images-small/images/5243.jpg,Footwear,Shoes,Sports Shoes,Black,Reebok Men's Zigdhoni Black Shoe
40001,40001,data/raw/fashion-product-images-small/images/40001.jpg,Accessories,Eyewear,Sunglasses,Black,Park Avenue Men Black Frame Sunglasses
36386,36386,data/raw/fashion-product-images-small/images/36386.jpg,Accessories,Socks,Socks,Black,Reid & Taylor Men Black Socks
21170,21170,data/raw/fashion-product-images-small/images/21170.jpg,Apparel,Topwear,Tops,Grey,s.Oliver Women Printed Grey Top
9197,9197,data/raw/fashion-product-images-small/images/9197.jpg,Footwear,Shoes,Sports Shoes,White,Puma Women Ikonis 2 XT White Shoes
35647,35647,data/raw/fashion-product-images-small/images/35647.jpg,Footwear,Sandal,Sandals,Brown,U.S. Polo Assn. Men Brown Sandals
16984,16984,data/raw/fashion-product-images-small/images/16984.jpg,Footwear,Sandal,Sandals,Black,Puma Men Miami Black Slipper
13909,13909,data/raw/fashion-product-images-small/images/13909.jpg,Footwear,Sandal,Sandals,Black,Nike Men Mikumi Black Sandals
49066,49066,data/raw/fashion-product-images-small/images/49066.jpg,Accessories,Bags,Handbags,Navy Blue,Lino Perros Women Navy Blue Handbag
36476,36476,data/raw/fashion-product-images-small/images/36476.jpg,Footwear,Shoes,Casual Shoes,Black,Spinn Men Agile Black Shoes
7684,7684,data/raw/fashion-product-images-small/images/7684.jpg,Apparel,Topwear,Tshirts,Black,Puma Men's Brazil Black Green T-shirt
19921,19921,data/raw/fashion-product-images-small/images/19921.jpg,Accessories,Bags,Backpacks,Yellow,Wildcraft Unisex Gear for Life Yellow Backpack
28771,28771,data/raw/fashion-product-images-small/images/28771.jpg,Apparel,Topwear,Kurtis,Green,Aurelia Women Printed Green Kurti
18628,18628,data/raw/fashion-product-images-small/images/18628.jpg,Apparel,Topwear,Sweaters,Brown,Puma Men Knitted Chocolate Brown Sweaters
56992,56992,data/raw/fashion-product-images-small/images/56992.jpg,Footwear,Shoes,Flats,Black,HM Women Black Shoes
28817,28817,data/raw/fashion-product-images-small/images/28817.jpg,Apparel,Bottomwear,Jeans,Black,Denizen Men Black Jeans
12388,12388,data/raw/fashion-product-images-small/images/12388.jpg,Accessories,Ties,Ties,Maroon,Reid & Taylor Men Printed Maroon Ties
52103,52103,data/raw/fashion-product-images-small/images/52103.jpg,Apparel,Topwear,Kurtis,Pink,Myntra Women Pink Kurti
49228,49228,data/raw/fashion-product-images-small/images/49228.jpg,Accessories,Socks,Socks,Brown,Calzini Men Pack of 5 Sport Socks
13915,13915,data/raw/fashion-product-images-small/images/13915.jpg,Footwear,Shoes,Sports Shoes,White,Nike Men 2.04 SL White Sports Shoes
45186,45186,data/raw/fashion-product-images-small/images/45186.jpg,Accessories,Watches,Watches,White,CASIO ENTICER Women White Dial Analogue Watch A634
3504,3504,data/raw/fashion-product-images-small/images/3504.jpg,Footwear,Sandal,Sandals,Brown,ADIDAS Men Spry Wine Black Sandal
3406,3406,data/raw/fashion-product-images-small/images/3406.jpg,Accessories,Bags,Handbags,White,Murcia Women White Dotted Handbag
18410,18410,data/raw/fashion-product-images-small/images/18410.jpg,Footwear,Shoes,Flats,Brown,Skechers Women Tone-Ups Brown Sandals
7493,7493,data/raw/fashion-product-images-small/images/7493.jpg,Apparel,Bottomwear,Capris,Purple,Nike Women Squad Purple Capri
3223,3223,data/raw/fashion-product-images-small/images/3223.jpg,Footwear,Shoes,Sports Shoes,Multi,Puma Women Axis Pink Dark Shadow Shoe
13259,13259,data/raw/fashion-product-images-small/images/13259.jpg,Apparel,Bottomwear,Jeans,Black,Palm Tree Kids Girl Washed Black Jeans
19813,19813,data/raw/fashion-product-images-small/images/19813.jpg,Apparel,Topwear,Sweatshirts,Green,U.S. Polo Assn. Men Solid Green Sweatshirt
12626,12626,data/raw/fashion-product-images-small/images/12626.jpg,Apparel,Topwear,Tshirts,Navy Blue,Probase Men Printed Navy Blue Tshirts
11389,11389,data/raw/fashion-product-images-small/images/11389.jpg,Apparel,Topwear,Tshirts,White,United Colors of Benetton Men White T-shirt
22098,22098,data/raw/fashion-product-images-small/images/22098.jpg,Footwear,Shoes,Casual Shoes,Navy Blue,Numero Uno Men Casual Navy Blue Shoes
7086,7086,data/raw/fashion-product-images-small/images/7086.jpg,Accessories,Bags,Wallets,Blue,Wildcraft Women Blue Printed Wallet
5037,5037,data/raw/fashion-product-images-small/images/5037.jpg,Footwear,Shoes,Casual Shoes,White,Fila Men White Ample Shoes
19944,19944,data/raw/fashion-product-images-small/images/19944.jpg,Accessories,Bags,Backpacks,Blue,Nike Unisex Cheyenne Blue Backpack
17532,17532,data/raw/fashion-product-images-small/images/17532.jpg,Accessories,Headwear,Caps,Black,ADIDAS Unisex Sports Black Caps
28194,28194,data/raw/fashion-product-images-small/images/28194.jpg,Accessories,Eyewear,Sunglasses,Gold,Ray-Ban Men Sunglasses
29927,29927,data/raw/fashion-product-images-small/images/29927.jpg,Accessories,Watches,Watches,Grey,Police Men Grey Dial Chronograph Watch PL12880JS-02M
10766,10766,data/raw/fashion-product-images-small/images/10766.jpg,Footwear,Flip Flops,Flip Flops,Yellow,Disney Unisex Kids Basic Yellow Flip Flops
7263,7263,data/raw/fashion-product-images-small/images/7263.jpg,Footwear,Shoes,Casual Shoes,Brown,Rockport Men's Gavia Dark Brown Shoe
32585,32585,data/raw/fashion-product-images-small/images/32585.jpg,Apparel,Bottomwear,Trousers,Black,Only  Women Black Trousers
58577,58577,data/raw/fashion-product-images-small/images/58577.jpg,Apparel,Topwear,Tshirts,Black,Puma Men Black T-shirt
9563,9563,data/raw/fashion-product-images-small/images/9563.jpg,Apparel,Topwear,Shirts,Blue,John Miller Men Striped Light Blue Striped Shirt
18266,18266,data/raw/fashion-product-images-small/images/18266.jpg,Apparel,Topwear,Kurtas,Blue,Aneri Women Swati Blue Kurta
11656,11656,data/raw/fashion-product-images-small/images/11656.jpg,Apparel,Topwear,Tshirts,Red,Lee Women Printed Red Tshirts
10506,10506,data/raw/fashion-product-images-small/images/10506.jpg,Apparel,Topwear,Tops,Red,Flying Machine Women Fuschia Red Tshirts
30737,30737,data/raw/fashion-product-images-small/images/30737.jpg,Apparel,Topwear,Waistcoat,Red,Fabindia Men Red Silk Sleeveless Waistcoat
34551,34551,data/raw/fashion-product-images-small/images/34551.jpg,Accessories,Bags,Handbags,Black,Puma Women Originals Mono Black Handbag
19930,19930,data/raw/fashion-product-images-small/images/19930.jpg,Accessories,Accessories,Accessory Gift Set,Blue,Reid & Taylor Men Formal Blue Tie+Cufflink+Pocket square - Combo Pack
33913,33913,data/raw/fashion-product-images-small/images/33913.jpg,Accessories,Watches,Watches,Gold,Citizen Men Gold Dial Watch
12068,12068,data/raw/fashion-product-images-small/images/12068.jpg,Apparel,Topwear,Kurtas,White,W Women Printed White Kurtas
27712,27712,data/raw/fashion-product-images-small/images/27712.jpg,Accessories,Bags,Handbags,Pink,Murcia Women Pink Handbag
12095,12095,data/raw/fashion-product-images-small/images/12095.jpg,Apparel,Topwear,Kurtas,Purple,W Women Printed Violet Kurtas
10646,10646,data/raw/fashion-product-images-small/images/10646.jpg,Apparel,Topwear,Tshirts,Red,Doodle Boy Athlethic Red Tshirts
45250,45250,data/raw/fashion-product-images-small/images/45250.jpg,Accessories,Watches,Watches,Black,Casio Youth Series Men Digital Watch AE-2000W-1AVDF(D083)
50241,50241,data/raw/fashion-product-images-small/images/50241.jpg,Accessories,Bags,Handbags,Blue,Stoln Women Blue Handbag
42064,42064,data/raw/fashion-product-images-small/images/42064.jpg,Accessories,Bags,Trolley Bag,Black,American Tourister Unisex Black Trolley Bag
48240,48240,data/raw/fashion-product-images-small/images/48240.jpg,Apparel,Topwear,Tshirts,Yellow,Avengers Boys Yellow Printed T-shirt
19052,19052,data/raw/fashion-product-images-small/images/19052.jpg,Footwear,Shoes,Heels,Brown,Catwalk Women Classic Brown Flats
6961,6961,data/raw/fashion-product-images-small/images/6961.jpg,Footwear,Shoes,Sports Shoes,White,Spalding Men's Running White Blue Shoe
4809,4809,data/raw/fashion-product-images-small/images/4809.jpg,Apparel,Bottomwear,Shorts,Navy Blue,ADIDAS Men's Prophecy Navy Blue Short
12120,12120,data/raw/fashion-product-images-small/images/12120.jpg,Apparel,Topwear,Kurtas,Orange,Aurelia Women Printed Orange Kurtas
9919,9919,data/raw/fashion-product-images-small/images/9919.jpg,Accessories,Bags,Handbags,Black,Puma Women Ferrari LS Black Handbags
39522,39522,data/raw/fashion-product-images-small/images/39522.jpg,Accessories,Bags,Laptop Bag,Black,Peter England Unisex Black Bag
57028,57028,data/raw/fashion-product-images-small/images/57028.jpg,Apparel,Topwear,Tops,Red,Forever New Women Red Top
32219,32219,data/raw/fashion-product-images-small/images/32219.jpg,Apparel,Topwear,Kurtas,White,Fabindia Women Printed White Kurta
23265,23265,data/raw/fashion-product-images-small/images/23265.jpg,Accessories,Watches,Watches,Cream,Maxima Men Cream Dial Watch
12123,12123,data/raw/fashion-product-images-small/images/12123.jpg,Apparel,Topwear,Kurtas,Brown,Aurelia Women Printed Brown Kurtas
5212,5212,data/raw/fashion-product-images-small/images/5212.jpg,Apparel,Topwear,Tshirts,Grey,Aerosmith Men's Got My Wings Dark Grey T-shirt
35429,35429,data/raw/fashion-product-images-small/images/35429.jpg,Footwear,Shoes,Sports Shoes,Brown,ADIDAS Men Astride Brown Sports Shoes
16113,16113,data/raw/fashion-product-images-small/images/16113.jpg,Footwear,Sandal,Sandals,Brown,Numero Uno Men Casual Brown Slipper
30178,30178,data/raw/fashion-product-images-small/images/30178.jpg,Accessories,Watches,Watches,White,Esprit Men White Dial Watch
35826,35826,data/raw/fashion-product-images-small/images/35826.jpg,Footwear,Shoes,Sports Shoes,White,Fila Men Cavier White Sports Shoes
33916,33916,data/raw/fashion-product-images-small/images/33916.jpg,Accessories,Watches,Watches,Steel,Citizen Women White Dial Watch
46009,46009,data/raw/fashion-product-images-small/images/46009.jpg,Apparel,Saree,Sarees,Olive,Fabindia Olive Mull Hand Printed Sari
2613,2613,data/raw/fashion-product-images-small/images/2613.jpg,Footwear,Shoes,Flats,Silver,Carlton London Women Crystal Silver Sandal
40941,40941,data/raw/fashion-product-images-small/images/40941.jpg,Apparel,Topwear,Tops,Pink,Gini and Jony Girls Pretty Pink Top
48169,48169,data/raw/fashion-product-images-small/images/48169.jpg,Accessories,Wallets,Wallets,Brown,Fossil Women Brown Wallet
59264,59264,data/raw/fashion-product-images-small/images/59264.jpg,Accessories,Watches,Watches,White,Titan Women White Watch
37468,37468,data/raw/fashion-product-images-small/images/37468.jpg,Accessories,Wallets,Wallets,Black,Turtle Men Black Wallet
16982,16982,data/raw/fashion-product-images-small/images/16982.jpg,Footwear,Flip Flops,Flip Flops,Black,Puma Men Lynx Black Slipper
13530,13530,data/raw/fashion-product-images-small/images/13530.jpg,Accessories,Mufflers,Mufflers,Navy Blue,Scullers Green Stripe Muffler
2727,2727,data/raw/fashion-product-images-small/images/2727.jpg,Apparel,Topwear,Tshirts,Yellow,Disney Kids Boy's Yellow Polo Tshirt
43003,43003,data/raw/fashion-product-images-small/images/43003.jpg,Footwear,Shoes,Sports Shoes,Black,Nike Women Black Lunarswift Sports Shoes
37247,37247,data/raw/fashion-product-images-small/images/37247.jpg,Footwear,Shoes,Casual Shoes,Black,United Colors of Benetton Men Black Shoes
4531,4531,data/raw/fashion-product-images-small/images/4531.jpg,Footwear,Shoes,Sports Shoes,Black,Puma Women Tazon Black Silver Pink Shoe
32657,32657,data/raw/fashion-product-images-small/images/32657.jpg,Apparel,Topwear,Tshirts,Black,Nike Men Race Black T-shirt
49673,49673,data/raw/fashion-product-images-small/images/49673.jpg,Accessories,Eyewear,Sunglasses,Steel,United Colors of Benetton Men Sunglass
46491,46491,data/raw/fashion-product-images-small/images/46491.jpg,Accessories,Watches,Watches,Navy Blue,Timex Women Navy Dial Watch M303
45148,45148,data/raw/fashion-product-images-small/images/45148.jpg,Accessories,Watches,Watches,White,Casio Enticer Men Silver-Gold Analogue Multi-Dial Watch MTP-1300SG-7AVDF(A486)
9397,9397,data/raw/fashion-product-images-small/images/9397.jpg,Footwear,Shoes,Sports Shoes,White,Nike Women Wmns Lun White Sports Shoes
37774,37774,data/raw/fashion-product-images-small/images/37774.jpg,Apparel,Topwear,Shirts,Green,John Players Men Check Shirts
38469,38469,data/raw/fashion-product-images-small/images/38469.jpg,Accessories,Wallets,Wallets,Magenta,Baggit Women Magenta Voltage Sapera Wallet
28076,28076,data/raw/fashion-product-images-small/images/28076.jpg,Apparel,Innerwear,Trunk,Navy Blue,Jockey MC Men Navy Blue Midway Classic Trunks 1101
13118,13118,data/raw/fashion-product-images-small/images/13118.jpg,Footwear,Shoes,Casual Shoes,White,Numero Uno Men White Shoes
25055,25055,data/raw/fashion-product-images-small/images/25055.jpg,Accessories,Accessories,Accessory Gift Set,Brown,Lino Perros Men Formal Brown Accessory Gift Set
53420,53420,data/raw/fashion-product-images-small/images/53420.jpg,Apparel,Topwear,Kurtas,Blue,Alma Women Blue Printed Kurta
44502,44502,data/raw/fashion-product-images-small/images/44502.jpg,Footwear,Shoes,Casual Shoes,White,Force 10 Men White & Navy Blue Shoes
43651,43651,data/raw/fashion-product-images-small/images/43651.jpg,Apparel,Topwear,Tops,White,ONLY Women White Top
33227,33227,data/raw/fashion-product-images-small/images/33227.jpg,Apparel,Topwear,Tops,Cream,Sepia Women Cream Top
49723,49723,data/raw/fashion-product-images-small/images/49723.jpg,Accessories,Ties,Ties,Blue,Park Avenue Men Blue Tie
45881,45881,data/raw/fashion-product-images-small/images/45881.jpg,Accessories,Watches,Watches,Black,Maxima Men Black Dial Watch
7563,7563,data/raw/fashion-product-images-small/images/7563.jpg,Apparel,Topwear,Tshirts,Navy Blue,Nike Men's As Spher Navy Blue T-shirt
25330,25330,data/raw/fashion-product-images-small/images/25330.jpg,Accessories,Watches,Watches,Brown,CASIO Edifice Men Brown Dial Chronograph Watch EX030
6794,6794,data/raw/fashion-product-images-small/images/6794.jpg,Apparel,Topwear,Tshirts,Pink,Timberland Men's Rugby Stripe Pique Polo Pink T-shirt
10039,10039,data/raw/fashion-product-images-small/images/10039.jpg,Footwear,Shoes,Sports Shoes,White,Reebok Men Raceon White Sports Shoes
51526,51526,data/raw/fashion-product-images-small/images/51526.jpg,Accessories,Watches,Watches,Black,Fastrack Men Black Watch NB9332pp02
25882,25882,data/raw/fashion-product-images-small/images/25882.jpg,Accessories,Bags,Backpacks,Purple,American Tourister Unisex Casual Purple Backpack
53328,53328,data/raw/fashion-product-images-small/images/53328.jpg,Apparel,Innerwear,Boxers,Multi,Smugglerz Men Multi Coloured Check Boxers
13745,13745,data/raw/fashion-product-images-small/images/13745.jpg,Apparel,Topwear,Shirts,Blue,Belmonte Men Solid Blue Shirts
14035,14035,data/raw/fashion-product-images-small/images/14035.jpg,Apparel,Topwear,Shirts,Maroon,Flying Machine Men Check Maroon Shirts
38844,38844,data/raw/fashion-product-images-small/images/38844.jpg,Apparel,Dress,Dresses,Black,Latin Quarters Women Black & White Printed Dress
12282,12282,data/raw/fashion-product-images-small/images/12282.jpg,Apparel,Topwear,Shirts,Green,Genesis Men Green & Purple Striped Shirt
15219,15219,data/raw/fashion-product-images-small/images/15219.jpg,Footwear,Shoes,Casual Shoes,Black,ADIDAS Originals Men Adiracer Remodel Black Casual Shoes
41476,41476,data/raw/fashion-product-images-small/images/41476.jpg,Footwear,Shoes,Formal Shoes,Brown,Carlton London Brown Formal Oxfords
19708,19708,data/raw/fashion-product-images-small/images/19708.jpg,Apparel,Topwear,Shirts,Black,United Colors of Benetton Men Check Black Shirt
17458,17458,data/raw/fashion-product-images-small/images/17458.jpg,Accessories,Watches,Watches,Black,CASIO G-Shock Men Black Analogue-Digital Watch GA-100-1A4DR G272
29086,29086,data/raw/fashion-product-images-small/images/29086.jpg,Accessories,Wallets,Wallets,Black,Fastrack Men Leather Black Wallet
47246,47246,data/raw/fashion-product-images-small/images/47246.jpg,Footwear,Shoes,Casual Shoes,Green,Playboy Men Green Casual Shoes
23851,23851,data/raw/fashion-product-images-small/images/23851.jpg,Footwear,Shoes,Casual Shoes,Green,ADIDAS Men Green Color Can Casual Shoes
13733,13733,data/raw/fashion-product-images-small/images/13733.jpg,Apparel,Topwear,Shirts,Blue,Belmonte Men Check Blue Shirts
28210,28210,data/raw/fashion-product-images-small/images/28210.jpg,Accessories,Eyewear,Sunglasses,Metallic,Ray-Ban Men Active Lifestyle Metallic Sunglasses
10215,10215,data/raw/fashion-product-images-small/images/10215.jpg,Accessories,Bags,Handbags,Purple,Murcia Women Hths Purple Handbags
58509,58509,data/raw/fashion-product-images-small/images/58509.jpg,Apparel,Dress,Dresses,Off White,Tonga Off-White & Black Animal Print Dress
38582,38582,data/raw/fashion-product-images-small/images/38582.jpg,Apparel,Bottomwear,Shorts,Black,Nike Men Black Breakline Med Shorts
35096,35096,data/raw/fashion-product-images-small/images/35096.jpg,Accessories,Stoles,Stoles,Green,Allen Solly Women Green Stole
27796,27796,data/raw/fashion-product-images-small/images/27796.jpg,Accessories,Wallets,Wallets,Black,Bulchee Men Black Wallet
48526,48526,data/raw/fashion-product-images-small/images/48526.jpg,Footwear,Flip Flops,Flip Flops,Brown,Calvin Klein Men Brown Flip Flops
4085,4085,data/raw/fashion-product-images-small/images/4085.jpg,Apparel,Topwear,Tshirts,White,Inkfruit Men's Dark Poison White T-shirt
39462,39462,data/raw/fashion-product-images-small/images/39462.jpg,Apparel,Topwear,Kurtas,Brown,Diva Women Brown Kurta
39141,39141,data/raw/fashion-product-images-small/images/39141.jpg,Apparel,Apparel Set,Kurta Sets,Magenta,Aneri Women Magenta Salwar Suit
54484,54484,data/raw/fashion-product-images-small/images/54484.jpg,Apparel,Innerwear,Briefs,Black,Hanes Men Pack of Two Premium Bikini Briefs
18281,18281,data/raw/fashion-product-images-small/images/18281.jpg,Apparel,Topwear,Kurtas,Cream,Aneri Women Sufi Cream Kurta
25788,25788,data/raw/fashion-product-images-small/images/25788.jpg,Apparel,Topwear,Suspenders,Beige,Arrow Men Beige Suspenders
8513,8513,data/raw/fashion-product-images-small/images/8513.jpg,Accessories,Bags,Backpacks,Red,Nike Unisex Nike Graphic Red Backpacks
34440,34440,data/raw/fashion-product-images-small/images/34440.jpg,Apparel,Topwear,Tshirts,White,Myntra Women Love Heart White T-shirt
38814,38814,data/raw/fashion-product-images-small/images/38814.jpg,Apparel,Topwear,Shirts,Orange,Latin Quarters Women Orange & Grey Check Shirt
42173,42173,data/raw/fashion-product-images-small/images/42173.jpg,Apparel,Topwear,Tshirts,Grey,Status Quo Men Grey T-shirt
34618,34618,data/raw/fashion-product-images-small/images/34618.jpg,Apparel,Innerwear,Briefs,Navy Blue,Hanes Men ComfortSoft Pack of 2 Waistband Hip Briefs
29831,29831,data/raw/fashion-product-images-small/images/29831.jpg,Apparel,Topwear,Shirts,Purple,Basics Men Purple Shirt
47397,47397,data/raw/fashion-product-images-small/images/47397.jpg,Accessories,Bags,Handbags,Green,Baggit Women Green Sling Bag
36767,36767,data/raw/fashion-product-images-small/images/36767.jpg,Accessories,Watches,Watches,Green,Maxima Men Green Dial Watch
33716,33716,data/raw/fashion-product-images-small/images/33716.jpg,Accessories,Bags,Handbags,Black,Pieces Women Black Handbag
6080,6080,data/raw/fashion-product-images-small/images/6080.jpg,Apparel,Topwear,Tshirts,Green,UCB Men's Garment Dyed Green T-shirt
23682,23682,data/raw/fashion-product-images-small/images/23682.jpg,Footwear,Shoes,Casual Shoes,Black,Red Tape Men Black Casual Shoes
15844,15844,data/raw/fashion-product-images-small/images/15844.jpg,Apparel,Topwear,Kurtas,Blue,Visudh Blue Printed Ethnic Kurta
33924,33924,data/raw/fashion-product-images-small/images/33924.jpg,Accessories,Watches,Watches,Silver,Citizen Women White Dial Watch
17178,17178,data/raw/fashion-product-images-small/images/17178.jpg,Apparel,Topwear,Shirts,Maroon,U.S. Polo Assn. Men Checks Maroon Shirt
2682,2682,data/raw/fashion-product-images-small/images/2682.jpg,Apparel,Topwear,Tshirts,Navy Blue,Inkfruit Men's Hues Blue T-shirt
57077,57077,data/raw/fashion-product-images-small/images/57077.jpg,Apparel,Bottomwear,Jeans,Blue,Elle Women Light Blue Jeans
33650,33650,data/raw/fashion-product-images-small/images/33650.jpg,Footwear,Sandal,Sandals,Brown,Lotto Men Stride Brown Sandals
11105,11105,data/raw/fashion-product-images-small/images/11105.jpg,Apparel,Topwear,Shirts,Black,Indigo Nation Men Stripes Black Shirts
46470,46470,data/raw/fashion-product-images-small/images/46470.jpg,Accessories,Watches,Watches,Black,Timex Men Black Dial Watch
27990,27990,data/raw/fashion-product-images-small/images/27990.jpg,Apparel,Innerwear,Briefs,Charcoal,Jockey ZONE Men Charcoal Zone Briefs US17
27770,27770,data/raw/fashion-product-images-small/images/27770.jpg,Accessories,Wallets,Wallets,Black,Bulchee Men Ufficio Black Wallet
33661,33661,data/raw/fashion-product-images-small/images/33661.jpg,Footwear,Flip Flops,Flip Flops,Black,Lotto Men Caesar Slide Black Flip Flops
17264,17264,data/raw/fashion-product-images-small/images/17264.jpg,Apparel,Topwear,Tshirts,Blue,U.S. Polo Assn. Men Stripes Limoges Polo Tshirt
45661,45661,data/raw/fashion-product-images-small/images/45661.jpg,Apparel,Innerwear,Innerwear Vests,Grey Melange,Park Avenue Men Grey Melange Square Neck Vest
9395,9395,data/raw/fashion-product-images-small/images/9395.jpg,Footwear,Shoes,Sports Shoes,Black,Nike Men Nike Lunareli +2 Black Sports Shoes
5859,5859,data/raw/fashion-product-images-small/images/5859.jpg,Apparel,Topwear,Tshirts,White,ADIDAS Men's Allover White T-shirt
25495,25495,data/raw/fashion-product-images-small/images/25495.jpg,Footwear,Flip Flops,Flip Flops,Green,Nike Men Aquahype Green Flip Flops
29176,29176,data/raw/fashion-product-images-small/images/29176.jpg,Apparel,Bottomwear,Shorts,Khaki,United Colors of Benetton Boys Khaki Shorts
20714,20714,data/raw/fashion-product-images-small/images/20714.jpg,Footwear,Shoes,Casual Shoes,Coffee Brown,Red Tape Men Coffee Brown Leather Loafers
16087,16087,data/raw/fashion-product-images-small/images/16087.jpg,Accessories,Eyewear,Sunglasses,Black,M tv Men My Fab Eyewear Black Sunglasses
19806,19806,data/raw/fashion-product-images-small/images/19806.jpg,Apparel,Topwear,Tshirts,Black,U.S. Polo Assn. Men Solid Black Tshirt
34890,34890,data/raw/fashion-product-images-small/images/34890.jpg,Accessories,Bags,Handbags,Navy Blue,Envirosax Women Navy Blue Bag
7661,7661,data/raw/fashion-product-images-small/images/7661.jpg,Accessories,Socks,Socks,Navy Blue,Wrangler Men's Navy Ankle Length Socks
26815,26815,data/raw/fashion-product-images-small/images/26815.jpg,Apparel,Topwear,Shirts,Yellow,Arrow Men Yellow Striped Shirt
31307,31307,data/raw/fashion-product-images-small/images/31307.jpg,Apparel,Topwear,Kurtas,Cream,W Women Cream Printed Kurta
21588,21588,data/raw/fashion-product-images-small/images/21588.jpg,Apparel,Topwear,Tshirts,Grey,Inesis Men Solid Grey Tshirt
11276,11276,data/raw/fashion-product-images-small/images/11276.jpg,Apparel,Topwear,Sweatshirts,Maroon,Nike Men Running Maroon Sweatshirt
47583,47583,data/raw/fashion-product-images-small/images/47583.jpg,Footwear,Shoes,Flats,Gold,Portia Women Gold Flats
4201,4201,data/raw/fashion-product-images-small/images/4201.jpg,Apparel,Topwear,Tshirts,Green,Disney Kids Boy's Green Crew Sea Life Sialing Kidswear
10869,10869,data/raw/fashion-product-images-small/images/10869.jpg,Apparel,Topwear,Tshirts,White,Wrangler Men Fly The Wind White T-Shirts
25831,25831,data/raw/fashion-product-images-small/images/25831.jpg,Apparel,Topwear,Kurtas,White,Diva Women Printed White Kurta
33548,33548,data/raw/fashion-product-images-small/images/33548.jpg,Apparel,Topwear,Shirts,Blue,Wrangler Men Nimrod Oxford Blue Shirt
54522,54522,data/raw/fashion-product-images-small/images/54522.jpg,Footwear,Shoes,Sports Shoes,White,F Sports Men White Bratt Sports Shoes
43760,43760,data/raw/fashion-product-images-small/images/43760.jpg,Accessories,Jewellery,Earrings,Gold,Royal Diadem Golden Earrings
48392,48392,data/raw/fashion-product-images-small/images/48392.jpg,Apparel,Bottomwear,Trousers,Navy Blue,French Connection Men Navy Blue Trousers
1598,1598,data/raw/fashion-product-images-small/images/1598.jpg,Accessories,Bags,Handbags,Blue,Geonaute Women Blue Outdoor Bag
15322,15322,data/raw/fashion-product-images-small/images/15322.jpg,Apparel,Topwear,Jackets,Black,Nike Men Solid Black Jacket
5798,5798,data/raw/fashion-product-images-small/images/5798.jpg,Apparel,Topwear,Tshirts,White,ADIDAS Men's Prt White T-shirt
40991,40991,data/raw/fashion-product-images-small/images/40991.jpg,Apparel,Topwear,Tops,Yellow,Gini and Jony Girls Milan Yellow Top
6842,6842,data/raw/fashion-product-images-small/images/6842.jpg,Accessories,Shoe Accessories,Shoe Accessories,Black,Timberland Unisex Rubber Sole Brush Shoe Accessories
33561,33561,data/raw/fashion-product-images-small/images/33561.jpg,Apparel,Topwear,Tshirts,Green,Wrangler Women Big Rodeo Green T-shirt
14941,14941,data/raw/fashion-product-images-small/images/14941.jpg,Apparel,Bottomwear,Shorts,White,Status Quo Men Solid White Shorts
47946,47946,data/raw/fashion-product-images-small/images/47946.jpg,Accessories,Bags,Handbags,Red,Murcia Women Red Handbag
2787,2787,data/raw/fashion-product-images-small/images/2787.jpg,Apparel,Topwear,Tshirts,Black,Ediots Men's Lega Kya Photu Black T-shirt
24409,24409,data/raw/fashion-product-images-small/images/24409.jpg,Footwear,Shoes,Sports Shoes,White,ADIDAS Women White & Grey Vanquish Sports Shoes
57509,57509,data/raw/fashion-product-images-small/images/57509.jpg,Footwear,Shoes,Casual Shoes,Black,Provogue Men Black Casual Shoes
5390,5390,data/raw/fashion-product-images-small/images/5390.jpg,Footwear,Shoes,Sports Shoes,Grey,Kalenji Kapteren 100 Grey Orang
7539,7539,data/raw/fashion-product-images-small/images/7539.jpg,Apparel,Topwear,Tshirts,White,Nike Men's White Polo T-shirt
6524,6524,data/raw/fashion-product-images-small/images/6524.jpg,Apparel,Bottomwear,Shorts,Blue,Nike Women's Tempo Blue Short
9351,9351,data/raw/fashion-product-images-small/images/9351.jpg,Accessories,Socks,Socks,Black,Puma Men Sport Pack of 3 Pairs Black Sock
58045,58045,data/raw/fashion-product-images-small/images/58045.jpg,Accessories,Jewellery,Earrings,Gold,Rreverie Gold & Pink Earrings
2782,2782,data/raw/fashion-product-images-small/images/2782.jpg,Apparel,Topwear,Tshirts,Black,Ediots Men's Who Cares Black T-shirt
48318,48318,data/raw/fashion-product-images-small/images/48318.jpg,Accessories,Jewellery,Bracelet,Silver,Pitaraa Silver Omelette Thin Bracelet
53837,53837,data/raw/fashion-product-images-small/images/53837.jpg,Apparel,Topwear,Kurtas,White,Vishudh Women White Printed Kurta
44460,44460,data/raw/fashion-product-images-small/images/44460.jpg,Footwear,Shoes,Casual Shoes,Black,Senorita Women Black Shoes
35586,35586,data/raw/fashion-product-images-small/images/35586.jpg,Footwear,Sandal,Sandals,Brown,Gliders Men Brown Sandals
34430,34430,data/raw/fashion-product-images-small/images/34430.jpg,Apparel,Topwear,Tshirts,Blue,Myntra Women Face Blue T-shirt
39640,39640,data/raw/fashion-product-images-small/images/39640.jpg,Footwear,Shoes,Casual Shoes,Black,Lotto Men Black Shoes
11552,11552,data/raw/fashion-product-images-small/images/11552.jpg,Apparel,Topwear,Kurtas,White,W Women Printed White Kurtas
42629,42629,data/raw/fashion-product-images-small/images/42629.jpg,Accessories,Jewellery,Earrings,Gold,Estelle Women Earrings
55803,55803,data/raw/fashion-product-images-small/images/55803.jpg,Apparel,Loungewear and Nightwear,Night suits,Purple,SDL by Sweet Dreams Women Purple Printed Night Suit S11-3127
11173,11173,data/raw/fashion-product-images-small/images/11173.jpg,Apparel,Topwear,Sweaters,Red,Scullers Men Stripes Red Sweaters
5460,5460,data/raw/fashion-product-images-small/images/5460.jpg,Footwear,Shoes,Sports Shoes,Black,Nike Women's Double Team Lite Black Shoe
28927,28927,data/raw/fashion-product-images-small/images/28927.jpg,Apparel,Topwear,Tshirts,Purple,Mr. Men Printed Purple T-shirt
43565,43565,data/raw/fashion-product-images-small/images/43565.jpg,Accessories,Bags,Backpacks,Black,Puma Unisex Black Echo Backpack
23089,23089,data/raw/fashion-product-images-small/images/23089.jpg,Apparel,Bottomwear,Trousers,Beige,Arrow Men Beige Trousers
36042,36042,data/raw/fashion-product-images-small/images/36042.jpg,Accessories,Bags,Duffel Bag,Blue,OTLS Unisex Blue Duffle Bag
33443,33443,data/raw/fashion-product-images-small/images/33443.jpg,Accessories,Bags,Handbags,Brown,Baggit Women Brown Handbag
48155,48155,data/raw/fashion-product-images-small/images/48155.jpg,Accessories,Wallets,Wallets,Blue,Fossil Women Blue Wallet
50579,50579,data/raw/fashion-product-images-small/images/50579.jpg,Apparel,Innerwear,Briefs,Charcoal,Chromozome Men Charcoal Pack of 2 Briefs
16646,16646,data/raw/fashion-product-images-small/images/16646.jpg,Apparel,Topwear,Tshirts,Blue,Facit Men Polo Tee Blue Tshirt
40503,40503,data/raw/fashion-product-images-small/images/40503.jpg,Accessories,Watches,Watches,Black,Titan Men Black Watch
20199,20199,data/raw/fashion-product-images-small/images/20199.jpg,Apparel,Topwear,Sweatshirts,Navy Blue,Wrangler Men Falcon Navy Sweatshirt
4135,4135,data/raw/fashion-product-images-small/images/4135.jpg,Footwear,Shoes,Casual Shoes,Black,Skechers Men's Sparta Black Brown Shoe
16423,16423,data/raw/fashion-product-images-small/images/16423.jpg,Apparel,Topwear,Tshirts,Grey,Levi's Men Printed Grey Tshirts
23243,23243,data/raw/fashion-product-images-small/images/23243.jpg,Footwear,Shoes,Formal Shoes,Brown,Arrow Men Formal Brown Shoe
17919,17919,data/raw/fashion-product-images-small/images/17919.jpg,Apparel,Topwear,Tshirts,Orange,Nike Women's Orange Polo T-shirt
31979,31979,data/raw/fashion-product-images-small/images/31979.jpg,Footwear,Shoes,Sports Shoes,Grey,Nike Men Lunarswift +3 Grey Sports Shoes
39661,39661,data/raw/fashion-product-images-small/images/39661.jpg,Footwear,Shoes,Sports Shoes,Black,Lotto Men Black Sports Shoes
46864,46864,data/raw/fashion-product-images-small/images/46864.jpg,Accessories,Socks,Socks,Blue,Lino Perros Men Pack of 2 Socks
47148,47148,data/raw/fashion-product-images-small/images/47148.jpg,Accessories,Bags,Handbags,Black,Be For Bag Women Combo pack Tote Bags
39674,39674,data/raw/fashion-product-images-small/images/39674.jpg,Footwear,Shoes,Sports Shoes,White,Lotto Men White Sports Shoes
31257,31257,data/raw/fashion-product-images-small/images/31257.jpg,Apparel,Topwear,Tshirts,Green,Puma Men Semi Graphic Green T-shirt
5899,5899,data/raw/fashion-product-images-small/images/5899.jpg,Footwear,Shoes,Casual Shoes,Black,Puma Men's Mid Spill Black Shoe
17401,17401,data/raw/fashion-product-images-small/images/17401.jpg,Accessories,Socks,Socks,Blue,Reid & Taylor Men Stripes Blue Socks
16434,16434,data/raw/fashion-product-images-small/images/16434.jpg,Apparel,Topwear,Tshirts,Purple,Levi's Men Printed Purple Tshirts
17082,17082,data/raw/fashion-product-images-small/images/17082.jpg,Accessories,Wallets,Wallets,Red,Lino Perros Women Flower Red Wallet
1932,1932,data/raw/fashion-product-images-small/images/1932.jpg,Footwear,Shoes,Casual Shoes,Grey,Quechua Women Arpenaz Flex Grey Shoe
53412,53412,data/raw/fashion-product-images-small/images/53412.jpg,Apparel,Topwear,Kurtas,Blue,Alma Women Blue Printed Kurta
37895,37895,data/raw/fashion-product-images-small/images/37895.jpg,Apparel,Bottomwear,Tights,Multi,Happy Socks Women Striped Tights
25190,25190,data/raw/fashion-product-images-small/images/25190.jpg,Accessories,Bags,Handbags,Brown,Lino Perros Women Striped Brown Handbag
48320,48320,data/raw/fashion-product-images-small/images/48320.jpg,Accessories,Jewellery,Bracelet,Silver,Pitaraa Silver Omelette Thin Bracelet
48585,48585,data/raw/fashion-product-images-small/images/48585.jpg,Accessories,Jewellery,Bracelet,Silver,Lucera Women Silver Bracelet
38546,38546,data/raw/fashion-product-images-small/images/38546.jpg,Footwear,Shoes,Casual Shoes,Navy Blue,Puma Men Navy Blue Madison Classic Shoes
43778,43778,data/raw/fashion-product-images-small/images/43778.jpg,Accessories,Jewellery,Earrings,Gold,Royal Diadem Earrings
17550,17550,data/raw/fashion-product-images-small/images/17550.jpg,Apparel,Topwear,Shirts,Red,Mark Taylor Men Red & White Striped Shirt
41945,41945,data/raw/fashion-product-images-small/images/41945.jpg,Footwear,Flip Flops,Flip Flops,Pink,iPanema Women Pink Flip Flops
13267,13267,data/raw/fashion-product-images-small/images/13267.jpg,Apparel,Topwear,Tops,Pink,Palm Tree Kids Girls Printed Pink Tops
17772,17772,data/raw/fashion-product-images-small/images/17772.jpg,Accessories,Belts,Belts,Brown,Reid & Taylor Men Classic Black Belt
23046,23046,data/raw/fashion-product-images-small/images/23046.jpg,Apparel,Bottomwear,Leggings,Black,Arrow Woman Black Printed Jeggings
44396,44396,data/raw/fashion-product-images-small/images/44396.jpg,Footwear,Shoes,Sports Shoes,Black,Force 10 Men Black Sports Shoes
59688,59688,data/raw/fashion-product-images-small/images/59688.jpg,Apparel,Innerwear,Briefs,Magenta,Avirate Magenta Boyshort Brief
56337,56337,data/raw/fashion-product-images-small/images/56337.jpg,Accessories,Watches,Watches,Red,Fastrack Men Red and Black Dial Watch
1624,1624,data/raw/fashion-product-images-small/images/1624.jpg,Accessories,Bags,Backpacks,Black,Reebok Silver-Black Laptop Backpack
38689,38689,data/raw/fashion-product-images-small/images/38689.jpg,Accessories,Bags,Clutches,Copper,Spice Art Women Copper Clutch
6473,6473,data/raw/fashion-product-images-small/images/6473.jpg,Apparel,Topwear,Tshirts,Pink,ADIDAS Women's Blossom Pink T-shirt
36004,36004,data/raw/fashion-product-images-small/images/36004.jpg,Apparel,Topwear,Tshirts,Yellow,Ben 10 Boys Crew Yellow T-shirt
25874,25874,data/raw/fashion-product-images-small/images/25874.jpg,Accessories,Bags,Backpacks,Black,American Tourister Unisex Black Backpack
14479,14479,data/raw/fashion-product-images-small/images/14479.jpg,Footwear,Shoes,Casual Shoes,Green,Flying Machine Men Casual Green Casual Shoes
25105,25105,data/raw/fashion-product-images-small/images/25105.jpg,Accessories,Belts,Belts,Black,Lino Perros Women Black Belt
32244,32244,data/raw/fashion-product-images-small/images/32244.jpg,Apparel,Topwear,Kurtas,White,Fabindia Women White Kurta
35430,35430,data/raw/fashion-product-images-small/images/35430.jpg,Footwear,Shoes,Sports Shoes,Blue,ADIDAS Men Advent Blue Sports Shoes
6148,6148,data/raw/fashion-product-images-small/images/6148.jpg,Footwear,Sandal,Sandals,Black,Puma Unisex Argon Black Green Floater
53814,53814,data/raw/fashion-product-images-small/images/53814.jpg,Apparel,Apparel Set,Kurta Sets,Blue,Ayaany Women Blue & Grey Patiala Kurta Set
31105,31105,data/raw/fashion-product-images-small/images/31105.jpg,Apparel,Topwear,Tshirts,Yellow,Gini and Jony Boys Pack of 2 T-shirts
9178,9178,data/raw/fashion-product-images-small/images/9178.jpg,Apparel,Bottomwear,Jeans,Blue,Locomotive Men Eero Blue Jeans
48612,48612,data/raw/fashion-product-images-small/images/48612.jpg,Accessories,Jewellery,Earrings,Silver,Lucera Women Silver Earrings
5828,5828,data/raw/fashion-product-images-small/images/5828.jpg,Apparel,Topwear,Tshirts,Blue,Puma Men's Edition Blue T-shirt
45856,45856,data/raw/fashion-product-images-small/images/45856.jpg,Apparel,Topwear,Kurtas,Brown,Vishudh Women Brown Kurta
29098,29098,data/raw/fashion-product-images-small/images/29098.jpg,Accessories,Eyewear,Sunglasses,Black,M tv Men Black Sunglasses
6413,6413,data/raw/fashion-product-images-small/images/6413.jpg,Footwear,Shoes,Casual Shoes,Pink,Lotto Unisex Canvas Pink Shoe
15221,15221,data/raw/fashion-product-images-small/images/15221.jpg,Footwear,Shoes,Casual Shoes,Brown,ADIDAS Originals Men Court Lounge Brown Casual Shoes
17795,17795,data/raw/fashion-product-images-small/images/17795.jpg,Footwear,Flip Flops,Flip Flops,Navy Blue,Puma Men Jive Navy Blue Slippers
51553,51553,data/raw/fashion-product-images-small/images/51553.jpg,Accessories,Watches,Watches,Brown,Fastrack Men Brown Dial Watch
4763,4763,data/raw/fashion-product-images-small/images/4763.jpg,Apparel,Topwear,Tshirts,Blue,ADIDAS Men's Gym Polo Blue Black T-Shirt
20091,20091,data/raw/fashion-product-images-small/images/20091.jpg,Apparel,Topwear,Sweaters,Grey,United Colors of Benetton Women Grey Sweater
4095,4095,data/raw/fashion-product-images-small/images/4095.jpg,Apparel,Topwear,Tshirts,Black,Classic Polo Men's Black With White Stripes T-shirt
7655,7655,data/raw/fashion-product-images-small/images/7655.jpg,Apparel,Topwear,Tshirts,Navy Blue,Puma Men's Lifestyle Mood Indigo Navy T-shirt
7434,7434,data/raw/fashion-product-images-small/images/7434.jpg,Apparel,Topwear,Tshirts,Olive,Proline Men Olive Brown Polo T-shirt
11334,11334,data/raw/fashion-product-images-small/images/11334.jpg,Apparel,Bottomwear,Jeans,Navy Blue,United Colors of Benetton Men Washed Navy Blue Jeans
28195,28195,data/raw/fashion-product-images-small/images/28195.jpg,Accessories,Eyewear,Sunglasses,Gold,Ray-Ban Men Caravan Arista Gold Sunglasses
8300,8300,data/raw/fashion-product-images-small/images/8300.jpg,Footwear,Shoes,Sports Shoes,White,Reebok Men's Premier Aztrec 3 White Shoe
2225,2225,data/raw/fashion-product-images-small/images/2225.jpg,Footwear,Sandal,Sandals,Black,Puma Men Trek Black Sandal
38942,38942,data/raw/fashion-product-images-small/images/38942.jpg,Apparel,Topwear,Shirts,White,Gini and Jony Boys Check White Shirt
56269,56269,data/raw/fashion-product-images-small/images/56269.jpg,Apparel,Loungewear and Nightwear,Night suits,Maroon,SDL by Sweet Dreams Men Maroon Pyjama Set
57299,57299,data/raw/fashion-product-images-small/images/57299.jpg,Footwear,Shoes,Heels,Black,Rocia Women Black Flats
41460,41460,data/raw/fashion-product-images-small/images/41460.jpg,Footwear,Sandal,Sandals,Black,Lee Cooper Men Black & Beige Sandals
58312,58312,data/raw/fashion-product-images-small/images/58312.jpg,Accessories,Socks,Socks,Grey,Jockey LCESCBRA Men Pack of 3 Socks 2004
54638,54638,data/raw/fashion-product-images-small/images/54638.jpg,Accessories,Watches,Watches,Silver,Fastrack Men Silver Dial Watch
18713,18713,data/raw/fashion-product-images-small/images/18713.jpg,Apparel,Bottomwear,Skirts,Grey,Arrow Woman Solid Grey Skirt
29937,29937,data/raw/fashion-product-images-small/images/29937.jpg,Accessories,Watches,Watches,Black,Police Men Black Dual Dial Watch PL12899XS-02
15014,15014,data/raw/fashion-product-images-small/images/15014.jpg,Apparel,Topwear,Jackets,Black,ADIDAS Men Solid Black Jackets
33761,33761,data/raw/fashion-product-images-small/images/33761.jpg,Apparel,Topwear,Tshirts,Green,Vero Moda Women Viva Green T-shirt
34781,34781,data/raw/fashion-product-images-small/images/34781.jpg,Accessories,Bags,Handbags,Red,Be For Bag Women Pack of 3 Bag
28413,28413,data/raw/fashion-product-images-small/images/28413.jpg,Accessories,Eyewear,Sunglasses,Metallic,Idee Men Metallic Sunglasses
2157,2157,data/raw/fashion-product-images-small/images/2157.jpg,Apparel,Topwear,Tshirts,Yellow,Basics Men Yellow Polo T-shirt
51704,51704,data/raw/fashion-product-images-small/images/51704.jpg,Accessories,Eyewear,Sunglasses,Purple,Van Heusen Unisex Sunglasses VH220-C2
22678,22678,data/raw/fashion-product-images-small/images/22678.jpg,Accessories,Bags,Messenger Bag,Black,Wildcraft Unisex Black & Grey Gear for Life Laptop Messenger Bag
4579,4579,data/raw/fashion-product-images-small/images/4579.jpg,Footwear,Shoes,Sports Shoes,Blue,Nike Women Zoo Blue Shoe
12035,12035,data/raw/fashion-product-images-small/images/12035.jpg,Apparel,Topwear,Shirts,Blue,Mark Taylor Men Red Striped Shirt
46274,46274,data/raw/fashion-product-images-small/images/46274.jpg,Apparel,Topwear,Tops,Multi,109F Women Multicoloured Printed Top
31175,31175,data/raw/fashion-product-images-small/images/31175.jpg,Apparel,Topwear,Tops,Magenta,Gini and Jony Girls Purple Top
14008,14008,data/raw/fashion-product-images-small/images/14008.jpg,Apparel,Topwear,Tshirts,White,Nike Men Printed White Tshirts
30464,30464,data/raw/fashion-product-images-small/images/30464.jpg,Apparel,Innerwear,Bra,White,Lovable Women All Day Long White Bra
28991,28991,data/raw/fashion-product-images-small/images/28991.jpg,Apparel,Apparel Set,Kurta Sets,Off White,Biba Outlet Women Off-White Printed A-Line Churidar Kurta with Dupatta
35913,35913,data/raw/fashion-product-images-small/images/35913.jpg,Accessories,Bags,Handbags,Black,Peperone Women Black & White Handbag
8524,8524,data/raw/fashion-product-images-small/images/8524.jpg,Accessories,Bags,Backpacks,Black,Nike Unisex Nike Black plain Black Backpacks
8265,8265,data/raw/fashion-product-images-small/images/8265.jpg,Apparel,Topwear,Shirts,White,Highlander Men Check Hadar White Shirts
28444,28444,data/raw/fashion-product-images-small/images/28444.jpg,Accessories,Bags,Handbags,Green,Kiara Women Green Handbag
25573,25573,data/raw/fashion-product-images-small/images/25573.jpg,Footwear,Shoes,Sports Shoes,White,FILA Men Trempet White Sports Shoes
22486,22486,data/raw/fashion-product-images-small/images/22486.jpg,Footwear,Shoes,Sports Shoes,White,ADIDAS Kids-Unisex Tip Off 2 K White Sports Shoes
31641,31641,data/raw/fashion-product-images-small/images/31641.jpg,Apparel,Topwear,Shirts,White,Indigo Nation Men White Shirt
52500,52500,data/raw/fashion-product-images-small/images/52500.jpg,Apparel,Loungewear and Nightwear,Baby Dolls,Purple,Red Rose Purple Nightdress
16510,16510,data/raw/fashion-product-images-small/images/16510.jpg,Apparel,Bottomwear,Jeans,Blue,Locomotive Men Washed Blue Jeans
3773,3773,data/raw/fashion-product-images-small/images/3773.jpg,Apparel,Topwear,Tshirts,Pink,Status Quo Men's Pink Polo T-shirt
25248,25248,data/raw/fashion-product-images-small/images/25248.jpg,Accessories,Bags,Handbags,Orange,Lino Perros Women Leatherette Orange Handbag
38754,38754,data/raw/fashion-product-images-small/images/38754.jpg,Accessories,Bags,Handbags,Green,Nike Women Green Sling Bag
8074,8074,data/raw/fashion-product-images-small/images/8074.jpg,Footwear,Shoes,Sports Shoes,White,New Balance MR310 Women's Cushioning Grey Navy Shoe
11981,11981,data/raw/fashion-product-images-small/images/11981.jpg,Footwear,Shoes,Sports Shoes,Black,FILA Men Intense Black Sports Shoes
53083,53083,data/raw/fashion-product-images-small/images/53083.jpg,Accessories,Jewellery,Pendant,Silver,Fabindia Silver Pendant
30952,30952,data/raw/fashion-product-images-small/images/30952.jpg,Apparel,Topwear,Tops,Peach,Fabindia Women Printed Peach Top
59687,59687,data/raw/fashion-product-images-small/images/59687.jpg,Apparel,Innerwear,Briefs,Black,Avirate Black Boyshort Brief
46547,46547,data/raw/fashion-product-images-small/images/46547.jpg,Accessories,Watches,Watches,Off White,Timex Expedition Men Off-White Dial Analogue & Digital Watch T41361 
23334,23334,data/raw/fashion-product-images-small/images/23334.jpg,Apparel,Topwear,Tunics,Maroon,W Women Maroon Printed Tunic
6213,6213,data/raw/fashion-product-images-small/images/6213.jpg,Apparel,Topwear,Tshirts,White,UCB Women's Boat Print White Top
48416,48416,data/raw/fashion-product-images-small/images/48416.jpg,Apparel,Topwear,Tshirts,Blue,French Connection Men Blue Printed T-shirt
37473,37473,data/raw/fashion-product-images-small/images/37473.jpg,Accessories,Watches,Watches,Black,Esprit Men Black Watch
2339,2339,data/raw/fashion-product-images-small/images/2339.jpg,Apparel,Topwear,Tshirts,White,Reebok Men White T-shirt
7904,7904,data/raw/fashion-product-images-small/images/7904.jpg,Apparel,Topwear,Tshirts,Grey,Proline Men Grey & Maroon Striped Polo T-shirt
2361,2361,data/raw/fashion-product-images-small/images/2361.jpg,Accessories,Headwear,Caps,Black,ADIDAS Black Men Cap
53530,53530,data/raw/fashion-product-images-small/images/53530.jpg,Apparel,Innerwear,Briefs,Black,Amante Women Black Bikini Briefs PCLR02
49893,49893,data/raw/fashion-product-images-small/images/49893.jpg,Accessories,Watches,Watches,Yellow,Q&Q Kids Unisex White Dial Analog Watch
8925,8925,data/raw/fashion-product-images-small/images/8925.jpg,Accessories,Belts,Belts,Black,Puma Men High Shine Black Belt
4797,4797,data/raw/fashion-product-images-small/images/4797.jpg,Apparel,Bottomwear,Shorts,Grey,ADIDAS Men's Ess Dark Iron Brown Short
31130,31130,data/raw/fashion-product-images-small/images/31130.jpg,Apparel,Dress,Dresses,Pink,Gini and Jony Girls Printed Pink Dress
12817,12817,data/raw/fashion-product-images-small/images/12817.jpg,Footwear,Sandal,Sandals,Grey,Puma Men Snipper Grey Sandals
27396,27396,data/raw/fashion-product-images-small/images/27396.jpg,Apparel,Topwear,Tshirts,Black,2go Active Gear USA Men Pack Of 3 T-shirt
46872,46872,data/raw/fashion-product-images-small/images/46872.jpg,Accessories,Socks,Socks,Black,Lino Perros Men Pack of 2 Socks
23710,23710,data/raw/fashion-product-images-small/images/23710.jpg,Accessories,Eyewear,Sunglasses,Black,Ray-Ban Men Wayfarer II Sunglasses
9243,9243,data/raw/fashion-product-images-small/images/9243.jpg,Apparel,Topwear,Shirts,Blue,Mark Taylor Men Blue Striped Shirt
4053,4053,data/raw/fashion-product-images-small/images/4053.jpg,Apparel,Topwear,Tshirts,White,Myntra Men's Eagle Emblem White T-shirt
28519,28519,data/raw/fashion-product-images-small/images/28519.jpg,Apparel,Bottomwear,Track Pants,Black,Nike Men Breakline Black Track Pants
42945,42945,data/raw/fashion-product-images-small/images/42945.jpg,Accessories,Belts,Belts,Brown,French Connection Men Brown Belt
53126,53126,data/raw/fashion-product-images-small/images/53126.jpg,Apparel,Topwear,Tshirts,Blue,Myntra Women Blue T-shirt
34293,34293,data/raw/fashion-product-images-small/images/34293.jpg,Apparel,Topwear,Dupatta,Orange,Fabindia Women Orange Chanderi Dupatta
50022,50022,data/raw/fashion-product-images-small/images/50022.jpg,Apparel,Bottomwear,Leggings,Grey Melange,Hanes Women Pink Comfortsoft Waistband Cotton - Stretch Lace Capri Leggings
48781,48781,data/raw/fashion-product-images-small/images/48781.jpg,Accessories,Jewellery,Pendant,Silver,Lucera Women Silver Pendant
7102,7102,data/raw/fashion-product-images-small/images/7102.jpg,Accessories,Bags,Backpacks,Orange,Wildcraft Unisex Orange & Grey Backpack
37883,37883,data/raw/fashion-product-images-small/images/37883.jpg,Accessories,Socks,Socks,Multi,Happy Socks Unisex Multi Color Socks
57390,57390,data/raw/fashion-product-images-small/images/57390.jpg,Apparel,Innerwear,Briefs,White,Amante Women Pack of 3 Briefs PFCN04
58671,58671,data/raw/fashion-product-images-small/images/58671.jpg,Apparel,Topwear,Kurtas,Brown,ALayna Women Brown Kurta
47585,47585,data/raw/fashion-product-images-small/images/47585.jpg,Footwear,Shoes,Flats,Brown,Portia Women Maroon Flats
24524,24524,data/raw/fashion-product-images-small/images/24524.jpg,Apparel,Topwear,Shirts,Black,Mother Earth Men Black Shirt
59989,59989,data/raw/fashion-product-images-small/images/59989.jpg,Apparel,Dress,Dresses,Black,Avirate Women Black Dress
27913,27913,data/raw/fashion-product-images-small/images/27913.jpg,Apparel,Bottomwear,Trousers,Grey,Scullers For Her Women Grey Trousers
17654,17654,data/raw/fashion-product-images-small/images/17654.jpg,Footwear,Shoes,Heels,Beige,Catwalk Women Classic Beige Flats
43370,43370,data/raw/fashion-product-images-small/images/43370.jpg,Footwear,Flip Flops,Flip Flops,Black,Reebok Women Black & Green Flip Flops
20309,20309,data/raw/fashion-product-images-small/images/20309.jpg,Apparel,Topwear,Sweaters,Grey,Jealous 21 Women Solid Grey Sweater
36883,36883,data/raw/fashion-product-images-small/images/36883.jpg,Accessories,Belts,Belts,Brown,Fossil Men Brown Ashton Belt
42652,42652,data/raw/fashion-product-images-small/images/42652.jpg,Apparel,Topwear,Kurtas,Black,Alma Women Black Kurta
41861,41861,data/raw/fashion-product-images-small/images/41861.jpg,Footwear,Sandal,Sandals,Black,Estd. 1977 Men Black Sandals
12675,12675,data/raw/fashion-product-images-small/images/12675.jpg,Apparel,Bottomwear,Trousers,Green,Probase Men Printed Green Trousers
27417,27417,data/raw/fashion-product-images-small/images/27417.jpg,Apparel,Bottomwear,Capris,Blue,Jockey Women Blue Relaxed Capris
48716,48716,data/raw/fashion-product-images-small/images/48716.jpg,Accessories,Jewellery,Earrings,Gold,Lucera Gold Plated Earrings
3474,3474,data/raw/fashion-product-images-small/images/3474.jpg,Accessories,Bags,Backpacks,Navy Blue,ADIDAS Men Navy Cobalt Backpack
39894,39894,data/raw/fashion-product-images-small/images/39894.jpg,Footwear,Shoes,Casual Shoes,Black,ADIDAS Men Black Advent Shoes
25056,25056,data/raw/fashion-product-images-small/images/25056.jpg,Accessories,Accessories,Accessory Gift Set,Blue,Lino Perros Men Formal Blue Accessory Gift Set
28282,28282,data/raw/fashion-product-images-small/images/28282.jpg,Accessories,Eyewear,Sunglasses,Purple,Fastrack Women Purple Sunglasses
33774,33774,data/raw/fashion-product-images-small/images/33774.jpg,Accessories,Headwear,Caps,Black,Puma Unisex Black Cap
36861,36861,data/raw/fashion-product-images-small/images/36861.jpg,Apparel,Topwear,Shirts,Navy Blue,Spykar Men Passion Navy Blue Shirt
2888,2888,data/raw/fashion-product-images-small/images/2888.jpg,Footwear,Shoes,Heels,Brown,Catwalk Women Wedding Heeled Bronze Heels
49329,49329,data/raw/fashion-product-images-small/images/49329.jpg,Accessories,Watches,Watches,White,DKNY Women White Dial Watch NY8284
12595,12595,data/raw/fashion-product-images-small/images/12595.jpg,Apparel,Topwear,Tshirts,Black,Tantra Unisex Printed Black Tshirts
41975,41975,data/raw/fashion-product-images-small/images/41975.jpg,Apparel,Bottomwear,Capris,White,Gini and Jony Girls White Pedal Pusher
4991,4991,data/raw/fashion-product-images-small/images/4991.jpg,Apparel,Dress,Dresses,White,Gini and Jony Girl's Sara Off White Polka Dot Kidswear
57505,57505,data/raw/fashion-product-images-small/images/57505.jpg,Footwear,Sandal,Sandals,Black,Lee Cooper Men Black  Sandals
17289,17289,data/raw/fashion-product-images-small/images/17289.jpg,Apparel,Topwear,Tshirts,Green,U.S. Polo Assn. Men Solid Green Polo Tshirt
3425,3425,data/raw/fashion-product-images-small/images/3425.jpg,Apparel,Topwear,Tshirts,Navy Blue,Myntra Men's Anyone Who Says Navy Blue T-shirt
48170,48170,data/raw/fashion-product-images-small/images/48170.jpg,Accessories,Wallets,Wallets,Blue,Fossil Women Blue Floral Print Wallet
16810,16810,data/raw/fashion-product-images-small/images/16810.jpg,Apparel,Topwear,Shirts,Purple,Locomotive Men Check Purple Shirt
52394,52394,data/raw/fashion-product-images-small/images/52394.jpg,Apparel,Loungewear and Nightwear,Nightdress,Grey,Red Rose Women Grey Nightdress
6220,6220,data/raw/fashion-product-images-small/images/6220.jpg,Apparel,Topwear,Tshirts,Orange,Lee Men's Believe Burnt Orange T-shirt
35016,35016,data/raw/fashion-product-images-small/images/35016.jpg,Accessories,Stoles,Stoles,Red,Fabindia Women Cream Printed Stole
9672,9672,data/raw/fashion-product-images-small/images/9672.jpg,Apparel,Bottomwear,Shorts,Black,ADIDAS Men Addi Black Shorts
18475,18475,data/raw/fashion-product-images-small/images/18475.jpg,Footwear,Shoes,Sports Shoes,Black,Puma Men Racer Bright Green Sports Shoes
41988,41988,data/raw/fashion-product-images-small/images/41988.jpg,Apparel,Topwear,Shirts,Blue,Gini and Jony Boys Check Blue Shirt
25692,25692,data/raw/fashion-product-images-small/images/25692.jpg,Apparel,Topwear,Kurtis,Orange,Mumbai Slang Women Printed Orange Kurti
13493,13493,data/raw/fashion-product-images-small/images/13493.jpg,Accessories,Bags,Rucksacks,Red,Wildcraft Unisex Gangotri Black & Red Rucksack
45488,45488,data/raw/fashion-product-images-small/images/45488.jpg,Apparel,Bottomwear,Shorts,Navy Blue,Fila Men Navy Blue Shorts
8586,8586,data/raw/fashion-product-images-small/images/8586.jpg,Apparel,Topwear,Shirts,Red,Scullers Men Red Shirt
53979,53979,data/raw/fashion-product-images-small/images/53979.jpg,Accessories,Bags,Handbags,Black,Kiara Women Black Handbag
40172,40172,data/raw/fashion-product-images-small/images/40172.jpg,Accessories,Eyewear,Sunglasses,Black,Fastrack Men UV protected Sporty Wrap Sunglasses
40683,40683,data/raw/fashion-product-images-small/images/40683.jpg,Apparel,Topwear,Tshirts,Blue,Lee Men Blue T-shirt
33907,33907,data/raw/fashion-product-images-small/images/33907.jpg,Accessories,Watches,Watches,Steel,Citizen Men White Dial Watch
46144,46144,data/raw/fashion-product-images-small/images/46144.jpg,Accessories,Jewellery,Necklace and Chains,Multi,Adrika Multi Coloured Necklace
8196,8196,data/raw/fashion-product-images-small/images/8196.jpg,Apparel,Topwear,Shirts,Navy Blue,Locomotive Men Solid Poplin Lamech Navy Blue Shirts
7941,7941,data/raw/fashion-product-images-small/images/7941.jpg,Apparel,Topwear,Tshirts,Grey,Puma Men's Graphic Optic Grey T-shirt
51262,51262,data/raw/fashion-product-images-small/images/51262.jpg,Accessories,Belts,Belts,Black,Raymond Men Black Belt
47271,47271,data/raw/fashion-product-images-small/images/47271.jpg,Apparel,Innerwear,Boxers,Green,FCUK Underwear Green Printed Boxers
22167,22167,data/raw/fashion-product-images-small/images/22167.jpg,Footwear,Shoes,Casual Shoes,Brown,Timberland Men Brown Casual Shoes
33095,33095,data/raw/fashion-product-images-small/images/33095.jpg,Footwear,Shoes,Heels,Beige,Catwalk Women Beige Flats
5346,5346,data/raw/fashion-product-images-small/images/5346.jpg,Footwear,Shoes,Sports Shoes,Black,Solognac Shoes Inverness 100 Ir
26256,26256,data/raw/fashion-product-images-small/images/26256.jpg,Apparel,Bottomwear,Track Pants,Grey,Proline Men Grey Track Pants
34205,34205,data/raw/fashion-product-images-small/images/34205.jpg,Apparel,Bottomwear,Track Pants,Grey Melange,Proline Men Grey Melange Track Pants
29623,29623,data/raw/fashion-product-images-small/images/29623.jpg,Apparel,Topwear,Shirts,Lavender,Indigo Nation Men Striped Lavender Shirt
20152,20152,data/raw/fashion-product-images-small/images/20152.jpg,Apparel,Topwear,Shirts,Red,Wrangler Men Willy Rodeo Red Shirt
27563,27563,data/raw/fashion-product-images-small/images/27563.jpg,Apparel,Topwear,Shirts,Blue,Scullers Men Checked Blue Shirt
16761,16761,data/raw/fashion-product-images-small/images/16761.jpg,Accessories,Bags,Handbags,Olive,Spice Art Women Leatherette  Olive Handbags
9003,9003,data/raw/fashion-product-images-small/images/9003.jpg,Accessories,Bags,Handbags,Black,Murcia Women Tote Black Handbags
1870,1870,data/raw/fashion-product-images-small/images/1870.jpg,Apparel,Topwear,Tshirts,Black,FIFA Mens 1990 World Cup Black T-shirt
30013,30013,data/raw/fashion-product-images-small/images/30013.jpg,Accessories,Watches,Watches,Black,Kenneth Cole Men Black Dial Chronograph Watch
45282,45282,data/raw/fashion-product-images-small/images/45282.jpg,Accessories,Wallets,Wallets,Turquoise Blue,Lino Perros Women Turquoise Blue Wallet
40459,40459,data/raw/fashion-product-images-small/images/40459.jpg,Footwear,Shoes,Casual Shoes,Grey,Red Tape Men Grey Shoes
52205,52205,data/raw/fashion-product-images-small/images/52205.jpg,Accessories,Jewellery,Pendant,White,Lencia Sterling Silver Pendant
39328,39328,data/raw/fashion-product-images-small/images/39328.jpg,Apparel,Bottomwear,Shorts,Green,Gini and Jony Girls Green Shorts
48082,48082,data/raw/fashion-product-images-small/images/48082.jpg,Apparel,Topwear,Tshirts,White,French Connection Men White T-shirt
46965,46965,data/raw/fashion-product-images-small/images/46965.jpg,Accessories,Bags,Handbags,Black,Bulchee Women Black Handbag
17817,17817,data/raw/fashion-product-images-small/images/17817.jpg,Footwear,Sandal,Sandals,Black,Lee Cooper Men  Black Sandal
4864,4864,data/raw/fashion-product-images-small/images/4864.jpg,Apparel,Topwear,Tshirts,White,ADIDAS Men Real Madrid White Jersey
20945,20945,data/raw/fashion-product-images-small/images/20945.jpg,Footwear,Flip Flops,Flip Flops,Blue,ADIDAS Men Plugged In Blue Flip Flops
24653,24653,data/raw/fashion-product-images-small/images/24653.jpg,Accessories,Bags,Handbags,Brown,Lino Perros Women Brown Casual Handbag
10385,10385,data/raw/fashion-product-images-small/images/10385.jpg,Accessories,Watches,Watches,White,Puma Women Vitality Stones 168 White Watches
15960,15960,data/raw/fashion-product-images-small/images/15960.jpg,Accessories,Ties,Ties,Navy Blue,Turtle Men Solid Navy Blue Ties
37587,37587,data/raw/fashion-product-images-small/images/37587.jpg,Apparel,Innerwear,Innerwear Vests,Green,Madagascar3 Girls Green Innerwear Vest
22607,22607,data/raw/fashion-product-images-small/images/22607.jpg,Apparel,Bottomwear,Shorts,Navy Blue,Nike Men Navy Blue Shorts
1544,1544,data/raw/fashion-product-images-small/images/1544.jpg,Footwear,Shoes,Casual Shoes,White,Puma Men's Basket Bump Sneaker
39901,39901,data/raw/fashion-product-images-small/images/39901.jpg,Footwear,Shoes,Sports Shoes,Black,ADIDAS Men Black Apelido Sports Shoes
16771,16771,data/raw/fashion-product-images-small/images/16771.jpg,Accessories,Watches,Watches,Black,ADIDAS Originals Unisex Black Dial Watch ADH2580
54635,54635,data/raw/fashion-product-images-small/images/54635.jpg,Accessories,Watches,Watches,Grey,Fastrack Men Grey Dial Watch
15573,15573,data/raw/fashion-product-images-small/images/15573.jpg,Apparel,Topwear,Tshirts,White,Chhota Bheem Kids Boys Main Hoon Bheem TShirt
12540,12540,data/raw/fashion-product-images-small/images/12540.jpg,Apparel,Topwear,Tshirts,Blue,Tantra Women Blue Printed T-shirt
42988,42988,data/raw/fashion-product-images-small/images/42988.jpg,Footwear,Shoes,Sports Shoes,Black,Nike Men Black Dual Fusion Sports Shoes
15635,15635,data/raw/fashion-product-images-small/images/15635.jpg,Apparel,Topwear,Tshirts,Red,Nike Men AS Arsenal Core Red Tshirts
10249,10249,data/raw/fashion-product-images-small/images/10249.jpg,Accessories,Bags,Handbags,Brown,Murcia Women Hahk Brown Handbags
15510,15510,data/raw/fashion-product-images-small/images/15510.jpg,Footwear,Shoes,Casual Shoes,Charcoal,Rockport Men CV Toe HI Charcoal Casual Shoes
48799,48799,data/raw/fashion-product-images-small/images/48799.jpg,Accessories,Jewellery,Pendant,Silver,Lucera Women Silver Pendant
7154,7154,data/raw/fashion-product-images-small/images/7154.jpg,Apparel,Topwear,Tops,Grey,Scullers For Her Women's Fashion Summer Lite Ash Grey Top
2257,2257,data/raw/fashion-product-images-small/images/2257.jpg,Apparel,Topwear,Tshirts,White,ADIDAS Men White & Black Polo T-shirt
15681,15681,data/raw/fashion-product-images-small/images/15681.jpg,Apparel,Bottomwear,Trousers,Khaki,Highlander Men Classic Chinos Khaki Trousers
42010,42010,data/raw/fashion-product-images-small/images/42010.jpg,Footwear,Sandal,Sandals,Brown,Estd. 1977 Men Brown Sandals
33603,33603,data/raw/fashion-product-images-small/images/33603.jpg,Accessories,Wallets,Wallets,Brown,Lino Perros Women Brown Wallet
45294,45294,data/raw/fashion-product-images-small/images/45294.jpg,Accessories,Watches,Watches,Black,CASIO SHEEN Women Black Dial Watch SX041
34846,34846,data/raw/fashion-product-images-small/images/34846.jpg,Footwear,Shoes,Sports Shoes,Navy Blue,ADIDAS Men Ambition VII Stripes Navy Blue Sports Shoes
33295,33295,data/raw/fashion-product-images-small/images/33295.jpg,Apparel,Topwear,Shirts,Blue,Arrow Sport Men Reversible Check Blue Shirt
44771,44771,data/raw/fashion-product-images-small/images/44771.jpg,Footwear,Shoes,Casual Shoes,Grey,Globalite Men Navy Blue Skid Shoes
46008,46008,data/raw/fashion-product-images-small/images/46008.jpg,Apparel,Saree,Sarees,Maroon,Fabindia Maroon Printed Saree
56918,56918,data/raw/fashion-product-images-small/images/56918.jpg,Footwear,Shoes,Heels,Black,HM Women Black Heels
29934,29934,data/raw/fashion-product-images-small/images/29934.jpg,Accessories,Watches,Watches,Silver,Police Women Silver-Toned Dial Watch PL12896BSG-04M
32370,32370,data/raw/fashion-product-images-small/images/32370.jpg,Accessories,Watches,Watches,Black,Q&Q Men Black Watch
46959,46959,data/raw/fashion-product-images-small/images/46959.jpg,Footwear,Flip Flops,Flip Flops,Red,Jungle Book Boys Red Flip Flops
11262,11262,data/raw/fashion-product-images-small/images/11262.jpg,Apparel,Bottomwear,Trousers,Beige,Indigo Nation Men TR Yarn Dyed Beige Trousers
39853,39853,data/raw/fashion-product-images-small/images/39853.jpg,Apparel,Topwear,Tshirts,White,Gini and Jony Boys Printed White T-Shirt
16401,16401,data/raw/fashion-product-images-small/images/16401.jpg,Apparel,Topwear,Shirts,Charcoal,Levis Men Check Charcoal Shirts
45980,45980,data/raw/fashion-product-images-small/images/45980.jpg,Apparel,Topwear,Tops,Blue,Tokyo Talkies Women Blue Printed Top
39803,39803,data/raw/fashion-product-images-small/images/39803.jpg,Apparel,Topwear,Shirts,Purple,Peter England Men Lavender Formal Shirt
13505,13505,data/raw/fashion-product-images-small/images/13505.jpg,Apparel,Topwear,Tshirts,Green,Chimp Men Ravan Green Tshirts
22677,22677,data/raw/fashion-product-images-small/images/22677.jpg,Accessories,Bags,Laptop Bag,Black,Wildcraft Unisex Gear for Life Black Laptop Bag
46096,46096,data/raw/fashion-product-images-small/images/46096.jpg,Footwear,Shoes,Flats,Black,ADIDAS Women Black Tessalia Sandals
10114,10114,data/raw/fashion-product-images-small/images/10114.jpg,Footwear,Sandal,Sports Sandals,Black,Reebok Unisex Black Sports Sandals
35666,35666,data/raw/fashion-product-images-small/images/35666.jpg,Footwear,Flip Flops,Flip Flops,Blue,U.S. Polo Assn. Men Blue Flip Flops
22602,22602,data/raw/fashion-product-images-small/images/22602.jpg,Apparel,Topwear,Tshirts,White,Nike Men White T-shirt
20754,20754,data/raw/fashion-product-images-small/images/20754.jpg,Footwear,Shoes,Heels,Black,Carlton London Women Black Heels
3492,3492,data/raw/fashion-product-images-small/images/3492.jpg,Footwear,Shoes,Sports Shoes,Red,ADIDAS Women Adi Light Red White Shoe
14728,14728,data/raw/fashion-product-images-small/images/14728.jpg,Apparel,Topwear,Tshirts,Brown,Ed Hardy Men Dog Print Brown Tshirts
11044,11044,data/raw/fashion-product-images-small/images/11044.jpg,Apparel,Topwear,Shirts,White,Scullers Men Check White Shirts
36373,36373,data/raw/fashion-product-images-small/images/36373.jpg,Accessories,Socks,Socks,Navy Blue,Reid & Taylor Men Navy Blue Socks
8420,8420,data/raw/fashion-product-images-small/images/8420.jpg,Apparel,Topwear,Tshirts,Pink,Doodle Girl's Crazy And Funny Pink Kidswear
26515,26515,data/raw/fashion-product-images-small/images/26515.jpg,Apparel,Topwear,Shirts,Red,Arrow Sport Men Red Check Shirt
2122,2122,data/raw/fashion-product-images-small/images/2122.jpg,Apparel,Topwear,Tops,Black,Lee Women Black Top
23293,23293,data/raw/fashion-product-images-small/images/23293.jpg,Accessories,Watches,Watches,White,Maxima Ssteele Men White Watch
50777,50777,data/raw/fashion-product-images-small/images/50777.jpg,Footwear,Shoes,Formal Shoes,Brown,Clarks Men Dino Limit Brown Formal Shoes
39889,39889,data/raw/fashion-product-images-small/images/39889.jpg,Footwear,Shoes,Sports Shoes,White,ADIDAS Men Desma White Sports Shoes
21733,21733,data/raw/fashion-product-images-small/images/21733.jpg,Footwear,Shoes,Heels,Brown,Catwalk Women Casual Brown Flats
13648,13648,data/raw/fashion-product-images-small/images/13648.jpg,Footwear,Shoes,Sports Shoes,Silver,ADIDAS Silver Astar ride 3M Sports Shoe
15810,15810,data/raw/fashion-product-images-small/images/15810.jpg,Apparel,Innerwear,Briefs,Black,Facit Men Fusion Brie Black Briefs
22889,22889,data/raw/fashion-product-images-small/images/22889.jpg,Footwear,Sandal,Sandals,Khaki,Woodland Men Khaki Sandals
22978,22978,data/raw/fashion-product-images-small/images/22978.jpg,Footwear,Shoes,Sports Shoes,Black,FILA Men Black Galaxy Sports Shoes
16202,16202,data/raw/fashion-product-images-small/images/16202.jpg,Apparel,Topwear,Sweatshirts,Black,Puma Men Logo Hooded Black SweatShirt
5098,5098,data/raw/fashion-product-images-small/images/5098.jpg,Apparel,Topwear,Tshirts,Red,Wrangler Men's Hand Of Quality Red T-shirt
18174,18174,data/raw/fashion-product-images-small/images/18174.jpg,Apparel,Dress,Dresses,Lavender,Doodle Kids Girls Party Frock Lavender Dress
31911,31911,data/raw/fashion-product-images-small/images/31911.jpg,Accessories,Bags,Handbags,Blue,Fabindia Women Blue Sling Bag
15777,15777,data/raw/fashion-product-images-small/images/15777.jpg,Apparel,Innerwear,Briefs,Red,Facit Men Stringz Red Briefs
29022,29022,data/raw/fashion-product-images-small/images/29022.jpg,Apparel,Topwear,Tshirts,White,ADIDAS Men Aess Crew White T-shirt
21534,21534,data/raw/fashion-product-images-small/images/21534.jpg,Accessories,Bags,Handbags,Black,Kiara Women Classic Black Handbag
31994,31994,data/raw/fashion-product-images-small/images/31994.jpg,Accessories,Socks,Socks,Khaki,Playboy Men Khaki Green Socks
12968,12968,data/raw/fashion-product-images-small/images/12968.jpg,Footwear,Shoes,Sports Shoes,White,ADIDAS Men Allegra White Sports Shoes
47144,47144,data/raw/fashion-product-images-small/images/47144.jpg,Accessories,Bags,Handbags,White,Be For Bag Women Combo Pack Tote Bags
28702,28702,data/raw/fashion-product-images-small/images/28702.jpg,Apparel,Topwear,Kurtas,Grey,W Women Printed Grey Kurta
37183,37183,data/raw/fashion-product-images-small/images/37183.jpg,Apparel,Topwear,Tshirts,Pink,United Colors of Benetton Women Pink T-shirt
35399,35399,data/raw/fashion-product-images-small/images/35399.jpg,Footwear,Shoes,Formal Shoes,Black,Enroute Men Black Formal Shoes
18611,18611,data/raw/fashion-product-images-small/images/18611.jpg,Apparel,Topwear,Tshirts,Yellow,Puma Men Team SS  Spectra Yellow Tshirts
15897,15897,data/raw/fashion-product-images-small/images/15897.jpg,Footwear,Flip Flops,Flip Flops,Green,Warner Bros Kids Unisex SD Wave Flop Green Slippers
27779,27779,data/raw/fashion-product-images-small/images/27779.jpg,Accessories,Wallets,Wallets,Brown,Bulchee Men Brown Wallet
48866,48866,data/raw/fashion-product-images-small/images/48866.jpg,Accessories,Jewellery,Pendant,Silver,Lucera Women Silver Pendant
10800,10800,data/raw/fashion-product-images-small/images/10800.jpg,Apparel,Topwear,Shirts,Blue,Wrangler Men Wander Wheels Blue Shirt
46335,46335,data/raw/fashion-product-images-small/images/46335.jpg,Footwear,Shoes,Sports Shoes,Black,Reebok Women Black Zignano Race Sports Shoes
15174,15174,data/raw/fashion-product-images-small/images/15174.jpg,Apparel,Topwear,Tshirts,Yellow,Arrow Men Yellow Polo T-shirt
26067,26067,data/raw/fashion-product-images-small/images/26067.jpg,Apparel,Topwear,Shirts,Purple,John Miller Men Striped Purple Shirt
48616,48616,data/raw/fashion-product-images-small/images/48616.jpg,Accessories,Jewellery,Earrings,Silver,Lucera Women Silver Earrings
4520,4520,data/raw/fashion-product-images-small/images/4520.jpg,Footwear,Shoes,Sports Shoes,Black,Puma Men's Axis Black Silver Blue Shoe
29683,29683,data/raw/fashion-product-images-small/images/29683.jpg,Apparel,Bottomwear,Trousers,Black,Indigo Nation Men Black Trouser
43668,43668,data/raw/fashion-product-images-small/images/43668.jpg,Apparel,Topwear,Tunics,Pink,ONLY Women Pink Tunic
52774,52774,data/raw/fashion-product-images-small/images/52774.jpg,Accessories,Wallets,Wallets,Coffee Brown,Fiorelli Women Coffee Brown Wallet
20321,20321,data/raw/fashion-product-images-small/images/20321.jpg,Apparel,Topwear,Shirts,Olive,Mother Earth Men Solid Olive Shirt
54343,54343,data/raw/fashion-product-images-small/images/54343.jpg,Accessories,Socks,Socks,White,Levis Men Pack of 3 Socks
19168,19168,data/raw/fashion-product-images-small/images/19168.jpg,Apparel,Topwear,Tshirts,Grey,United Colors of Benetton Men Grey Printed T-shirt
14023,14023,data/raw/fashion-product-images-small/images/14023.jpg,Apparel,Bottomwear,Shorts,Navy Blue,Nike Men Solid Navy Blue Shorts
15918,15918,data/raw/fashion-product-images-small/images/15918.jpg,Accessories,Bags,Backpacks,Black,ADIDAS Unisex BP Cable Black Backpack
58243,58243,data/raw/fashion-product-images-small/images/58243.jpg,Accessories,Wallets,Wallets,Red,Baggit Women Red Wallet
28891,28891,data/raw/fashion-product-images-small/images/28891.jpg,Apparel,Innerwear,Briefs,Skin,Enamor Women Beige Regular-Rise Brief
17561,17561,data/raw/fashion-product-images-small/images/17561.jpg,Apparel,Topwear,Shirts,Blue,Mark Taylor Men Blue & White Striped Shirt
52396,52396,data/raw/fashion-product-images-small/images/52396.jpg,Apparel,Loungewear and Nightwear,Nightdress,Peach,Red Rose Peach Nightdress
24408,24408,data/raw/fashion-product-images-small/images/24408.jpg,Footwear,Shoes,Sports Shoes,Black,ADIDAS Men Black Vanquish Sports Shoes
8754,8754,data/raw/fashion-product-images-small/images/8754.jpg,Footwear,Sandal,Sandals,Red,Crocs Kids Duet Red Floater
16950,16950,data/raw/fashion-product-images-small/images/16950.jpg,Accessories,Eyewear,Sunglasses,Brown,Image Men Sunglasses
8122,8122,data/raw/fashion-product-images-small/images/8122.jpg,Accessories,Belts,Belts,Black,Fastrack Men Non Leather Black Belts
57039,57039,data/raw/fashion-product-images-small/images/57039.jpg,Apparel,Dress,Dresses,Black,Elle Women Black Dress
48579,48579,data/raw/fashion-product-images-small/images/48579.jpg,Accessories,Jewellery,Bracelet,Steel,Revv Men Steel Bracelet
25434,25434,data/raw/fashion-product-images-small/images/25434.jpg,Accessories,Socks,Socks,White,Lee Men Casual Tripack Socks
2230,2230,data/raw/fashion-product-images-small/images/2230.jpg,Footwear,Sandal,Sandals,Black,Puma Men Cruise Black Sandal
30809,30809,data/raw/fashion-product-images-small/images/30809.jpg,Apparel,Bottomwear,Churidar,Olive,Fabindia Women Olive Cambric Churidar
13193,13193,data/raw/fashion-product-images-small/images/13193.jpg,Footwear,Flip Flops,Flip Flops,Green,Puma Unisex Jive Green Slippers
27679,27679,data/raw/fashion-product-images-small/images/27679.jpg,Accessories,Bags,Handbags,Brown,Murcia Women Brown Handbag
28808,28808,data/raw/fashion-product-images-small/images/28808.jpg,Apparel,Topwear,Shirts,Black,Denizen Men Striped Black Shirt
38992,38992,data/raw/fashion-product-images-small/images/38992.jpg,Apparel,Topwear,Jackets,Blue,Gini and Jony Boys Rodeo Blue Jacket
52647,52647,data/raw/fashion-product-images-small/images/52647.jpg,Accessories,Bags,Handbags,Black,Mod'acc Women Black Handbag
57132,57132,data/raw/fashion-product-images-small/images/57132.jpg,Apparel,Topwear,Tops,Multi,Elle Women Multi Coloured Top
14111,14111,data/raw/fashion-product-images-small/images/14111.jpg,Apparel,Topwear,Sweatshirts,Navy Blue,Flying Machine Men Printed Navy Blue Sweatshirts
11903,11903,data/raw/fashion-product-images-small/images/11903.jpg,Footwear,Shoes,Formal Shoes,Brown,Franco Leone Men Brown Shoes
28732,28732,data/raw/fashion-product-images-small/images/28732.jpg,Apparel,Topwear,Kurtas,Green,W Women Printed Green Kurta
37943,37943,data/raw/fashion-product-images-small/images/37943.jpg,Apparel,Topwear,Tunics,Beige,Mineral Women Beige Tunic
10296,10296,data/raw/fashion-product-images-small/images/10296.jpg,Footwear,Shoes,Casual Shoes,Navy Blue,Clarks Men Navy Blue Leather Casual Shoes
6041,6041,data/raw/fashion-product-images-small/images/6041.jpg,Apparel,Topwear,Tshirts,Navy Blue,UCB Men's Polo Neck With Lion Logo Navy Blue T-shirt
15327,15327,data/raw/fashion-product-images-small/images/15327.jpg,Apparel,Topwear,Tshirts,Blue,Nike Men Stripes Blue Tshirts
58535,58535,data/raw/fashion-product-images-small/images/58535.jpg,Accessories,Eyewear,Sunglasses,Grey,Miami Blues Men Sunglasses
20956,20956,data/raw/fashion-product-images-small/images/20956.jpg,Footwear,Flip Flops,Flip Flops,Red,ADIDAS Unisex Vines Red Flip Flops
45011,45011,data/raw/fashion-product-images-small/images/45011.jpg,Accessories,Watches,Watches,Steel,Maxima Men Digital Multifunction Watch
19883,19883,data/raw/fashion-product-images-small/images/19883.jpg,Accessories,Headwear,Caps,Black,ADIDAS Originals Men St Truck Black Cap
52789,52789,data/raw/fashion-product-images-small/images/52789.jpg,Accessories,Wallets,Wallets,Red,Fiorelli Women Red Wallet
10370,10370,data/raw/fashion-product-images-small/images/10370.jpg,Apparel,Topwear,Tshirts,White,United Colors of Benetton Women White T-shirt
34782,34782,data/raw/fashion-product-images-small/images/34782.jpg,Accessories,Bags,Handbags,White,Be For Bag Women Pack of 3 Bags
39280,39280,data/raw/fashion-product-images-small/images/39280.jpg,Footwear,Shoes,Casual Shoes,Tan,Red Chief Men Tan Casual Shoes
26382,26382,data/raw/fashion-product-images-small/images/26382.jpg,Apparel,Bottomwear,Trousers,Brown,Turtle Men Check Brown Trousers
54884,54884,data/raw/fashion-product-images-small/images/54884.jpg,Accessories,Jewellery,Necklace and Chains,Red,Ivory Tag Women Tangerine Coral Red and Orange Necklace
41685,41685,data/raw/fashion-product-images-small/images/41685.jpg,Footwear,Shoes,Heels,Beige,Catwalk Women Beige Heels
11231,11231,data/raw/fashion-product-images-small/images/11231.jpg,Accessories,Watches,Watches,White,Esprit Women Twist Houston White Watches
29897,29897,data/raw/fashion-product-images-small/images/29897.jpg,Accessories,Eyewear,Sunglasses,Brown,Mayhem Women Sunglasses 1011-102
8664,8664,data/raw/fashion-product-images-small/images/8664.jpg,Accessories,Eyewear,Sunglasses,Black,Fastrack Unisex Sport Black Sunglasses
22462,22462,data/raw/fashion-product-images-small/images/22462.jpg,Apparel,Bottomwear,Leggings,Mustard,Myntra Women Mustard Leggings
3049,3049,data/raw/fashion-product-images-small/images/3049.jpg,Apparel,Topwear,Tshirts,Black,Tantra Men's Rupee Black T-shirt
36240,36240,data/raw/fashion-product-images-small/images/36240.jpg,Apparel,Topwear,Tops,Tan,W Women Tan Kurti
43367,43367,data/raw/fashion-product-images-small/images/43367.jpg,Footwear,Shoes,Flats,Black,Reebok Women Black Casual Shoes
3286,3286,data/raw/fashion-product-images-small/images/3286.jpg,Apparel,Topwear,Tshirts,Black,Guerrilla Men's Madagascar Black T-shirt
40924,40924,data/raw/fashion-product-images-small/images/40924.jpg,Apparel,Bottomwear,Jeans,Blue,Gini and Jony Boys Jeans Blue Jeans
22652,22652,data/raw/fashion-product-images-small/images/22652.jpg,Accessories,Bags,Duffel Bag,Grey,Wildcraft Unisex Grey Duffle Bag
33379,33379,data/raw/fashion-product-images-small/images/33379.jpg,Accessories,Wallets,Wallets,Purple,Baggit Women Yuvraj Jhuti Purple Wallet
37593,37593,data/raw/fashion-product-images-small/images/37593.jpg,Apparel,Topwear,Tshirts,Yellow,Madagascar3 Boys Yellow Printed T-Shirt
34102,34102,data/raw/fashion-product-images-small/images/34102.jpg,Apparel,Topwear,Tshirts,Pink,Doodle Boys Printed Pink T-shirt
41436,41436,data/raw/fashion-product-images-small/images/41436.jpg,Footwear,Shoes,Sports Shoes,White,Lee Cooper Men Black & White Sports Shoes
15515,15515,data/raw/fashion-product-images-small/images/15515.jpg,Footwear,Shoes,Casual Shoes,Grey,Rockport Men Utara L2T Grey Casual Shoes
3297,3297,data/raw/fashion-product-images-small/images/3297.jpg,Footwear,Shoes,Sports Shoes,Silver,Asics Men's Sport Running Gel-Pulse 2 Silver Red Shoe
14668,14668,data/raw/fashion-product-images-small/images/14668.jpg,Apparel,Topwear,Shirts,White,Basics Men White Slim Fit Checked Shirt
18829,18829,data/raw/fashion-product-images-small/images/18829.jpg,Accessories,Belts,Belts,Tan,Peter England Men Formal Tan Belt
58269,58269,data/raw/fashion-product-images-small/images/58269.jpg,Accessories,Bags,Handbags,Brown,Baggit Women Brown Handbag
4974,4974,data/raw/fashion-product-images-small/images/4974.jpg,Apparel,Topwear,Shirts,Yellow,Gini and Jony Boy's Kangaroo Yellow Infant Kidswear
54140,54140,data/raw/fashion-product-images-small/images/54140.jpg,Footwear,Shoes,Heels,Black,Rocia Women Black Sandals
8996,8996,data/raw/fashion-product-images-small/images/8996.jpg,Footwear,Shoes,Casual Shoes,White,Puma Men El ace 2 White Casual Shoes
2876,2876,data/raw/fashion-product-images-small/images/2876.jpg,Footwear,Shoes,Heels,Black,Catwalk Women Party Heeled Strap Black Heels
13713,13713,data/raw/fashion-product-images-small/images/13713.jpg,Apparel,Topwear,Tshirts,Grey,Proline Men Grey Polo Tshirt
31644,31644,data/raw/fashion-product-images-small/images/31644.jpg,Apparel,Topwear,Shirts,Black,Indigo Nation Men Black Shirt
19934,19934,data/raw/fashion-product-images-small/images/19934.jpg,Accessories,Accessories,Accessory Gift Set,Blue,Reid & Taylor Men Formal Blue  Tie+Cufflink+Pocket square - Combo Pack
53622,53622,data/raw/fashion-product-images-small/images/53622.jpg,Accessories,Watches,Watches,Black,Q&Q Men Black Watch
19632,19632,data/raw/fashion-product-images-small/images/19632.jpg,Apparel,Topwear,Tshirts,Grey,United Colors of Benetton Men Solid Grey Tshirt
4832,4832,data/raw/fashion-product-images-small/images/4832.jpg,Apparel,Bottomwear,Track Pants,Yellow,ADIDAS Men's Shale Yellow Track Pant
51874,51874,data/raw/fashion-product-images-small/images/51874.jpg,Apparel,Topwear,Tshirts,Blue,Mark Taylor Men Blue T-shirt
44774,44774,data/raw/fashion-product-images-small/images/44774.jpg,Footwear,Shoes,Sports Shoes,White,Lotto Men White Losanna Sports Shoes
25447,25447,data/raw/fashion-product-images-small/images/25447.jpg,Footwear,Shoes,Casual Shoes,Navy Blue,Nike Men Casual Navy Blue Shoes
4438,4438,data/raw/fashion-product-images-small/images/4438.jpg,Footwear,Shoes,Casual Shoes,Black,Converse Unisex Rolldown Black Yellow Canvas Shoe
15060,15060,data/raw/fashion-product-images-small/images/15060.jpg,Footwear,Shoes,Formal Shoes,Brown,Franco Leone Men Brown Formal Shoes
57005,57005,data/raw/fashion-product-images-small/images/57005.jpg,Footwear,Shoes,Flats,Black,HM Women Black Sandals
18873,18873,data/raw/fashion-product-images-small/images/18873.jpg,Footwear,Shoes,Formal Shoes,Brown,Franco Leone Men Formal Brown Shoes
24407,24407,data/raw/fashion-product-images-small/images/24407.jpg,Apparel,Topwear,Kurtas,Pink,Vishudh Women Pink Printed Kurta
50392,50392,data/raw/fashion-product-images-small/images/50392.jpg,Accessories,Watches,Watches,Silver,Miss Sixty Silver Watch
12954,12954,data/raw/fashion-product-images-small/images/12954.jpg,Footwear,Shoes,Sports Shoes,White,ADIDAS Men Sports White Sports Shoes
31936,31936,data/raw/fashion-product-images-small/images/31936.jpg,Apparel,Topwear,Tunics,Blue,Mumbai Slang Women Printed Blue Tunic
35147,35147,data/raw/fashion-product-images-small/images/35147.jpg,Accessories,Bags,Handbags,White,Allen Solly Woman White Handbag
46092,46092,data/raw/fashion-product-images-small/images/46092.jpg,Footwear,Shoes,Sports Shoes,Purple,ADIDAS Women Purple Breeze Sports Shoes
59750,59750,data/raw/fashion-product-images-small/images/59750.jpg,Apparel,Innerwear,Briefs,Cream,Avirate Cream Brief
15894,15894,data/raw/fashion-product-images-small/images/15894.jpg,Footwear,Sandal,Sandals,Blue,Warner Bros Kids Girls TW Flower Flops Blue Slippers
15866,15866,data/raw/fashion-product-images-small/images/15866.jpg,Footwear,Shoes,Casual Shoes,Brown,Warner Bros Kids Unisex SD Silly Shoe Brown Casual Shoes
27740,27740,data/raw/fashion-product-images-small/images/27740.jpg,Accessories,Bags,Handbags,Navy Blue,Murcia Women Navy Blue Sling Bag
52120,52120,data/raw/fashion-product-images-small/images/52120.jpg,Apparel,Topwear,Tshirts,White,Doodle Boys white Printed T-Shirt
19500,19500,data/raw/fashion-product-images-small/images/19500.jpg,Accessories,Socks,Socks,White,Puma Men Sport Quarters White Socks
45831,45831,data/raw/fashion-product-images-small/images/45831.jpg,Apparel,Topwear,Kurtas,White,Vishudh Women White Kurta
42821,42821,data/raw/fashion-product-images-small/images/42821.jpg,Apparel,Innerwear,Briefs,Green,Little Miss Intimates Women Lime Green Brief
57056,57056,data/raw/fashion-product-images-small/images/57056.jpg,Apparel,Dress,Dresses,Cream,Elle Women White Shift Dress
6456,6456,data/raw/fashion-product-images-small/images/6456.jpg,Footwear,Shoes,Sports Shoes,White,Lotto Men's Basketball White Red Shoe
16381,16381,data/raw/fashion-product-images-small/images/16381.jpg,Apparel,Bottomwear,Trousers,Navy Blue,Peter England Men Stripes Navy Blue Trouser
47287,47287,data/raw/fashion-product-images-small/images/47287.jpg,Accessories,Bags,Clutches,Purple,Baggit Women Purple Wallet
45036,45036,data/raw/fashion-product-images-small/images/45036.jpg,Accessories,Watches,Watches,Black,Maxima Attivo Men Black Dial Watch
16488,16488,data/raw/fashion-product-images-small/images/16488.jpg,Apparel,Topwear,Tshirts,Blue,Locomotive Men Printed Navy Blue TShirt
41264,41264,data/raw/fashion-product-images-small/images/41264.jpg,Accessories,Wallets,Wallets,Black,Arrow Men Black Wallet
48120,48120,data/raw/fashion-product-images-small/images/48120.jpg,Accessories,Belts,Belts,Multi,Fossil Women Multi Coloured Stitched Link Belt
39590,39590,data/raw/fashion-product-images-small/images/39590.jpg,Footwear,Shoes,Heels,Gold,Catwalk Women Gold Heels
43617,43617,data/raw/fashion-product-images-small/images/43617.jpg,Apparel,Topwear,Tops,Pink,Vero Moda Women Pink Top
12436,12436,data/raw/fashion-product-images-small/images/12436.jpg,Accessories,Socks,Socks,Blue,Timberland Men Casual Blue Socks
45932,45932,data/raw/fashion-product-images-small/images/45932.jpg,Accessories,Watches,Watches,White,Maxima Men White Dial Chronograph Watch
18744,18744,data/raw/fashion-product-images-small/images/18744.jpg,Apparel,Topwear,Shirts,Blue,Arrow Woman Cameron Blue Shirt
27893,27893,data/raw/fashion-product-images-small/images/27893.jpg,Apparel,Topwear,Shirts,Blue,Scullers For Her Check Blue Shirt
24133,24133,data/raw/fashion-product-images-small/images/24133.jpg,Apparel,Topwear,Tshirts,Navy Blue,ADIDAS Men Navy Blue T-shirt
37155,37155,data/raw/fashion-product-images-small/images/37155.jpg,Apparel,Topwear,Tshirts,White,Campbell Men Pack of 3 T-shirt
50483,50483,data/raw/fashion-product-images-small/images/50483.jpg,Apparel,Innerwear,Briefs,Charcoal,Chromozome Men Charcoal Melange Briefs
44560,44560,data/raw/fashion-product-images-small/images/44560.jpg,Footwear,Sandal,Sandals,Black,Coolers Men Black Sandals
39256,39256,data/raw/fashion-product-images-small/images/39256.jpg,Footwear,Shoes,Formal Shoes,Brown,Red Chief Men Brown Formal Shoes
48239,48239,data/raw/fashion-product-images-small/images/48239.jpg,Apparel,Topwear,Tshirts,Navy Blue,Avengers Boys Navy Blue Printed T-shirt
42949,42949,data/raw/fashion-product-images-small/images/42949.jpg,Accessories,Belts,Belts,Brown,French Connection Men Brown Leather Belt
12983,12983,data/raw/fashion-product-images-small/images/12983.jpg,Footwear,Flip Flops,Flip Flops,Black,ADIDAS Mens Calo 3 Black Flip Flops
11576,11576,data/raw/fashion-product-images-small/images/11576.jpg,Apparel,Topwear,Kurtis,Cream,W Women Printed Cream Kurtis
41781,41781,data/raw/fashion-product-images-small/images/41781.jpg,Apparel,Topwear,Tunics,Black,Remanika Women Black Tunic
25750,25750,data/raw/fashion-product-images-small/images/25750.jpg,Accessories,Belts,Belts,Olive,Lino Perros Men Canvas Olive Belt
40658,40658,data/raw/fashion-product-images-small/images/40658.jpg,Apparel,Topwear,Kurtas,Multi,Span Women Multi Coloured Kurta
37745,37745,data/raw/fashion-product-images-small/images/37745.jpg,Apparel,Topwear,Shirts,White,John Players Men Striped White Shirt
12073,12073,data/raw/fashion-product-images-small/images/12073.jpg,Apparel,Topwear,Kurtas,Black,W Women Printed Black Kurtas
21963,21963,data/raw/fashion-product-images-small/images/21963.jpg,Accessories,Bags,Handbags,Beige,Murcia Women Casual Beige Handbag
34598,34598,data/raw/fashion-product-images-small/images/34598.jpg,Apparel,Dress,Dresses,Black,Tonga Women Printed Black Dress
33273,33273,data/raw/fashion-product-images-small/images/33273.jpg,Apparel,Bottomwear,Leggings,Green,Gini and Jony Girls Green Leggings
31122,31122,data/raw/fashion-product-images-small/images/31122.jpg,Apparel,Topwear,Tops,White,Gini and Jony Girls Printed White Top
32342,32342,data/raw/fashion-product-images-small/images/32342.jpg,Accessories,Watches,Watches,White,Q&Q Men White Dial Watch
18429,18429,data/raw/fashion-product-images-small/images/18429.jpg,Accessories,Bags,Laptop Bag,Black,Vital Gear Unisex Black Laptop Bag
22136,22136,data/raw/fashion-product-images-small/images/22136.jpg,Footwear,Shoes,Formal Shoes,Black,Provouge Men Black Formal Shoes
17673,17673,data/raw/fashion-product-images-small/images/17673.jpg,Footwear,Shoes,Heels,Black,Catwalk Women Black Pumps
33606,33606,data/raw/fashion-product-images-small/images/33606.jpg,Accessories,Wallets,Wallets,Red,Lino Perros Women Red Wallet
50733,50733,data/raw/fashion-product-images-small/images/50733.jpg,Footwear,Sandal,Sandals,Tan,Red Chief Men Tan Sandals
57482,57482,data/raw/fashion-product-images-small/images/57482.jpg,Footwear,Shoes,Casual Shoes,Black,ID Men Black Casual Shoes
28958,28958,data/raw/fashion-product-images-small/images/28958.jpg,Apparel,Topwear,Kurtas,White,BIBA Women Printed White Kurta
7878,7878,data/raw/fashion-product-images-small/images/7878.jpg,Apparel,Bottomwear,Shorts,Grey,Proline Men Grey Comfort Fit Sports Shorts
26669,26669,data/raw/fashion-product-images-small/images/26669.jpg,Footwear,Shoes,Casual Shoes,White,Puma Men Rebound White Shoes
27840,27840,data/raw/fashion-product-images-small/images/27840.jpg,Accessories,Belts,Belts,Red,Bulchee Men Red Leather Belt
16445,16445,data/raw/fashion-product-images-small/images/16445.jpg,Apparel,Topwear,Sweatshirts,Grey,Levis Men Solid Grey Sweatshirts
43229,43229,data/raw/fashion-product-images-small/images/43229.jpg,Footwear,Shoes,Casual Shoes,Brown,United Colors of Benetton Men Brown Shoes
34653,34653,data/raw/fashion-product-images-small/images/34653.jpg,Footwear,Shoes,Sports Shoes,Black,Fila Men Cerchi Lite Black Sports Shoes
12030,12030,data/raw/fashion-product-images-small/images/12030.jpg,Apparel,Topwear,Shirts,White,Mark Taylor Men White Red Striped Shirt
23241,23241,data/raw/fashion-product-images-small/images/23241.jpg,Apparel,Topwear,Kurtis,Blue,Aneri Women Juhi Blue Kurti
6360,6360,data/raw/fashion-product-images-small/images/6360.jpg,Footwear,Shoes,Casual Shoes,Red,Numero Uno Men's Red Canvas Shoe
5038,5038,data/raw/fashion-product-images-small/images/5038.jpg,Footwear,Shoes,Sports Shoes,White,Fila Men's Galliant White Shoe
8680,8680,data/raw/fashion-product-images-small/images/8680.jpg,Accessories,Eyewear,Sunglasses,Brown,Fastrack Women Campus Brown Sunglasses
6389,6389,data/raw/fashion-product-images-small/images/6389.jpg,Footwear,Shoes,Sports Shoes,White,Puma Men's Urban Cat Cetto White Shoe
4195,4195,data/raw/fashion-product-images-small/images/4195.jpg,Apparel,Topwear,Tshirts,Purple,Ed Hardy Men's Eagle Tiger Purple T-shirt
42006,42006,data/raw/fashion-product-images-small/images/42006.jpg,Accessories,Wallets,Wallets,Beige,Baggit Women Beige Goofy Jhuti Wallet
25017,25017,data/raw/fashion-product-images-small/images/25017.jpg,Footwear,Shoes,Heels,Black,United Colors of Benetton Women Black Ballerinas
56287,56287,data/raw/fashion-product-images-small/images/56287.jpg,Apparel,Innerwear,Bra,White,Biara Women White Bra
13977,13977,data/raw/fashion-product-images-small/images/13977.jpg,Footwear,Shoes,Casual Shoes,Grey,Puma Men 917 SL Graphic Grey Casual Shoes
47514,47514,data/raw/fashion-product-images-small/images/47514.jpg,Apparel,Innerwear,Briefs,Red,Facit Men Red Brief
8466,8466,data/raw/fashion-product-images-small/images/8466.jpg,Apparel,Topwear,Tops,Blue,Scullers For Her Women Light Work Blue Tops
25253,25253,data/raw/fashion-product-images-small/images/25253.jpg,Accessories,Bags,Handbags,Orange,Lino Perros Women Leatherette Orange Handbag
23312,23312,data/raw/fashion-product-images-small/images/23312.jpg,Apparel,Topwear,Kurtas,Green,W Women Green Printed Kurta
40196,40196,data/raw/fashion-product-images-small/images/40196.jpg,Apparel,Topwear,Kurtis,Green,Mumbai Slang Women Light Green Kurti
12304,12304,data/raw/fashion-product-images-small/images/12304.jpg,Apparel,Topwear,Shirts,Red,Genesis Men Stripes Red Shirts
19089,19089,data/raw/fashion-product-images-small/images/19089.jpg,Apparel,Topwear,Kurtas,Blue,W Women Shaded Blue Kurta
51040,51040,data/raw/fashion-product-images-small/images/51040.jpg,Apparel,Innerwear,Briefs,White,Enamor Women White Printed Briefs
7091,7091,data/raw/fashion-product-images-small/images/7091.jpg,Accessories,Bags,Backpacks,Grey,Wildcraft Unisex Grey & Black Cruiser Backpack
34219,34219,data/raw/fashion-product-images-small/images/34219.jpg,Apparel,Topwear,Tshirts,Sea Green,Proline Sea Green Polo T-shirt
8380,8380,data/raw/fashion-product-images-small/images/8380.jpg,Apparel,Topwear,Tops,Purple,Doodle Girls Purple Printed Top
25592,25592,data/raw/fashion-product-images-small/images/25592.jpg,Apparel,Apparel Set,Kurta Sets,Black,Vishudh Women Black & Purple Printed Churidar Kurta with Dupatta
39189,39189,data/raw/fashion-product-images-small/images/39189.jpg,Footwear,Shoes,Heels,Red,Catwalk Women Red Sandals
25522,25522,data/raw/fashion-product-images-small/images/25522.jpg,Footwear,Shoes,Flats,Gold,Clarks Women Metallic Arizona Ballerinas
6175,6175,data/raw/fashion-product-images-small/images/6175.jpg,Footwear,Flip Flops,Flip Flops,Grey,ADIDAS Men's Spiders Grey Flip Flop
43770,43770,data/raw/fashion-product-images-small/images/43770.jpg,Accessories,Jewellery,Earrings,Gold,Royal Diadem Rust Earrings
34106,34106,data/raw/fashion-product-images-small/images/34106.jpg,Apparel,Topwear,Tops,White,Doodle Girls Printed White Top
23290,23290,data/raw/fashion-product-images-small/images/23290.jpg,Accessories,Watches,Watches,White,Maxima Women White Dial Watch
33582,33582,data/raw/fashion-product-images-small/images/33582.jpg,Apparel,Topwear,Tshirts,White,Wrangler Men True Rider White T-shirt
11202,11202,data/raw/fashion-product-images-small/images/11202.jpg,Accessories,Watches,Watches,Black,Carrera Men Black Watch
19130,19130,data/raw/fashion-product-images-small/images/19130.jpg,Footwear,Flip Flops,Flip Flops,Grey,Lotto Men Racing Grey Slippers
37052,37052,data/raw/fashion-product-images-small/images/37052.jpg,Accessories,Belts,Belts,Brown,Lino Perros Women Brown Belt
51301,51301,data/raw/fashion-product-images-small/images/51301.jpg,Accessories,Watches,Watches,Black,Hop Scotch Boys Black Watch
8351,8351,data/raw/fashion-product-images-small/images/8351.jpg,Apparel,Topwear,Tshirts,Grey,Doodle Boy's Original Royal Classic Grey Melange Kidswear
31902,31902,data/raw/fashion-product-images-small/images/31902.jpg,Apparel,Innerwear,Briefs,Black,Heart 2 Heart Women Black Brief
32253,32253,data/raw/fashion-product-images-small/images/32253.jpg,Apparel,Topwear,Kurtis,White,Fabindia Women Printed White Kurti
36279,36279,data/raw/fashion-product-images-small/images/36279.jpg,Apparel,Loungewear and Nightwear,Night suits,Pink,SDL by Sweet Dreams Women Pink Night suits
19309,19309,data/raw/fashion-product-images-small/images/19309.jpg,Footwear,Shoes,Sports Shoes,Grey,Nike Men Field Trainer Textile Grey Sports Shoes
32225,32225,data/raw/fashion-product-images-small/images/32225.jpg,Apparel,Topwear,Kurtas,Red,Fabindia Women Red Striped Kurta
19498,19498,data/raw/fashion-product-images-small/images/19498.jpg,Accessories,Socks,Socks,White,Puma Women Heritage Quarters Pack of 3 Socks
19093,19093,data/raw/fashion-product-images-small/images/19093.jpg,Apparel,Topwear,Kurtis,Sea Green,W Women Solid Sea Green Kurti
8066,8066,data/raw/fashion-product-images-small/images/8066.jpg,Accessories,Wallets,Wallets,Brown,Fastrack Men Non Leather Brown Wallet
58157,58157,data/raw/fashion-product-images-small/images/58157.jpg,Accessories,Bags,Handbags,Orange,Be For Bag Women Orange & White Bags
36000,36000,data/raw/fashion-product-images-small/images/36000.jpg,Apparel,Topwear,Tshirts,Navy Blue,Ben 10 Boys Navy Blue T-shirt
38599,38599,data/raw/fashion-product-images-small/images/38599.jpg,Apparel,Topwear,Tshirts,Blue,Nike Men Printed Blue T-shirt
15690,15690,data/raw/fashion-product-images-small/images/15690.jpg,Apparel,Topwear,Shirts,White,Black coffee Men Micheal White Slim Fit Shirt
18881,18881,data/raw/fashion-product-images-small/images/18881.jpg,Apparel,Topwear,Shirts,White,Arrow Woman Lana White Shirt
3673,3673,data/raw/fashion-product-images-small/images/3673.jpg,Footwear,Shoes,Sports Shoes,White,Fila Men's Speed Fire White Black Shoe
27738,27738,data/raw/fashion-product-images-small/images/27738.jpg,Accessories,Bags,Handbags,Brown,Murcia Women Brown Handbag
10386,10386,data/raw/fashion-product-images-small/images/10386.jpg,Accessories,Watches,Watches,White,Puma Women Vitality Gold Stones  169 White Watches
19743,19743,data/raw/fashion-product-images-small/images/19743.jpg,Accessories,Headwear,Caps,Blue,United colors of benetton Women Blue Cap
7959,7959,data/raw/fashion-product-images-small/images/7959.jpg,Apparel,Topwear,Tshirts,White,Puma Men's ESS White Polo T-shirt
37748,37748,data/raw/fashion-product-images-small/images/37748.jpg,Apparel,Topwear,Shirts,White,John Players Men White Check Shirt
26427,26427,data/raw/fashion-product-images-small/images/26427.jpg,Accessories,Bags,Handbags,Maroon,Spice Art Women Leatherette Maroon Handbag
4608,4608,data/raw/fashion-product-images-small/images/4608.jpg,Accessories,Bags,Backpacks,Red,Wildcraft Wiki 4 Unisex Red Backpack
15352,15352,data/raw/fashion-product-images-small/images/15352.jpg,Footwear,Shoes,Casual Shoes,Brown,Red Tape Men Brown Shoes
20735,20735,data/raw/fashion-product-images-small/images/20735.jpg,Footwear,Shoes,Flats,Red,Enroute Women Mocassin Red Shoes
24101,24101,data/raw/fashion-product-images-small/images/24101.jpg,Footwear,Shoes,Casual Shoes,Black,Red Tape Men Black Casual Shoes
35700,35700,data/raw/fashion-product-images-small/images/35700.jpg,Footwear,Shoes,Sports Shoes,White,Nike Women Court Shuttle IV White Sports Shoes
38048,38048,data/raw/fashion-product-images-small/images/38048.jpg,Accessories,Watches,Watches,Black,Q&Q Men Black Digital Watch M119J001Y
6760,6760,data/raw/fashion-product-images-small/images/6760.jpg,Apparel,Topwear,Tshirts,Navy Blue,Timberland Men's Asortd Strp Pique Navy T-Shirt
28491,28491,data/raw/fashion-product-images-small/images/28491.jpg,Apparel,Topwear,Tshirts,Maroon,Urban Yoga Men Maroon T-shirt
24922,24922,data/raw/fashion-product-images-small/images/24922.jpg,Apparel,Topwear,Tops,White,United Colors of Benetton Women White Top
14874,14874,data/raw/fashion-product-images-small/images/14874.jpg,Accessories,Umbrellas,Umbrellas,Purple,United Colors of Benetton Women Stripes Purple Umbrellas
51992,51992,data/raw/fashion-product-images-small/images/51992.jpg,Apparel,Loungewear and Nightwear,Lounge Pants,Black,Inaya Women Black Lounge Pants
17442,17442,data/raw/fashion-product-images-small/images/17442.jpg,Accessories,Watches,Watches,Black,CASIO Unisex Black Small Dial Analogue and Digital Watch
40280,40280,data/raw/fashion-product-images-small/images/40280.jpg,Apparel,Bottomwear,Trousers,Grey,Scullers Men Grey Trousers
14752,14752,data/raw/fashion-product-images-small/images/14752.jpg,Apparel,Topwear,Shirts,Grey,Arrow Men Solid Grey Shirts
45994,45994,data/raw/fashion-product-images-small/images/45994.jpg,Apparel,Saree,Sarees,Teal,Fabindia Teal Green Mangalgiri Saree
4853,4853,data/raw/fashion-product-images-small/images/4853.jpg,Footwear,Shoes,Casual Shoes,Black,Newfeel Unisex Black & Grey Shoes
3420,3420,data/raw/fashion-product-images-small/images/3420.jpg,Apparel,Topwear,Tshirts,Black,Myntra Men's Chai Garam Black T-shirt
21137,21137,data/raw/fashion-product-images-small/images/21137.jpg,Apparel,Topwear,Sweaters,Grey,s.Oliver Women Stripes Grey Sweater
7831,7831,data/raw/fashion-product-images-small/images/7831.jpg,Apparel,Topwear,Tshirts,Red,Proline Men Red Printed T-shirt
57214,57214,data/raw/fashion-product-images-small/images/57214.jpg,Apparel,Bottomwear,Shorts,Blue,Kraus Jeans Women Blue Shorts
46243,46243,data/raw/fashion-product-images-small/images/46243.jpg,Apparel,Topwear,Tunics,White,Fusion Beats Women White & Green Tunic
49047,49047,data/raw/fashion-product-images-small/images/49047.jpg,Accessories,Jewellery,Ring,Silver,Lucera Women Silver Ring
11791,11791,data/raw/fashion-product-images-small/images/11791.jpg,Apparel,Topwear,Kurtas,Navy Blue,Vishudh Women Pigment Print Navy Blue Kurtas
35777,35777,data/raw/fashion-product-images-small/images/35777.jpg,Footwear,Shoes,Sports Shoes,Black,Force 10 Men Black & Green Sports Shoes
15032,15032,data/raw/fashion-product-images-small/images/15032.jpg,Apparel,Topwear,Sweaters,Blue,ADIDAS Women Stripes Blue Sweaters
52447,52447,data/raw/fashion-product-images-small/images/52447.jpg,Apparel,Loungewear and Nightwear,Nightdress,Black,Red Rose Black Nightdress
58196,58196,data/raw/fashion-product-images-small/images/58196.jpg,Accessories,Bags,Handbags,White,Puma Women White Handbag
57910,57910,data/raw/fashion-product-images-small/images/57910.jpg,Accessories,Socks,Socks,Navy Blue,Fruit of the Loom Men Navy Blue Pack of Three Socks
18863,18863,data/raw/fashion-product-images-small/images/18863.jpg,Apparel,Topwear,Sweatshirts,Red,Puma Men Heritage Red Sweatshirt
17512,17512,data/raw/fashion-product-images-small/images/17512.jpg,Apparel,Topwear,Tshirts,Navy Blue,Classic Polo Men Stripes Blue Polo T-Shirt
31166,31166,data/raw/fashion-product-images-small/images/31166.jpg,Apparel,Bottomwear,Shorts,Blue,Gini and Jony Boys Washed Blue Denim Shorts
17035,17035,data/raw/fashion-product-images-small/images/17035.jpg,Footwear,Shoes,Casual Shoes,Brown,Gas Men Romance Casual Shoe
7373,7373,data/raw/fashion-product-images-small/images/7373.jpg,Footwear,Sandal,Sandals,Black,Red Tape Men Casual Black Floater
38039,38039,data/raw/fashion-product-images-small/images/38039.jpg,Accessories,Watches,Watches,Silver,Q&Q Men Silver Dial Watch
38439,38439,data/raw/fashion-product-images-small/images/38439.jpg,Accessories,Bags,Handbags,Purple,Baggit Women Purple Highway Taj Handbag
42682,42682,data/raw/fashion-product-images-small/images/42682.jpg,Apparel,Topwear,Kurtas,Cream,Alma Women Cream & Blue Kurta
16946,16946,data/raw/fashion-product-images-small/images/16946.jpg,Accessories,Eyewear,Sunglasses,Maroon,Image Women Classic Eyewear Maroon Sunglasses
48756,48756,data/raw/fashion-product-images-small/images/48756.jpg,Accessories,Jewellery,Jewellery Set,White,Miki Pearl Women Ivory Jewellery Set
10334,10334,data/raw/fashion-product-images-small/images/10334.jpg,Accessories,Belts,Belts,Black,Indigo Nation Men diorite Black Belts
11146,11146,data/raw/fashion-product-images-small/images/11146.jpg,Apparel,Topwear,Shirts,Purple,Indigo Nation Men Bling Purple Shirts
46275,46275,data/raw/fashion-product-images-small/images/46275.jpg,Apparel,Topwear,Tunics,Blue,109F Women Blue & White Printed Tunic
25274,25274,data/raw/fashion-product-images-small/images/25274.jpg,Accessories,Bags,Handbags,Red,Lino Perros Women Sequins Red Handbag
46980,46980,data/raw/fashion-product-images-small/images/46980.jpg,Accessories,Bags,Handbags,Black,Bulchee Women Black Handbag
33450,33450,data/raw/fashion-product-images-small/images/33450.jpg,Accessories,Bags,Clutches,Gold,Baggit Women Slap Chamak Gold Clutch
20143,20143,data/raw/fashion-product-images-small/images/20143.jpg,Apparel,Topwear,Shirts,White,Wrangler Men Bull Classic Striped White Shirt
2328,2328,data/raw/fashion-product-images-small/images/2328.jpg,Apparel,Topwear,Tshirts,White,Reebok Men Graphic White T-shirt
59299,59299,data/raw/fashion-product-images-small/images/59299.jpg,Apparel,Topwear,Shirts,Blue,U.S. Polo Assn. Men Striped Blue Shirt
20937,20937,data/raw/fashion-product-images-small/images/20937.jpg,Accessories,Bags,Backpacks,Black,Fastrack Unisex Black Backpack
11765,11765,data/raw/fashion-product-images-small/images/11765.jpg,Apparel,Topwear,Tshirts,White,Lee Men Printed White Tshirts
35910,35910,data/raw/fashion-product-images-small/images/35910.jpg,Accessories,Bags,Handbags,Brown,Peperone Women Brown Handbag
12839,12839,data/raw/fashion-product-images-small/images/12839.jpg,Apparel,Bottomwear,Skirts,Black,Ant Kids Pleated Black Skirts
37607,37607,data/raw/fashion-product-images-small/images/37607.jpg,Apparel,Topwear,Tshirts,Sea Green,Madagascar3 Girls Sea Green Printed T-Shirt
3768,3768,data/raw/fashion-product-images-small/images/3768.jpg,Apparel,Topwear,Tshirts,Red,Status Quo Men's Red Polo T-shirt
4020,4020,data/raw/fashion-product-images-small/images/4020.jpg,Footwear,Shoes,Casual Shoes,Green,ADIDAS Unisex Check Can MW Green White Shoe
2749,2749,data/raw/fashion-product-images-small/images/2749.jpg,Apparel,Topwear,Tshirts,Grey,Classic Polo Men's Grey stripe T-shirt
27016,27016,data/raw/fashion-product-images-small/images/27016.jpg,Apparel,Bottomwear,Jeans,Blue,Jealous 21 Women Washed Blue Jeans
9961,9961,data/raw/fashion-product-images-small/images/9961.jpg,Apparel,Topwear,Tshirts,White,Nike Men Medals Crew White T-Shirts
2663,2663,data/raw/fashion-product-images-small/images/2663.jpg,Accessories,Bags,Handbags,Brown,Murcia Women Non Leather Brown Bag
20254,20254,data/raw/fashion-product-images-small/images/20254.jpg,Apparel,Topwear,Tshirts,Rust,Wrangler Men Rust Polo T-Shirt
4321,4321,data/raw/fashion-product-images-small/images/4321.jpg,Apparel,Topwear,Tshirts,Red,Tantra Kid's Unisex Genius Red Kidswear
36891,36891,data/raw/fashion-product-images-small/images/36891.jpg,Accessories,Belts,Belts,Brown,Fossil Men Brown Glenn Belt
28784,28784,data/raw/fashion-product-images-small/images/28784.jpg,Apparel,Innerwear,Briefs,Pink,Enamor Women Pack of 2 String Bikini Brief
6778,6778,data/raw/fashion-product-images-small/images/6778.jpg,Apparel,Topwear,Tshirts,Blue,Timberland Men's Pique Polo Blue T-shirt
13273,13273,data/raw/fashion-product-images-small/images/13273.jpg,Footwear,Shoes,Heels,Gold,Inc 5 Women Casual Gold Heels
46500,46500,data/raw/fashion-product-images-small/images/46500.jpg,Accessories,Watches,Watches,Steel,Timex Men Silver Dial Watch
45870,45870,data/raw/fashion-product-images-small/images/45870.jpg,Accessories,Watches,Watches,White,Maxima Men White Dial Watch
18997,18997,data/raw/fashion-product-images-small/images/18997.jpg,Accessories,Headwear,Caps,Black,ADIDAS Originals Unisex Woolie Stripes Black Cap
44791,44791,data/raw/fashion-product-images-small/images/44791.jpg,Apparel,Innerwear,Boxers,Blue,Calvin Klein Mens blue Boxers
19249,19249,data/raw/fashion-product-images-small/images/19249.jpg,Accessories,Watches,Watches,Silver,Guess Women Chronograph Silver-Toned Dial Watch I14503L1
17586,17586,data/raw/fashion-product-images-small/images/17586.jpg,Accessories,Eyewear,Sunglasses,White,Speedo Unisex Funky Eyewear White Sunglasses
6669,6669,data/raw/fashion-product-images-small/images/6669.jpg,Footwear,Shoes,Sports Shoes,White,Nike Men's Ballista II White Grey Shoe
14360,14360,data/raw/fashion-product-images-small/images/14360.jpg,Footwear,Shoes,Heels,Brown,Catwalk Women Casual Brown Flats
19982,19982,data/raw/fashion-product-images-small/images/19982.jpg,Apparel,Topwear,Tshirts,Black,United Colors of Benetton Men Printed Black TShirt
49269,49269,data/raw/fashion-product-images-small/images/49269.jpg,Accessories,Socks,Socks,Black,Arrow Men Pack pf 5 Plating Design Socks
6852,6852,data/raw/fashion-product-images-small/images/6852.jpg,Footwear,Shoes,Sports Shoes,Grey,Spalding Men's Running Grey Green Shoe
4069,4069,data/raw/fashion-product-images-small/images/4069.jpg,Footwear,Shoes,Casual Shoes,Brown,Crocs Men's Tideline Canvas Chocolate Shoe
18965,18965,data/raw/fashion-product-images-small/images/18965.jpg,Apparel,Topwear,Sweatshirts,Pink,United Colors of Benetton Women Solid Pink Sweatshirt
40457,40457,data/raw/fashion-product-images-small/images/40457.jpg,Footwear,Shoes,Casual Shoes,Brown,Red Tape Men Brown Casual Shoes
45164,45164,data/raw/fashion-product-images-small/images/45164.jpg,Accessories,Watches,Watches,Silver,CASIO ENTICER Men Silver-Toned Dial Analogue Watch A519
34189,34189,data/raw/fashion-product-images-small/images/34189.jpg,Apparel,Topwear,Tshirts,White,Gini and Jony Boys Printed White T-shirt
41984,41984,data/raw/fashion-product-images-small/images/41984.jpg,Apparel,Topwear,Tshirts,White,Gini and Jony Boys Around The World White T-shirt
39864,39864,data/raw/fashion-product-images-small/images/39864.jpg,Apparel,Topwear,Tshirts,Red,Gini and Jony Boys Polo Red T-Shirt
25060,25060,data/raw/fashion-product-images-small/images/25060.jpg,Accessories,Accessories,Accessory Gift Set,Purple,Lino Perros Men Formal Purple Accessory Gift Set
28716,28716,data/raw/fashion-product-images-small/images/28716.jpg,Apparel,Topwear,Kurtas,Beige,W Women Printed Beige Kurta
38687,38687,data/raw/fashion-product-images-small/images/38687.jpg,Accessories,Bags,Clutches,Copper,Spice Art Women Copper Clutch
21437,21437,data/raw/fashion-product-images-small/images/21437.jpg,Accessories,Bags,Backpacks,Blue,Roxy Women Blue Backpack
33514,33514,data/raw/fashion-product-images-small/images/33514.jpg,Footwear,Shoes,Heels,Blue,Cobblerz Women Blue Peep Toes
44736,44736,data/raw/fashion-product-images-small/images/44736.jpg,Footwear,Shoes,Formal Shoes,Black,U.S. Polo Assn. Men Black Formal Shoes
8613,8613,data/raw/fashion-product-images-small/images/8613.jpg,Apparel,Topwear,Tshirts,Purple,Scullers Men Purple Polo T-Shirt
36438,36438,data/raw/fashion-product-images-small/images/36438.jpg,Footwear,Shoes,Sports Shoes,Black,Spinn Men Cubic Black Sports Shoes
18619,18619,data/raw/fashion-product-images-small/images/18619.jpg,Apparel,Topwear,Tshirts,White,Puma Men Team Essential Polo White Tshirts
25714,25714,data/raw/fashion-product-images-small/images/25714.jpg,Accessories,Headwear,Caps,Black,ADIDAS Unisex NBA Black Cap
44772,44772,data/raw/fashion-product-images-small/images/44772.jpg,Footwear,Shoes,Sports Shoes,Black,Lotto Men Black Dunk HI Sports Shoes
41332,41332,data/raw/fashion-product-images-small/images/41332.jpg,Apparel,Topwear,Dupatta,Green,Aurelia Women Green Dupatta
29314,29314,data/raw/fashion-product-images-small/images/29314.jpg,Accessories,Bags,Backpacks,Blue,ADIDAS Unisex Blue Backpack
39223,39223,data/raw/fashion-product-images-small/images/39223.jpg,Apparel,Topwear,Tops,Beige,Femella Women Beige Animal Chiffon Smocked Top
53080,53080,data/raw/fashion-product-images-small/images/53080.jpg,Accessories,Bags,Clutches,Purple,Rocia Women Purple Clutch
9380,9380,data/raw/fashion-product-images-small/images/9380.jpg,Footwear,Shoes,Sports Shoes,Green,Nike Men Elite Sports Shoes
47260,47260,data/raw/fashion-product-images-small/images/47260.jpg,Apparel,Innerwear,Briefs,White,FCUK Underwear Men White Brief
42642,42642,data/raw/fashion-product-images-small/images/42642.jpg,Apparel,Topwear,Kurtas,Blue,W Women Blue Kurta
42241,42241,data/raw/fashion-product-images-small/images/42241.jpg,Apparel,Topwear,Tops,Purple,Sepia Women Purple Top
27232,27232,data/raw/fashion-product-images-small/images/27232.jpg,Apparel,Bottomwear,Shorts,Pink,Doodle Kids Girl Check Pink Shorts
5973,5973,data/raw/fashion-product-images-small/images/5973.jpg,Apparel,Topwear,Shirts,Black,Highlander Men Black Checked Shirt
38939,38939,data/raw/fashion-product-images-small/images/38939.jpg,Apparel,Bottomwear,Shorts,Blue,Gini and Jony Boys Blue Shorts
2828,2828,data/raw/fashion-product-images-small/images/2828.jpg,Footwear,Shoes,Casual Shoes,Blue,Lee Cooper Men's LC Casual Denim Blue Shoe
8500,8500,data/raw/fashion-product-images-small/images/8500.jpg,Apparel,Dress,Dresses,Multi,Forever New Women GeoPrint Multi Coloured Dress
27699,27699,data/raw/fashion-product-images-small/images/27699.jpg,Accessories,Bags,Handbags,Purple,Murcia Women Purple Handbag
2002,2002,data/raw/fashion-product-images-small/images/2002.jpg,Apparel,Topwear,Tshirts,Yellow,PUMA Women Yellow Printed T-shirt
11908,11908,data/raw/fashion-product-images-small/images/11908.jpg,Footwear,Sandal,Sandals,Brown,Franco Leone Men Casual Brown Sandals
17937,17937,data/raw/fashion-product-images-small/images/17937.jpg,Apparel,Topwear,Tshirts,Black,Puma Men Ducati One ups Tee 2 Black Tshirt
34069,34069,data/raw/fashion-product-images-small/images/34069.jpg,Footwear,Shoes,Flats,Black,Clarks Women Black Leather Flat Shoes
36921,36921,data/raw/fashion-product-images-small/images/36921.jpg,Accessories,Wallets,Wallets,Brown,Fossil Men Brown Carson Wallet
7570,7570,data/raw/fashion-product-images-small/images/7570.jpg,Apparel,Topwear,Tshirts,Black,Nike Men's As Go Dunk Black T-shirt
35261,35261,data/raw/fashion-product-images-small/images/35261.jpg,Apparel,Topwear,Tops,White,Lee Women Jennifer White Top
46861,46861,data/raw/fashion-product-images-small/images/46861.jpg,Footwear,Sandal,Sandals,Silver,Barbie Girls Pink & Silver Sandals
40320,40320,data/raw/fashion-product-images-small/images/40320.jpg,Footwear,Shoes,Casual Shoes,Black,ADIDAS Women Black Adi Weld Shoes
44924,44924,data/raw/fashion-product-images-small/images/44924.jpg,Apparel,Bottomwear,Jeans,Blue,Jack & Jones Men Blue Jeans
15197,15197,data/raw/fashion-product-images-small/images/15197.jpg,Apparel,Topwear,Tshirts,Purple,Arrow Sport Men Printed Purple Tshirts
3258,3258,data/raw/fashion-product-images-small/images/3258.jpg,Footwear,Shoes,Casual Shoes,White,Puma Men's Basket White Red Shoe
4649,4649,data/raw/fashion-product-images-small/images/4649.jpg,Footwear,Sandal,Sandals,Black,ADIDAS Men Neo Feather Black Blue Sandal
26935,26935,data/raw/fashion-product-images-small/images/26935.jpg,Apparel,Dress,Dresses,Black,Jealous 21 Women Black Dress
59773,59773,data/raw/fashion-product-images-small/images/59773.jpg,Accessories,Jewellery,Jewellery Set,Gold,Estelle Women Gold Jewellery Set
41681,41681,data/raw/fashion-product-images-small/images/41681.jpg,Footwear,Shoes,Heels,Silver,Catwalk Women Silver Heels
15686,15686,data/raw/fashion-product-images-small/images/15686.jpg,Apparel,Bottomwear,Trousers,Khaki,Highlander Men Classic Chinos Khaki Trousers
30922,30922,data/raw/fashion-product-images-small/images/30922.jpg,Apparel,Bottomwear,Skirts,Rust,Fabindia Women Printed Rust Skirt
39546,39546,data/raw/fashion-product-images-small/images/39546.jpg,Footwear,Flip Flops,Flip Flops,Yellow,Numero Uno Men Yellow Flip Flops
5368,5368,data/raw/fashion-product-images-small/images/5368.jpg,Footwear,Shoes,Sports Shoes,Red,Kalenji Kiprun 1000 White Red Ss10
40310,40310,data/raw/fashion-product-images-small/images/40310.jpg,Footwear,Sandal,Sports Sandals,White,Warner Bros Kids White & Green Sports Sandals
49849,49849,data/raw/fashion-product-images-small/images/49849.jpg,Accessories,Watches,Watches,Pink,Q&Q Women Pink Dial Analog Watch
14395,14395,data/raw/fashion-product-images-small/images/14395.jpg,Footwear,Shoes,Heels,Pink,Enroute Women Casual Pink Flats
17223,17223,data/raw/fashion-product-images-small/images/17223.jpg,Accessories,Eyewear,Sunglasses,Black,United Colors of Benetton Women Funky Eyewear Black Sunglasses
44622,44622,data/raw/fashion-product-images-small/images/44622.jpg,Accessories,Headwear,Caps,Blue,Nike Unisex Blue Daybreak Cap
56330,56330,data/raw/fashion-product-images-small/images/56330.jpg,Accessories,Watches,Watches,White,Fastrack Women White Dial Watch 6045SL01
8813,8813,data/raw/fashion-product-images-small/images/8813.jpg,Apparel,Topwear,Shirts,Purple,Spykar Men Ranger Black & Purple Check Shirt
55828,55828,data/raw/fashion-product-images-small/images/55828.jpg,Apparel,Loungewear and Nightwear,Nightdress,White,SDL by Sweet Dreams Women Purple Nightdress
10045,10045,data/raw/fashion-product-images-small/images/10045.jpg,Apparel,Topwear,Tshirts,Blue,Puma Men Heroes Party Graphic Blue Tshirts
6651,6651,data/raw/fashion-product-images-small/images/6651.jpg,Footwear,Flip Flops,Flip Flops,Brown,Nike Men's Triplefin Thong Brown Khaki Flip Flop
51430,51430,data/raw/fashion-product-images-small/images/51430.jpg,Apparel,Topwear,Shirts,White,Myntra Men Navy Blue & Orange Check Shirt
12190,12190,data/raw/fashion-product-images-small/images/12190.jpg,Apparel,Topwear,Shirts,Blue,Basics Men Blue Slim Fit Checked Shirt
42633,42633,data/raw/fashion-product-images-small/images/42633.jpg,Accessories,Jewellery,Bracelet,Gold,Estelle Women Bracelet
53082,53082,data/raw/fashion-product-images-small/images/53082.jpg,Accessories,Bags,Clutches,Black,Rocia Women Black Clutch
32511,32511,data/raw/fashion-product-images-small/images/32511.jpg,Footwear,Shoes,Formal Shoes,Black,Franco Leone Men Slip On Black Formal Shoes
15576,15576,data/raw/fashion-product-images-small/images/15576.jpg,Apparel,Topwear,Tshirts,Olive,Chhota Bheem Kids Boys Double Trouble TShirt
3761,3761,data/raw/fashion-product-images-small/images/3761.jpg,Apparel,Topwear,Tshirts,White,Status Quo Men's Harbour Island White T-shirt
21695,21695,data/raw/fashion-product-images-small/images/21695.jpg,Accessories,Watches,Watches,Maroon,Fossil Women Maroon Dial Watch ES2950
51619,51619,data/raw/fashion-product-images-small/images/51619.jpg,Apparel,Bottomwear,Jeggings,White,Kraus Jeans Women White Jeggings
41278,41278,data/raw/fashion-product-images-small/images/41278.jpg,Accessories,Wallets,Wallets,Black,Arrow Men Black Leather Wallet
25329,25329,data/raw/fashion-product-images-small/images/25329.jpg,Accessories,Watches,Watches,Black,CASIO Edifice Men Brown Dial Chronograph Watch EX028
18439,18439,data/raw/fashion-product-images-small/images/18439.jpg,Accessories,Bags,Backpacks,Grey,Vital Gear Unisex Grey Bag
57414,57414,data/raw/fashion-product-images-small/images/57414.jpg,Apparel,Innerwear,Briefs,Green,Amante Women Green Lace Bikini Briefs PGTE01
7109,7109,data/raw/fashion-product-images-small/images/7109.jpg,Accessories,Bags,Backpacks,Grey,Wildcraft Unisex Halo Grey Black Backpack
17682,17682,data/raw/fashion-product-images-small/images/17682.jpg,Footwear,Shoes,Casual Shoes,Blue,Catwalk Women Closed Blue Casual Shoe
48165,48165,data/raw/fashion-product-images-small/images/48165.jpg,Accessories,Wallets,Wallets,Pink,Fossil Women Pink Wallet
3399,3399,data/raw/fashion-product-images-small/images/3399.jpg,Accessories,Bags,Handbags,Yellow,Murcia Women Yellow Handbag
18651,18651,data/raw/fashion-product-images-small/images/18651.jpg,Footwear,Sandal,Sandals,Brown,Fila Men Over Stitch Brown Slippers
11417,11417,data/raw/fashion-product-images-small/images/11417.jpg,Apparel,Topwear,Tshirts,Blue,United Colors of Benetton Men Light Winter Blue Tshirts
27943,27943,data/raw/fashion-product-images-small/images/27943.jpg,Apparel,Innerwear,Briefs,Charcoal,Jockey Men Comfort Stretch Charcoal Bikini Brief
1998,1998,data/raw/fashion-product-images-small/images/1998.jpg,Apparel,Topwear,Tshirts,Black,ADIDAS Mens Fitted T-shirt
30339,30339,data/raw/fashion-product-images-small/images/30339.jpg,Apparel,Topwear,Tshirts,Red,Myntra Men Mere Pass Maal Hai Red T-shirt
34155,34155,data/raw/fashion-product-images-small/images/34155.jpg,Apparel,Topwear,Tops,Magenta,Gini and Jony Girls Pink Top
39622,39622,data/raw/fashion-product-images-small/images/39622.jpg,Footwear,Shoes,Sports Shoes,White,Nike Men Air Impel Leather Sports Shoes
49746,49746,data/raw/fashion-product-images-small/images/49746.jpg,Accessories,Ties,Ties,Lavender,Park Avenue Men Lavender Tie
20637,20637,data/raw/fashion-product-images-small/images/20637.jpg,Apparel,Dress,Dresses,Grey,AND Women Solid Grey and Black Dress
4592,4592,data/raw/fashion-product-images-small/images/4592.jpg,Accessories,Bags,Backpacks,Orange,Wildcraft Unisex Orange Printed Laptop Backpack
39892,39892,data/raw/fashion-product-images-small/images/39892.jpg,Footwear,Shoes,Casual Shoes,Brown,ADIDAS Men Brown Shoes
13240,13240,data/raw/fashion-product-images-small/images/13240.jpg,Apparel,Topwear,Jackets,White,Palm Tree Kids Boys Solid White Jackets
29738,29738,data/raw/fashion-product-images-small/images/29738.jpg,Accessories,Bags,Handbags,Teal,Kiara Women Teal Handbag
33700,33700,data/raw/fashion-product-images-small/images/33700.jpg,Footwear,Shoes,Formal Shoes,Black,Cobblerz Men Black Formal Shoes
24289,24289,data/raw/fashion-product-images-small/images/24289.jpg,Apparel,Topwear,Sweatshirts,Black,Quiksilver Men Black Sweatshirt
17149,17149,data/raw/fashion-product-images-small/images/17149.jpg,Accessories,Bags,Backpacks,Grey,United Colors of Benetton Unisex Blended Grey Backpack
6339,6339,data/raw/fashion-product-images-small/images/6339.jpg,Footwear,Shoes,Casual Shoes,Red,Converse Unisex Skull Print Hi Red Shoe
5078,5078,data/raw/fashion-product-images-small/images/5078.jpg,Accessories,Watches,Watches,Blue,Being Human Women Blue Silicon Strap with Stones Watch
31181,31181,data/raw/fashion-product-images-small/images/31181.jpg,Apparel,Topwear,Tshirts,Blue,Nike Men Printed Blue T-shirt
50603,50603,data/raw/fashion-product-images-small/images/50603.jpg,Apparel,Innerwear,Trunk,Navy Blue,Chromozome Men Navy Blue Trunks
7590,7590,data/raw/fashion-product-images-small/images/7590.jpg,Apparel,Topwear,Tshirts,Black,Nike Men's As Read Black T-shirt
51797,51797,data/raw/fashion-product-images-small/images/51797.jpg,Apparel,Loungewear and Nightwear,Nightdress,Turquoise Blue,Bwitch Turquiose Blue Nightdress
4198,4198,data/raw/fashion-product-images-small/images/4198.jpg,Apparel,Topwear,Tshirts,Red,Disney Kids Boy's Red Royal Sailing Kidswear
32963,32963,data/raw/fashion-product-images-small/images/32963.jpg,Apparel,Topwear,Tshirts,Blue,Angry Birds Men Printed Blue T-shirt
3704,3704,data/raw/fashion-product-images-small/images/3704.jpg,Apparel,Topwear,Tshirts,Navy Blue,Tantra Women's Ornament Navy Long T-shirt
10583,10583,data/raw/fashion-product-images-small/images/10583.jpg,Accessories,Watches,Watches,Gold,Esprit Men Nova Genesis Brown Gold Watches
50202,50202,data/raw/fashion-product-images-small/images/50202.jpg,Accessories,Eyewear,Sunglasses,Green,Stoln Women Green Sunglasses
46556,46556,data/raw/fashion-product-images-small/images/46556.jpg,Accessories,Watches,Watches,Black,Timex Expedition Men Black Dial Watch
26279,26279,data/raw/fashion-product-images-small/images/26279.jpg,Apparel,Topwear,Tshirts,Grey,Proline Men Grey Polo T-shirt
27039,27039,data/raw/fashion-product-images-small/images/27039.jpg,Accessories,Bags,Duffel Bag,Blue,Yelloe Blue Fun With Stripes Duffle Bag
11918,11918,data/raw/fashion-product-images-small/images/11918.jpg,Footwear,Sandal,Sandals,Black,Franco Leone Men Casual Black Sandals
37867,37867,data/raw/fashion-product-images-small/images/37867.jpg,Accessories,Wallets,Wallets,Black,Hidekraft Men Black Wallet
11124,11124,data/raw/fashion-product-images-small/images/11124.jpg,Accessories,Bags,Laptop Bag,Black,United Colors of Benetton Men Laptop Carry Black Bags
16863,16863,data/raw/fashion-product-images-small/images/16863.jpg,Accessories,Eyewear,Sunglasses,Black,Idee Women Funky Eyewear Black Sunglasses
5730,5730,data/raw/fashion-product-images-small/images/5730.jpg,Footwear,Shoes,Sports Shoes,White,Reebok Men's Hex Run White Shoe
45209,45209,data/raw/fashion-product-images-small/images/45209.jpg,Accessories,Watches,Watches,Black,CASIO ENTICER Women Black Dial Analogue Watch A664
48956,48956,data/raw/fashion-product-images-small/images/48956.jpg,Accessories,Jewellery,Ring,Steel,Revv Men Steel Ring
15374,15374,data/raw/fashion-product-images-small/images/15374.jpg,Footwear,Shoes,Sports Shoes,White,FILA Men Fila Runner White Sports Shoes
40113,40113,data/raw/fashion-product-images-small/images/40113.jpg,Accessories,Headwear,Caps,Navy Blue,ADIDAS Unisex Navy Blue Cap
19027,19027,data/raw/fashion-product-images-small/images/19027.jpg,Footwear,Shoes,Casual Shoes,Pink,Catwalk Women Loafer Pink Casual Shoes
5466,5466,data/raw/fashion-product-images-small/images/5466.jpg,Footwear,Shoes,Sports Shoes,White,Nike Unisex Elite White Shoe
27427,27427,data/raw/fashion-product-images-small/images/27427.jpg,Apparel,Loungewear and Nightwear,Lounge Shorts,Purple,Jockey Women Purple Lounge Shorts 1308
28000,28000,data/raw/fashion-product-images-small/images/28000.jpg,Apparel,Innerwear,Briefs,Blue,Jockey ZONE Men Blue Tanga Brief US18
35428,35428,data/raw/fashion-product-images-small/images/35428.jpg,Footwear,Shoes,Sports Shoes,White,ADIDAS Women Neptune White Sports Shoes
30566,30566,data/raw/fashion-product-images-small/images/30566.jpg,Accessories,Eyewear,Sunglasses,Red,Opium Men Black Sunglasses
9023,9023,data/raw/fashion-product-images-small/images/9023.jpg,Footwear,Sandal,Sandals,Black,Buckaroo Men Lucia Black Sandals
12417,12417,data/raw/fashion-product-images-small/images/12417.jpg,Accessories,Wallets,Wallets,Brown,Reid & Taylor Men Casual Brown Wallets
43682,43682,data/raw/fashion-product-images-small/images/43682.jpg,Apparel,Topwear,Tshirts,Green,Doodle Boys Printed Green T-shirt
59919,59919,data/raw/fashion-product-images-small/images/59919.jpg,Apparel,Topwear,Kurtas,Multi,Diva Women Multi Colour Kurta
51057,51057,data/raw/fashion-product-images-small/images/51057.jpg,Apparel,Innerwear,Briefs,Beige,Enamor Women Beige Briefs
16818,16818,data/raw/fashion-product-images-small/images/16818.jpg,Apparel,Topwear,Shirts,Green,Locomotive Men Check Green Shirt
46554,46554,data/raw/fashion-product-images-small/images/46554.jpg,Accessories,Watches,Watches,Black,Timex Men Black Dial Watch T49618
41867,41867,data/raw/fashion-product-images-small/images/41867.jpg,Footwear,Sandal,Sandals,Red,Estd. 1977 Men Red & Brown Sandals
51055,51055,data/raw/fashion-product-images-small/images/51055.jpg,Apparel,Innerwear,Bra,Teal,Enamor Teal Premium Bra PB04
38411,38411,data/raw/fashion-product-images-small/images/38411.jpg,Accessories,Belts,Belts,Black,Baggit Women Black Flora Taj Belt
53863,53863,data/raw/fashion-product-images-small/images/53863.jpg,Apparel,Topwear,Kurtas,Green,Vishudh Women Green Printed Kurta
6610,6610,data/raw/fashion-product-images-small/images/6610.jpg,Apparel,Topwear,Tshirts,White,Spykar Men's Stinger Basket Ball Team White Blue Stripes T-shirt
58876,58876,data/raw/fashion-product-images-small/images/58876.jpg,Accessories,Ties,Ties,Black,Hakashi Men Black Tie
54726,54726,data/raw/fashion-product-images-small/images/54726.jpg,Apparel,Topwear,Kurtas,Red,Shree Women Red Printed Kurta
15171,15171,data/raw/fashion-product-images-small/images/15171.jpg,Apparel,Topwear,Tshirts,Blue,Arrow Sport Men Blue Polo Tshirts
31318,31318,data/raw/fashion-product-images-small/images/31318.jpg,Apparel,Topwear,Kurtas,Off White,Aurelia Women Printed Brown Kurta
5807,5807,data/raw/fashion-product-images-small/images/5807.jpg,Apparel,Topwear,Tshirts,Blue,ADIDAS Women's Tunic Blue T-shirt
31973,31973,data/raw/fashion-product-images-small/images/31973.jpg,Footwear,Shoes,Sports Shoes,Black,Nike Men Dual Fusion ST 2 Black Sports Shoes
27736,27736,data/raw/fashion-product-images-small/images/27736.jpg,Accessories,Bags,Handbags,Black,Murcia Women Black Handbag
33179,33179,data/raw/fashion-product-images-small/images/33179.jpg,Apparel,Topwear,Tops,Blue,Sepia Women Blue Top
23734,23734,data/raw/fashion-product-images-small/images/23734.jpg,Accessories,Eyewear,Sunglasses,Brown,Ray-Ban Women High Street Brown Sunglasses
12602,12602,data/raw/fashion-product-images-small/images/12602.jpg,Apparel,Topwear,Tshirts,Green,Tantra Unisex Printed Green Tshirts
50447,50447,data/raw/fashion-product-images-small/images/50447.jpg,Apparel,Innerwear,Briefs,Black,Chromozome Men Black Briefs
8482,8482,data/raw/fashion-product-images-small/images/8482.jpg,Apparel,Dress,Dresses,Cream,Forever New Women Cream Fur Dress
9774,9774,data/raw/fashion-product-images-small/images/9774.jpg,Apparel,Topwear,Tshirts,White,ADIDAS Men Co Graphic White Tshirts
12953,12953,data/raw/fashion-product-images-small/images/12953.jpg,Apparel,Bottomwear,Trousers,Brown,Basics Men Brown Trousers
6676,6676,data/raw/fashion-product-images-small/images/6676.jpg,Footwear,Shoes,Sports Shoes,White,Nike Women Lunar Swift Red Shoe
17670,17670,data/raw/fashion-product-images-small/images/17670.jpg,Footwear,Shoes,Heels,Black,Catwalk Women Fancy Black Heels
30775,30775,data/raw/fashion-product-images-small/images/30775.jpg,Apparel,Topwear,Kurtas,White,Fabindia Men White Chikankari Kurta
27422,27422,data/raw/fashion-product-images-small/images/27422.jpg,Apparel,Loungewear and Nightwear,Lounge Pants,Red,Jockey Women Red Relaxed Lounge Pants
28467,28467,data/raw/fashion-product-images-small/images/28467.jpg,Apparel,Topwear,Tshirts,Rust,Urban Yoga Women Printed Rust T-shirt
6014,6014,data/raw/fashion-product-images-small/images/6014.jpg,Apparel,Topwear,Shirts,Black,Highlander Men Black & White Checked Slim Fit Shirt
19260,19260,data/raw/fashion-product-images-small/images/19260.jpg,Accessories,Watches,Watches,Copper,Guess Men Power Broker Copper Watch
25243,25243,data/raw/fashion-product-images-small/images/25243.jpg,Accessories,Bags,Handbags,Olive,Lino Perros Women Canvas Olive Handbag
29007,29007,data/raw/fashion-product-images-small/images/29007.jpg,Accessories,Bags,Backpacks,Black,Cabarelli Men Black Backpack
14001,14001,data/raw/fashion-product-images-small/images/14001.jpg,Apparel,Topwear,Tshirts,Navy Blue,Nike Men Solid Navy Blue Jerseys
2335,2335,data/raw/fashion-product-images-small/images/2335.jpg,Apparel,Topwear,Tshirts,Blue,Reebok Men Blue Polo T-shirt
9707,9707,data/raw/fashion-product-images-small/images/9707.jpg,Footwear,Sandal,Sandals,Brown,Hush Puppies Men Walsh Brown Sandals
5069,5069,data/raw/fashion-product-images-small/images/5069.jpg,Accessories,Watches,Watches,Purple,Being Human Women Dial Strap Purple Watch
28155,28155,data/raw/fashion-product-images-small/images/28155.jpg,Accessories,Eyewear,Sunglasses,White,Ray-Ban Men New Wayfarer White Sunglasses
27951,27951,data/raw/fashion-product-images-small/images/27951.jpg,Apparel,Innerwear,Briefs,Black,Jockey SP-IW Men Black Briefs SP01
32217,32217,data/raw/fashion-product-images-small/images/32217.jpg,Apparel,Topwear,Kurtas,Maroon,Fabindia Women Printed Maroon Kurta
12625,12625,data/raw/fashion-product-images-small/images/12625.jpg,Apparel,Topwear,Tshirts,Orange,Probase Men Printed Orange Tshirts
9488,9488,data/raw/fashion-product-images-small/images/9488.jpg,Accessories,Bags,Backpacks,Red,Puma Unisex Big Cat Red Backpacks
35401,35401,data/raw/fashion-product-images-small/images/35401.jpg,Footwear,Shoes,Casual Shoes,Brown,Stens by Enroute Men Brown Shoes
30874,30874,data/raw/fashion-product-images-small/images/30874.jpg,Apparel,Topwear,Kurtas,Red,Fabindia Women Printed Red Kurta
38618,38618,data/raw/fashion-product-images-small/images/38618.jpg,Apparel,Topwear,Tshirts,White,Nike Men White 3D Neon Tee T-shirt
48524,48524,data/raw/fashion-product-images-small/images/48524.jpg,Apparel,Dress,Dresses,White,French Connection Women White Dress
30274,30274,data/raw/fashion-product-images-small/images/30274.jpg,Accessories,Eyewear,Sunglasses,Grey,Speedo Men Sheet Sunglasses
17878,17878,data/raw/fashion-product-images-small/images/17878.jpg,Apparel,Innerwear,Innerwear Vests,Maroon,Levis Men Comfort Style Maroon Innerwear Vest
50336,50336,data/raw/fashion-product-images-small/images/50336.jpg,Apparel,Topwear,Kurtis,Cream,Aurelia Women Cream Printed Kurti
5504,5504,data/raw/fashion-product-images-small/images/5504.jpg,Apparel,Topwear,Tshirts,Red,Mr.Men Men's Mischief Chilly Pepper T-shirt
46279,46279,data/raw/fashion-product-images-small/images/46279.jpg,Apparel,Topwear,Tunics,Blue,109F Women Blue & Green Polka Dot Print Tunic
41279,41279,data/raw/fashion-product-images-small/images/41279.jpg,Accessories,Wallets,Wallets,Brown,Arrow Men Brown Leather Wallet
51876,51876,data/raw/fashion-product-images-small/images/51876.jpg,Footwear,Sandal,Sandals,Black,U.S. Polo Assn. Men Black Sandals
34773,34773,data/raw/fashion-product-images-small/images/34773.jpg,Accessories,Bags,Handbags,White,Be For Bag Women Pack of 3 Bag
20534,20534,data/raw/fashion-product-images-small/images/20534.jpg,Accessories,Wallets,Wallets,Black,Baggit Women Voltage Gang Black Wallet
15588,15588,data/raw/fashion-product-images-small/images/15588.jpg,Apparel,Topwear,Shirts,Blue,Spykar Men Striped Blue Shirt
49590,49590,data/raw/fashion-product-images-small/images/49590.jpg,Footwear,Shoes,Heels,Brown,Catwalk Women Brown Wedges
41268,41268,data/raw/fashion-product-images-small/images/41268.jpg,Accessories,Wallets,Wallets,Black,Arrow Men Black Wallet
47812,47812,data/raw/fashion-product-images-small/images/47812.jpg,Accessories,Bags,Handbags,Red,Murcia Women Red Handbag
19833,19833,data/raw/fashion-product-images-small/images/19833.jpg,Apparel,Topwear,Shirts,Blue,U.S. Polo Assn. Men Solid Blue Shirt
33982,33982,data/raw/fashion-product-images-small/images/33982.jpg,Apparel,Bottomwear,Stockings,Black,Femella Women Black Stockings
5395,5395,data/raw/fashion-product-images-small/images/5395.jpg,Footwear,Shoes,Sports Shoes,Gold,Artengo Artengo Bad 414 I Woman
9559,9559,data/raw/fashion-product-images-small/images/9559.jpg,Apparel,Topwear,Tshirts,Grey,Nike Men Ath Dept Grey Tshirts
54031,54031,data/raw/fashion-product-images-small/images/54031.jpg,Accessories,Bags,Handbags,Red,Kiara Women Red Handbag
11574,11574,data/raw/fashion-product-images-small/images/11574.jpg,Apparel,Topwear,Kurtas,Grey,W Women Printed Grey Kurtas
9675,9675,data/raw/fashion-product-images-small/images/9675.jpg,Apparel,Topwear,Tshirts,White,ADIDAS Men White Polo Tshirts
23254,23254,data/raw/fashion-product-images-small/images/23254.jpg,Footwear,Shoes,Formal Shoes,Brown,Arrow Men Formal Brown Shoes
47388,47388,data/raw/fashion-product-images-small/images/47388.jpg,Accessories,Bags,Mobile Pouch,Silver,Baggit Women Silver Micky Santa Mobile Pouch
19696,19696,data/raw/fashion-product-images-small/images/19696.jpg,Apparel,Topwear,Shirts,Grey,United Colors of Benetton Men Solid Grey Shirt
36422,36422,data/raw/fashion-product-images-small/images/36422.jpg,Footwear,Shoes,Sports Shoes,White,Spinn Men Bostern Road White Sports Shoes
19067,19067,data/raw/fashion-product-images-small/images/19067.jpg,Apparel,Topwear,Kurtas,Green,W Women Block Print Green Kurta
6718,6718,data/raw/fashion-product-images-small/images/6718.jpg,Apparel,Topwear,Tshirts,Brown,Locomotive Men's Ribbed Neck Brown T-shirt
26819,26819,data/raw/fashion-product-images-small/images/26819.jpg,Apparel,Bottomwear,Trousers,Navy Blue,Arrow Men Striped Navy Blue Trousers
57259,57259,data/raw/fashion-product-images-small/images/57259.jpg,Accessories,Bags,Handbags,Black,Murcia Women Black Handbag
14708,14708,data/raw/fashion-product-images-small/images/14708.jpg,Apparel,Topwear,Shirts,White,Genesis Men Stripes White Shirts
9493,9493,data/raw/fashion-product-images-small/images/9493.jpg,Accessories,Bags,Backpacks,Black,Puma Unisex Grit Black Backpacks
21732,21732,data/raw/fashion-product-images-small/images/21732.jpg,Footwear,Shoes,Heels,Brown,Catwalk Women Casual Brown Flats
4646,4646,data/raw/fashion-product-images-small/images/4646.jpg,Footwear,Sandal,Sports Sandals,Grey,ADIDAS Men Grey and Navy Blue Sandal
37004,37004,data/raw/fashion-product-images-small/images/37004.jpg,Accessories,Bags,Handbags,Blue,Lino Perros Women Blue Sling Bag
10804,10804,data/raw/fashion-product-images-small/images/10804.jpg,Footwear,Flip Flops,Flip Flops,White,Wrangler Men Rider Solid White Shirts
59610,59610,data/raw/fashion-product-images-small/images/59610.jpg,Apparel,Saree,Sarees,Rust,FNF Rust Collection for Wedding Sari
46167,46167,data/raw/fashion-product-images-small/images/46167.jpg,Accessories,Jewellery,Necklace and Chains,Beige,Adrika Women Beige & Pink Necklace
41704,41704,data/raw/fashion-product-images-small/images/41704.jpg,Footwear,Shoes,Heels,Brown,Catwalk Women Brown Wedges
48788,48788,data/raw/fashion-product-images-small/images/48788.jpg,Accessories,Jewellery,Pendant,Silver,Lucera Women Silver Pendant
2499,2499,data/raw/fashion-product-images-small/images/2499.jpg,Footwear,Shoes,Casual Shoes,Grey,Numero Uno Men's Casual Grey Canvas Shoe
33977,33977,data/raw/fashion-product-images-small/images/33977.jpg,Apparel,Topwear,Tops,Black,Femella Women Printed Black Top
34216,34216,data/raw/fashion-product-images-small/images/34216.jpg,Apparel,Topwear,Tshirts,Mustard,Proline Mustard Yellow Polo T-shirt
7490,7490,data/raw/fashion-product-images-small/images/7490.jpg,Apparel,Bottomwear,Capris,Grey,Nike Women Be Bold Grey Capri
56705,56705,data/raw/fashion-product-images-small/images/56705.jpg,Apparel,Topwear,Kurtas,Black,Folklore Women Black & Red Kurta
34255,34255,data/raw/fashion-product-images-small/images/34255.jpg,Apparel,Bottomwear,Track Pants,Navy Blue,Proline Men Navy Blue Track Pants
25538,25538,data/raw/fashion-product-images-small/images/25538.jpg,Apparel,Topwear,Shirts,White,Wrangler Men Jericho White Shirt
12428,12428,data/raw/fashion-product-images-small/images/12428.jpg,Footwear,Shoes,Casual Shoes,Brown,Timberland Men Casual Brown Casual Shoes
20927,20927,data/raw/fashion-product-images-small/images/20927.jpg,Accessories,Bags,Handbags,Black,Fastrack Unisex Polyester Black HandBag
35677,35677,data/raw/fashion-product-images-small/images/35677.jpg,Footwear,Shoes,Casual Shoes,Brown,U.S. Polo Assn. Men Brown Leather Casual Shoes
7200,7200,data/raw/fashion-product-images-small/images/7200.jpg,Apparel,Topwear,Tops,White,Jealous 21 Women's Round Neck White Top
4727,4727,data/raw/fashion-product-images-small/images/4727.jpg,Apparel,Topwear,Tshirts,Blue,Disney Kids Boy's Regatta Annual Blue Teen Kidswear
56989,56989,data/raw/fashion-product-images-small/images/56989.jpg,Footwear,Shoes,Heels,Brown,HM Women Brown Flats
15685,15685,data/raw/fashion-product-images-small/images/15685.jpg,Apparel,Bottomwear,Trousers,Khaki,Highlander Men Classic Chinos Khaki Trousers
57244,57244,data/raw/fashion-product-images-small/images/57244.jpg,Accessories,Bags,Handbags,Beige,Murcia Women Beige Handbag
15924,15924,data/raw/fashion-product-images-small/images/15924.jpg,Accessories,Bags,Backpacks,Black,ADIDAS Unisex Ecb Black Backpack
23765,23765,data/raw/fashion-product-images-small/images/23765.jpg,Accessories,Eyewear,Sunglasses,White,Oakley Men White Fast Jacket Sunglasses
53226,53226,data/raw/fashion-product-images-small/images/53226.jpg,Apparel,Topwear,Shirts,Yellow,Mark Taylor Men Yellow Shirt
50874,50874,data/raw/fashion-product-images-small/images/50874.jpg,Apparel,Saree,Sarees,Purple,Prafful Purple & Green Printed Sari
59082,59082,data/raw/fashion-product-images-small/images/59082.jpg,Apparel,Innerwear,Bra,Maroon,Peri Peri Women Maroon Bra
12395,12395,data/raw/fashion-product-images-small/images/12395.jpg,Accessories,Socks,Socks,Blue,Reid & Taylor Men Solid Blue Socks
4126,4126,data/raw/fashion-product-images-small/images/4126.jpg,Footwear,Shoes,Casual Shoes,Black,Fila Men's Fuel HI Black Shoe
11683,11683,data/raw/fashion-product-images-small/images/11683.jpg,Apparel,Topwear,Shirts,Grey,Lee Men Check Grey Shirts
2500,2500,data/raw/fashion-product-images-small/images/2500.jpg,Footwear,Shoes,Casual Shoes,Navy Blue,Numero Uno Men's Casual Navy Blue Canvas Shoe
16020,16020,data/raw/fashion-product-images-small/images/16020.jpg,Apparel,Bottomwear,Trousers,Grey,Turtle Solid Men Grey Trouser
16813,16813,data/raw/fashion-product-images-small/images/16813.jpg,Apparel,Topwear,Shirts,Navy Blue,Locomotive Men Check Navy Blue Shirt
18618,18618,data/raw/fashion-product-images-small/images/18618.jpg,Apparel,Topwear,Tshirts,Blue,Puma Men Team Essential Moonlight Steelblue Polo Tshirts
42563,42563,data/raw/fashion-product-images-small/images/42563.jpg,Apparel,Topwear,Kurtis,Brown,Mother Earth Women Brown Kurti
44647,44647,data/raw/fashion-product-images-small/images/44647.jpg,Apparel,Topwear,Tops,Navy Blue,Arrow Woman Navy Blue Top
27804,27804,data/raw/fashion-product-images-small/images/27804.jpg,Accessories,Belts,Belts,Black,Bulchee Men Reversible Prong Black & Brown Belt
22294,22294,data/raw/fashion-product-images-small/images/22294.jpg,Footwear,Shoes,Heels,Beige,Inc. 5 Women Casual Beige Flats
4802,4802,data/raw/fashion-product-images-small/images/4802.jpg,Apparel,Topwear,Tshirts,Blue,ADIDAS Men's Best Shot Teal Blue T-shirt
26918,26918,data/raw/fashion-product-images-small/images/26918.jpg,Apparel,Topwear,Tops,Black,Jealous 21 Women Black Top
48071,48071,data/raw/fashion-product-images-small/images/48071.jpg,Apparel,Topwear,Tshirts,Grey,French Connection Men Grey T-shirt
3445,3445,data/raw/fashion-product-images-small/images/3445.jpg,Apparel,Topwear,Tshirts,Black,Pune Warriors Womens Match Jersey
16547,16547,data/raw/fashion-product-images-small/images/16547.jpg,Apparel,Topwear,Shirts,Blue,Basics Men Blue Slim Fit Checked Shirt
53808,53808,data/raw/fashion-product-images-small/images/53808.jpg,Apparel,Topwear,Kurtas,Cream,Ayaany Women Cream Kurta
2117,2117,data/raw/fashion-product-images-small/images/2117.jpg,Apparel,Bottomwear,Shorts,Grey,ADIDAS Men Grey  Capris
20769,20769,data/raw/fashion-product-images-small/images/20769.jpg,Footwear,Shoes,Heels,Brown,Carlton London Women Classy Brown Heels
31327,31327,data/raw/fashion-product-images-small/images/31327.jpg,Footwear,Shoes,Formal Shoes,Brown,Franco Leone Men Brown Formal Shoes
17784,17784,data/raw/fashion-product-images-small/images/17784.jpg,Accessories,Ties,Ties,Brown,Reid & Taylor Men Printed Brown Tie
33838,33838,data/raw/fashion-product-images-small/images/33838.jpg,Footwear,Shoes,Sports Shoes,Pink,Puma Women Ikonis Pink Sports Shoes
36400,36400,data/raw/fashion-product-images-small/images/36400.jpg,Accessories,Socks,Socks,Navy Blue,Reid & Taylor Men Navy Blue Socks
42701,42701,data/raw/fashion-product-images-small/images/42701.jpg,Footwear,Shoes,Flats,Silver,Rocia Women Silver Sandals
10219,10219,data/raw/fashion-product-images-small/images/10219.jpg,Accessories,Watches,Watches,Yellow,Carrera Men Strap dial Yellow Watches
9398,9398,data/raw/fashion-product-images-small/images/9398.jpg,Footwear,Shoes,Sports Shoes,Black,Nike Men Lunarfly Black Sports Shoes
8121,8121,data/raw/fashion-product-images-small/images/8121.jpg,Accessories,Belts,Belts,Brown,Fastrack Men Brown Belt
10289,10289,data/raw/fashion-product-images-small/images/10289.jpg,Footwear,Shoes,Heels,Black,Clarks Women Soma Silk Leather Black Heels
27067,27067,data/raw/fashion-product-images-small/images/27067.jpg,Accessories,Bags,Handbags,Silver,Yelloe Silver Metallic Finish Handbag
43199,43199,data/raw/fashion-product-images-small/images/43199.jpg,Accessories,Watches,Watches,Metallic,Fastrack Men Gunmetal-Toned Dial Watch NA3015AL01
52908,52908,data/raw/fashion-product-images-small/images/52908.jpg,Apparel,Saree,Sarees,Blue,FNF Blue Sari
48744,48744,data/raw/fashion-product-images-small/images/48744.jpg,Accessories,Jewellery,Bangle,Steel,Revv Men Steel Bangle
44905,44905,data/raw/fashion-product-images-small/images/44905.jpg,Apparel,Bottomwear,Track Pants,Black,Puma Men Black Track Pants
17536,17536,data/raw/fashion-product-images-small/images/17536.jpg,Apparel,Topwear,Shirts,Blue,Mark Taylor Men Blue & White Striped Shirt
4711,4711,data/raw/fashion-product-images-small/images/4711.jpg,Accessories,Watches,Watches,Black,ADIDAS Unisex Toronto Hand Black Watch
19226,19226,data/raw/fashion-product-images-small/images/19226.jpg,Accessories,Ties,Ties,Red,United Colors of Benetton Men Check Red Tie
37328,37328,data/raw/fashion-product-images-small/images/37328.jpg,Accessories,Watches,Watches,Silver,Casio Sheen Women Silver-Toned Dial Chronograph Watch SX040
44616,44616,data/raw/fashion-product-images-small/images/44616.jpg,Footwear,Flip Flops,Flip Flops,Black,Fila Men Black Flip Flops
6826,6826,data/raw/fashion-product-images-small/images/6826.jpg,Footwear,Sandal,Sandals,Grey,Timberland Men Nekkol Grey Black Floater
42123,42123,data/raw/fashion-product-images-small/images/42123.jpg,Apparel,Topwear,Tshirts,Navy Blue,ADIDAS Men Navy Blue T-shirt
37488,37488,data/raw/fashion-product-images-small/images/37488.jpg,Accessories,Watches,Watches,Silver,Esprit Women Silver Dial Watch
42165,42165,data/raw/fashion-product-images-small/images/42165.jpg,Apparel,Topwear,Tshirts,Black,Status Quo Men Black T-shirt
50378,50378,data/raw/fashion-product-images-small/images/50378.jpg,Apparel,Bottomwear,Salwar and Dupatta,White,Vishudh Women Red & White Salwar and Dupatta
1565,1565,data/raw/fashion-product-images-small/images/1565.jpg,Accessories,Bags,Backpacks,Green,Quechua Green Light Backpack
57431,57431,data/raw/fashion-product-images-small/images/57431.jpg,Apparel,Topwear,Tshirts,Pink,Angry Birds Women Pink T-shirt
43592,43592,data/raw/fashion-product-images-small/images/43592.jpg,Apparel,Topwear,Tshirts,Pink,Gini and Jony Girls Polo Striped Pink T-shirt
4597,4597,data/raw/fashion-product-images-small/images/4597.jpg,Accessories,Bags,Backpacks,Orange,Wildcraft Unisex Orange Printed Backpack
20459,20459,data/raw/fashion-product-images-small/images/20459.jpg,Accessories,Bags,Handbags,Purple,Baggit Women Libra Jhuti Purple Handbag
17861,17861,data/raw/fashion-product-images-small/images/17861.jpg,Apparel,Innerwear,Trunk,Navy Blue,Levis Men Boxer Navy Blue Trunks
32228,32228,data/raw/fashion-product-images-small/images/32228.jpg,Apparel,Topwear,Kurtas,Mustard,Fabindia Women Printed Mustard Kurta
3487,3487,data/raw/fashion-product-images-small/images/3487.jpg,Footwear,Shoes,Flats,Black,ADIDAS Women Spry Black Red Sandal
2165,2165,data/raw/fashion-product-images-small/images/2165.jpg,Apparel,Topwear,Shirts,Blue,Probase Men Check Blue Shirt
11949,11949,data/raw/fashion-product-images-small/images/11949.jpg,Footwear,Shoes,Casual Shoes,Brown,Ganuchi Men Casual Brown Casual Shoes
57907,57907,data/raw/fashion-product-images-small/images/57907.jpg,Accessories,Socks,Socks,Black,Fruit of the Loom Women Black Pack of Three Socks
45834,45834,data/raw/fashion-product-images-small/images/45834.jpg,Apparel,Topwear,Kurtas,Red,Vishudh Women Red Kurta
9161,9161,data/raw/fashion-product-images-small/images/9161.jpg,Apparel,Bottomwear,Jeans,Blue,Locomotive Men Cairo Blue Jeans
39071,39071,data/raw/fashion-product-images-small/images/39071.jpg,Apparel,Topwear,Shirts,Blue,Arrow Sport Men Blue & White Check Shirt
28889,28889,data/raw/fashion-product-images-small/images/28889.jpg,Apparel,Innerwear,Briefs,Brown,Enamor Women Brown Boy Shorts Brief
12003,12003,data/raw/fashion-product-images-small/images/12003.jpg,Apparel,Topwear,Shirts,Grey,Mark Taylor Men Grey Striped Shirt
27478,27478,data/raw/fashion-product-images-small/images/27478.jpg,Apparel,Innerwear,Bra,Pink,Jockey Essence Pink Seamless Bra 2003
49602,49602,data/raw/fashion-product-images-small/images/49602.jpg,Footwear,Shoes,Heels,Grey,Catwalk Women Grey Sandals
10150,10150,data/raw/fashion-product-images-small/images/10150.jpg,Footwear,Shoes,Formal Shoes,Black,Rockport Men Drsp Plaintoe Black Formal Shoes
24690,24690,data/raw/fashion-product-images-small/images/24690.jpg,Footwear,Shoes,Casual Shoes,Brown,Lee Cooper Men Casual Brown Shoes
19266,19266,data/raw/fashion-product-images-small/images/19266.jpg,Accessories,Watches,Watches,Black,Guess Women Mini Prism Black Watch
50427,50427,data/raw/fashion-product-images-small/images/50427.jpg,Accessories,Bags,Handbags,Blue,Lino Perros Unisex Blue Bag
3324,3324,data/raw/fashion-product-images-small/images/3324.jpg,Apparel,Topwear,Tshirts,Blue,KKR Boys Fangear Tee
17171,17171,data/raw/fashion-product-images-small/images/17171.jpg,Apparel,Topwear,Shirts,Grey,U.S. Polo Assn. Men Checks Grey Shirt
9866,9866,data/raw/fashion-product-images-small/images/9866.jpg,Apparel,Topwear,Tshirts,Pink,Status Quo Men Pink Polo Tshirts
10099,10099,data/raw/fashion-product-images-small/images/10099.jpg,Accessories,Watches,Watches,Grey,Fastrack Men Analogue Grey Watches
14456,14456,data/raw/fashion-product-images-small/images/14456.jpg,Footwear,Shoes,Casual Shoes,Taupe,Enroute Women Casual Taupe Casual Shoes
40514,40514,data/raw/fashion-product-images-small/images/40514.jpg,Accessories,Watches,Watches,White,Titan Men White Dial Watch
36446,36446,data/raw/fashion-product-images-small/images/36446.jpg,Footwear,Shoes,Sports Shoes,Black,Spinn Men Orbit Black Sports Shoes
42586,42586,data/raw/fashion-product-images-small/images/42586.jpg,Apparel,Topwear,Tshirts,Green,United Colors of Benetton Men Green Printed T-shirt
7060,7060,data/raw/fashion-product-images-small/images/7060.jpg,Accessories,Bags,Backpacks,Black,Nike Black Classic Turf     NSW  Backpacks
8488,8488,data/raw/fashion-product-images-small/images/8488.jpg,Apparel,Topwear,Tops,Grey,Forever New Women Slate Grey Tops
24496,24496,data/raw/fashion-product-images-small/images/24496.jpg,Apparel,Topwear,Kurtas,Red,Mother Earth Women Red Printed Kurta
35032,35032,data/raw/fashion-product-images-small/images/35032.jpg,Accessories,Stoles,Stoles,Green,Fabindia Women Green Stole
39980,39980,data/raw/fashion-product-images-small/images/39980.jpg,Footwear,Shoes,Casual Shoes,Brown,Gas Men Flint Brown Shoes
32197,32197,data/raw/fashion-product-images-small/images/32197.jpg,Apparel,Topwear,Kurtas,Olive,Fabindia Men Printed Olive Kurta
9791,9791,data/raw/fashion-product-images-small/images/9791.jpg,Apparel,Topwear,Tshirts,Brown,Classic Polo Men Ikon Brown Polo Tshirts
47299,47299,data/raw/fashion-product-images-small/images/47299.jpg,Accessories,Bags,Mobile Pouch,Brown,Baggit Women Beige Doodle Jhuti Mobile Pouch
41671,41671,data/raw/fashion-product-images-small/images/41671.jpg,Footwear,Shoes,Heels,Gold,Catwalk Women Gold Heels
8470,8470,data/raw/fashion-product-images-small/images/8470.jpg,Apparel,Topwear,Tunics,Black,Scullers For Her Women Viscose Tunics Purple Tops
59262,59262,data/raw/fashion-product-images-small/images/59262.jpg,Accessories,Watches,Watches,Silver,Titan Women Silver Watch
16203,16203,data/raw/fashion-product-images-small/images/16203.jpg,Apparel,Topwear,Sweatshirts,Blue,Puma Men Logo Hooded Blue SweatShirt
28398,28398,data/raw/fashion-product-images-small/images/28398.jpg,Accessories,Eyewear,Sunglasses,Black,Idee Women Black Sunglasses
10269,10269,data/raw/fashion-product-images-small/images/10269.jpg,Footwear,Shoes,Flats,Red,Clarks Women Silvi Spice Raspberry Leather Red Flats
36037,36037,data/raw/fashion-product-images-small/images/36037.jpg,Accessories,Bags,Handbags,Beige,OTLS Unisex Beige Bag
53409,53409,data/raw/fashion-product-images-small/images/53409.jpg,Apparel,Topwear,Kurtas,White,Alma Women Printed White Kurta
47477,47477,data/raw/fashion-product-images-small/images/47477.jpg,Footwear,Shoes,Flats,Black,Tiptopp Women Black Flats
35107,35107,data/raw/fashion-product-images-small/images/35107.jpg,Accessories,Wallets,Wallets,Black,Allen Solly Men Leather Black Wallet
2490,2490,data/raw/fashion-product-images-small/images/2490.jpg,Footwear,Shoes,Casual Shoes,White,Puma Women Commander White Blue Shoe
16524,16524,data/raw/fashion-product-images-small/images/16524.jpg,Apparel,Topwear,Shirts,Red,Locomotive Men Check Red Shirt
33316,33316,data/raw/fashion-product-images-small/images/33316.jpg,Apparel,Topwear,Shirts,Grey,Arrow New York Men Grey Striped Slim Fit Shirt
40592,40592,data/raw/fashion-product-images-small/images/40592.jpg,Apparel,Topwear,Kurtas,Blue,Aurelia Women Blue Kurta
55787,55787,data/raw/fashion-product-images-small/images/55787.jpg,Apparel,Loungewear and Nightwear,Nightdress,Pink,SDL by Sweet Dreams Women Pink Nightdress
7980,7980,data/raw/fashion-product-images-small/images/7980.jpg,Apparel,Topwear,Tshirts,Black,Fila Men's Crew Neck Black Grey T-shirt
48608,48608,data/raw/fashion-product-images-small/images/48608.jpg,Accessories,Jewellery,Earrings,Silver,Lucera Women Silver Earrings
5184,5184,data/raw/fashion-product-images-small/images/5184.jpg,Apparel,Topwear,Tshirts,Black,Mickey Men's Goofy Is Happy Black T-shirt
15085,15085,data/raw/fashion-product-images-small/images/15085.jpg,Apparel,Topwear,Kurtas,Black,Mother Earth Men Black Printed Kurta
6866,6866,data/raw/fashion-product-images-small/images/6866.jpg,Apparel,Bottomwear,Leggings,Black,Forever New Women Black Leggings
28309,28309,data/raw/fashion-product-images-small/images/28309.jpg,Accessories,Eyewear,Sunglasses,Black,Fastrack Men Black Sunglasses
14522,14522,data/raw/fashion-product-images-small/images/14522.jpg,Apparel,Topwear,Shirts,Olive,Mark Taylor Men Light Brown & White Striped Shirt
18638,18638,data/raw/fashion-product-images-small/images/18638.jpg,Apparel,Topwear,Tshirts,Black,Puma Men V.11 Speed Black Tshirts
27413,27413,data/raw/fashion-product-images-small/images/27413.jpg,Apparel,Loungewear and Nightwear,Lounge Pants,Grey Melange,Jockey Women Grey Melange Lounge Pants
56669,56669,data/raw/fashion-product-images-small/images/56669.jpg,Accessories,Watches,Watches,Black,Maxima Men Black Dial Watch
34936,34936,data/raw/fashion-product-images-small/images/34936.jpg,Apparel,Topwear,Dupatta,White,Fabindia Women White Dupatta
21942,21942,data/raw/fashion-product-images-small/images/21942.jpg,Accessories,Bags,Handbags,Brown,Murcia Women Casual Brown Handbag
14600,14600,data/raw/fashion-product-images-small/images/14600.jpg,Accessories,Socks,Socks,White,United Colors of Benetton Men Pack of 2 White Socks
49267,49267,data/raw/fashion-product-images-small/images/49267.jpg,Accessories,Socks,Socks,Brown,Arrow Men Pack of 5 Plating Design Socks
37685,37685,data/raw/fashion-product-images-small/images/37685.jpg,Accessories,Bags,Backpacks,Black,American Tourister Unisex Black Backpack
51603,51603,data/raw/fashion-product-images-small/images/51603.jpg,Apparel,Bottomwear,Trousers,Beige,Kraus Jeans Women Beige Trousers
25722,25722,data/raw/fashion-product-images-small/images/25722.jpg,Accessories,Belts,Belts,Brown,Wrangler Men Canvas Brown Belt
19604,19604,data/raw/fashion-product-images-small/images/19604.jpg,Apparel,Topwear,Tops,White,United Colors of Benetton Women Solid White Top
35901,35901,data/raw/fashion-product-images-small/images/35901.jpg,Accessories,Bags,Handbags,Brown,Peperone Women Brown Handbag
33876,33876,data/raw/fashion-product-images-small/images/33876.jpg,Accessories,Watches,Watches,Black,Citizen Men Black Dial Chronograph Watch
46558,46558,data/raw/fashion-product-images-small/images/46558.jpg,Accessories,Watches,Watches,Blue,Timex Expedition Men Blue Dial Watch T49780
29846,29846,data/raw/fashion-product-images-small/images/29846.jpg,Apparel,Bottomwear,Trousers,Grey,Basics Men Grey Trousers
12092,12092,data/raw/fashion-product-images-small/images/12092.jpg,Apparel,Topwear,Kurtas,Blue,W Women Printed Blue Kurtas
53810,53810,data/raw/fashion-product-images-small/images/53810.jpg,Apparel,Topwear,Kurtas,Cream,Ayaany Women Printed Cream Kurta
17608,17608,data/raw/fashion-product-images-small/images/17608.jpg,Apparel,Topwear,Tshirts,Pink,Doodle Sporty Girl dark Pink Tshirts
21675,21675,data/raw/fashion-product-images-small/images/21675.jpg,Accessories,Watches,Watches,Black,Fossil Men Black Dial Chronograph Watch CH2652
50044,50044,data/raw/fashion-product-images-small/images/50044.jpg,Apparel,Innerwear,Bra,Skin,Hanes Women Beige Concealing Petals Strapless Bra
7370,7370,data/raw/fashion-product-images-small/images/7370.jpg,Footwear,Sandal,Sandals,Brown,Red Tape Men Stone Brown Floater
21730,21730,data/raw/fashion-product-images-small/images/21730.jpg,Footwear,Flip Flops,Flip Flops,Blue,ADIDAS Women Dots and Stripes Blue Flip Flops
51404,51404,data/raw/fashion-product-images-small/images/51404.jpg,Apparel,Topwear,Shirts,Blue,Myntra Men Blue Shirt
24724,24724,data/raw/fashion-product-images-small/images/24724.jpg,Apparel,Topwear,Tshirts,Blue,Tantra Men Blue T-shirt
37564,37564,data/raw/fashion-product-images-small/images/37564.jpg,Apparel,Innerwear,Innerwear Vests,Pink,Madagascar3 Pink Girls Innerwear Vest
45367,45367,data/raw/fashion-product-images-small/images/45367.jpg,Footwear,Shoes,Heels,Red,Cobblerz Women Red Sandals
44231,44231,data/raw/fashion-product-images-small/images/44231.jpg,Footwear,Shoes,Sports Shoes,Blue,Nike Men Air Max Turbulence+ 18 Grey Sports Shoes
54590,54590,data/raw/fashion-product-images-small/images/54590.jpg,Apparel,Topwear,Kurtas,Red,Sushilas Women Printed Red Kurta
42957,42957,data/raw/fashion-product-images-small/images/42957.jpg,Accessories,Belts,Belts,Black,French Connection Men Black Belt
8949,8949,data/raw/fashion-product-images-small/images/8949.jpg,Apparel,Bottomwear,Trousers,Grey,Indigo Nation Men ID Printed Grey Trousers
59995,59995,data/raw/fashion-product-images-small/images/59995.jpg,Apparel,Dress,Dresses,Black,Avirate Black Dress
49524,49524,data/raw/fashion-product-images-small/images/49524.jpg,Accessories,Bags,Clutches,Purple,Rocia Women Purple Clutch
43275,43275,data/raw/fashion-product-images-small/images/43275.jpg,Accessories,Bags,Handbags,Olive,Murcia Women Olive Handbag
28761,28761,data/raw/fashion-product-images-small/images/28761.jpg,Apparel,Topwear,Kurtas,Beige,Aurelia Women Beige Kurta
59727,59727,data/raw/fashion-product-images-small/images/59727.jpg,Apparel,Innerwear,Bra,Red,Avirate Red & Black Bra
16661,16661,data/raw/fashion-product-images-small/images/16661.jpg,Apparel,Topwear,Sweaters,Black,Fila Men Blanc Black Sweater
44230,44230,data/raw/fashion-product-images-small/images/44230.jpg,Footwear,Shoes,Casual Shoes,Blue,Nike Men Blue Sneakers
39424,39424,data/raw/fashion-product-images-small/images/39424.jpg,Apparel,Topwear,Tshirts,Red,U.S. Polo Assn. Denim Co. Men Red Polo T-Shirt
22968,22968,data/raw/fashion-product-images-small/images/22968.jpg,Accessories,Bags,Backpacks,Black,U.S. Polo Assn. Unisex Casual Olive Backpack
7371,7371,data/raw/fashion-product-images-small/images/7371.jpg,Footwear,Sandal,Sandals,Brown,Red Tape Men Casual Light Brown Floater
39775,39775,data/raw/fashion-product-images-small/images/39775.jpg,Apparel,Topwear,Shirts,White,Peter England Men White Casual Shirt
7321,7321,data/raw/fashion-product-images-small/images/7321.jpg,Footwear,Shoes,Casual Shoes,Brown,Red Tape Men's Brown Shoe
15517,15517,data/raw/fashion-product-images-small/images/15517.jpg,Footwear,Shoes,Casual Shoes,Red,Rockport Men LLandro Red Casual Shoes
4538,4538,data/raw/fashion-product-images-small/images/4538.jpg,Apparel,Topwear,Tshirts,White,Classic Polo Men's White T-shirt with Dark Blue Stripes
25629,25629,data/raw/fashion-product-images-small/images/25629.jpg,Accessories,Watches,Watches,Black,Fastrack Women Black Casual Watch
19185,19185,data/raw/fashion-product-images-small/images/19185.jpg,Apparel,Topwear,Shirts,Blue,United Colors of Benetton Men Check Blue Shirt
41717,41717,data/raw/fashion-product-images-small/images/41717.jpg,Footwear,Shoes,Heels,Black,Catwalk Women Black Wedges
4798,4798,data/raw/fashion-product-images-small/images/4798.jpg,Apparel,Topwear,Tshirts,White,ADIDAS Men's 3S PES Comb White Polo T-shirt
45826,45826,data/raw/fashion-product-images-small/images/45826.jpg,Footwear,Shoes,Heels,Blue,Senorita Women Blue Flats
50492,50492,data/raw/fashion-product-images-small/images/50492.jpg,Apparel,Innerwear,Innerwear Vests,Black,Chromozome Men Black Innerwear Vest
27263,27263,data/raw/fashion-product-images-small/images/27263.jpg,Apparel,Topwear,Tops,Blue,Arrow Woman Blue Top
15946,15946,data/raw/fashion-product-images-small/images/15946.jpg,Accessories,Ties,Ties,Black,Turtle Men Solid Black Ties
49068,49068,data/raw/fashion-product-images-small/images/49068.jpg,Accessories,Bags,Handbags,Orange,Lino Perros Women Orange Handbag
7813,7813,data/raw/fashion-product-images-small/images/7813.jpg,Footwear,Shoes,Casual Shoes,Black,Puma Unisex 917 Mid Riddim 50s OC Black Shoe
39698,39698,data/raw/fashion-product-images-small/images/39698.jpg,Apparel,Topwear,Shirts,White,Spykar Men Ranger White Shirt
46517,46517,data/raw/fashion-product-images-small/images/46517.jpg,Accessories,Watches,Watches,White,Timex Men White Dial Watch
28002,28002,data/raw/fashion-product-images-small/images/28002.jpg,Apparel,Innerwear,Briefs,Grey,Jockey ZONE Men Grey Tanga Brief US18
11496,11496,data/raw/fashion-product-images-small/images/11496.jpg,Footwear,Shoes,Heels,Grey,Catwalk Women Gun Metal Grey Flats
4536,4536,data/raw/fashion-product-images-small/images/4536.jpg,Footwear,Shoes,Sports Shoes,White,Nike Men's Dunk High White Shoe
33724,33724,data/raw/fashion-product-images-small/images/33724.jpg,Accessories,Belts,Belts,Blue,Pieces Women Blue Belt
7587,7587,data/raw/fashion-product-images-small/images/7587.jpg,Footwear,Shoes,Sports Shoes,White,Nike Men Air Max White Red Shoe
41785,41785,data/raw/fashion-product-images-small/images/41785.jpg,Apparel,Topwear,Tops,Purple,Remanika Women Purple Top
2293,2293,data/raw/fashion-product-images-small/images/2293.jpg,Apparel,Topwear,Tshirts,Pink,Nike Women Accuracy Pink T-shirt
5532,5532,data/raw/fashion-product-images-small/images/5532.jpg,Footwear,Shoes,Sports Shoes,White,Nike Men's Zoom Structure White Shoe
58801,58801,data/raw/fashion-product-images-small/images/58801.jpg,Apparel,Topwear,Shirts,Green,Highlander Men Green & Navy Blue Check Shirt
57316,57316,data/raw/fashion-product-images-small/images/57316.jpg,Apparel,Innerwear,Bra,Pink,Amante Pink Full-Coverage Lace Bra BCFR01
12913,12913,data/raw/fashion-product-images-small/images/12913.jpg,Apparel,Topwear,Shirts,White,Spykar Men Mandarin Collar White Shirts
6043,6043,data/raw/fashion-product-images-small/images/6043.jpg,Apparel,Topwear,Tshirts,Red,UCB Men's Polo Neck With Lion Logo Red T-shirt
45943,45943,data/raw/fashion-product-images-small/images/45943.jpg,Apparel,Topwear,Tops,Green,Mumbai Slang Women Green Top
45583,45583,data/raw/fashion-product-images-small/images/45583.jpg,Footwear,Shoes,Casual Shoes,Brown,Arrow Men Brown Casual Shoes
56652,56652,data/raw/fashion-product-images-small/images/56652.jpg,Footwear,Shoes,Formal Shoes,Brown,United Colors of Benetton Men Brown Shoes
23735,23735,data/raw/fashion-product-images-small/images/23735.jpg,Accessories,Eyewear,Sunglasses,Black,Ray-Ban Women Jackie Sunglasses
24699,24699,data/raw/fashion-product-images-small/images/24699.jpg,Footwear,Shoes,Sports Shoes,Black,Puma Men Cell Tolero Black Sports Shoes
54114,54114,data/raw/fashion-product-images-small/images/54114.jpg,Footwear,Shoes,Heels,Gold,Rocia Women Golden Flats
36062,36062,data/raw/fashion-product-images-small/images/36062.jpg,Accessories,Bags,Duffel Bag,Blue,OTLS Unisex Blue Duffle Bag
5806,5806,data/raw/fashion-product-images-small/images/5806.jpg,Apparel,Topwear,Tshirts,Red,ADIDAS Women's Graphic Red T-shirt
15640,15640,data/raw/fashion-product-images-small/images/15640.jpg,Apparel,Topwear,Tshirts,White,Nike Men Lebron 3D White Tshirts
8387,8387,data/raw/fashion-product-images-small/images/8387.jpg,Apparel,Topwear,Tshirts,Navy Blue,ADIDAS Men  Navy Blue Polo T-shirt
28501,28501,data/raw/fashion-product-images-small/images/28501.jpg,Apparel,Bottomwear,Track Pants,Navy Blue,Urban Yoga Men Navy Blue Track Pants
4735,4735,data/raw/fashion-product-images-small/images/4735.jpg,Footwear,Shoes,Casual Shoes,Brown,Numero Uno Men's Brown Funk Shoe
15366,15366,data/raw/fashion-product-images-small/images/15366.jpg,Footwear,Shoes,Casual Shoes,Grey,Red Tape Men Grey Shoes
13308,13308,data/raw/fashion-product-images-small/images/13308.jpg,Apparel,Topwear,Tops,White,Gini and Jony Kids Girls Printed White Tops
6444,6444,data/raw/fashion-product-images-small/images/6444.jpg,Footwear,Flip Flops,Flip Flops,Black,Lotto Women's Wave Chic Black Grey Flip Flop
8441,8441,data/raw/fashion-product-images-small/images/8441.jpg,Apparel,Topwear,Tops,Blue,Jealous 21 Women Jealous Ece Blue Top Blue Tops
14657,14657,data/raw/fashion-product-images-small/images/14657.jpg,Apparel,Bottomwear,Trousers,Grey,Probase Men Solid DK.Grey Trousers
14746,14746,data/raw/fashion-product-images-small/images/14746.jpg,Apparel,Topwear,Shirts,White,Arrow Men Stripes White Shirts
24531,24531,data/raw/fashion-product-images-small/images/24531.jpg,Apparel,Topwear,Kurtas,Orange,Mother Earth Women Orange Printed Kurta
58525,58525,data/raw/fashion-product-images-small/images/58525.jpg,Accessories,Accessories,Travel Accessory,Green,Wildcraft Unisex Green Chalk Bag
17733,17733,data/raw/fashion-product-images-small/images/17733.jpg,Footwear,Sandal,Sandals,Navy Blue,Puma Men MM III Navy Blue Slipper
11150,11150,data/raw/fashion-product-images-small/images/11150.jpg,Accessories,Watches,Watches,Pink,Carrera Women Sqaure dial Pink Watches
22917,22917,data/raw/fashion-product-images-small/images/22917.jpg,Footwear,Shoes,Casual Shoes,Blue,Nike Men Blue Flyclave LTR Casual Shoes
44941,44941,data/raw/fashion-product-images-small/images/44941.jpg,Footwear,Shoes,Formal Shoes,Black,Franco Leone Men Formal Shoes
54654,54654,data/raw/fashion-product-images-small/images/54654.jpg,Accessories,Watches,Watches,Black,Fastrack Women Black Dial Watch
14129,14129,data/raw/fashion-product-images-small/images/14129.jpg,Apparel,Bottomwear,Jeans,Blue,Flying Machine Men Washed Blue Jeans
39571,39571,data/raw/fashion-product-images-small/images/39571.jpg,Footwear,Shoes,Heels,Black,Catwalk Women Black Flats
16200,16200,data/raw/fashion-product-images-small/images/16200.jpg,Apparel,Topwear,Tshirts,Grey,Puma Men Polo Grey TShirt
55646,55646,data/raw/fashion-product-images-small/images/55646.jpg,Footwear,Shoes,Heels,Silver,Catwalk Women Silver Heels
3248,3248,data/raw/fashion-product-images-small/images/3248.jpg,Footwear,Shoes,Sports Shoes,Black,Puma Men's Whirlwind Black White Shoe
8195,8195,data/raw/fashion-product-images-small/images/8195.jpg,Apparel,Topwear,Shirts,Navy Blue,Locomotive Men Solid Poplin Lamberto Navy Blue Shirts
48607,48607,data/raw/fashion-product-images-small/images/48607.jpg,Accessories,Jewellery,Earrings,Silver,Lucera Women Silver Earrings
34338,34338,data/raw/fashion-product-images-small/images/34338.jpg,Apparel,Topwear,Tshirts,Purple,Myntra Men Blood Lust Purple T-shirt
17921,17921,data/raw/fashion-product-images-small/images/17921.jpg,Apparel,Topwear,Tshirts,Blue,Nike Men Cricket Blue Jersey
7365,7365,data/raw/fashion-product-images-small/images/7365.jpg,Footwear,Shoes,Casual Shoes,Black,Red Tape Men's Black Casual Shoe
24628,24628,data/raw/fashion-product-images-small/images/24628.jpg,Footwear,Shoes,Formal Shoes,Black,Arrow Men Black Formal Shoes
45119,45119,data/raw/fashion-product-images-small/images/45119.jpg,Accessories,Watches,Watches,Purple,Casio Enticer Men Silver Analogue Watch MTP-1243D-2AVDF(A217)
9654,9654,data/raw/fashion-product-images-small/images/9654.jpg,Apparel,Topwear,Shirts,Blue,Indigo Nation Men Bling  Blue Shirt
22624,22624,data/raw/fashion-product-images-small/images/22624.jpg,Apparel,Topwear,Tshirts,White,Nike Men Solid White T-shirt
45733,45733,data/raw/fashion-product-images-small/images/45733.jpg,Apparel,Topwear,Kurtas,Magenta,Folklore Women Magenta Kurta
51379,51379,data/raw/fashion-product-images-small/images/51379.jpg,Apparel,Bottomwear,Shorts,Grey,Myntra Men Grey Shorts
39860,39860,data/raw/fashion-product-images-small/images/39860.jpg,Apparel,Topwear,Tshirts,Green,Gini and Jony Boys Polo Green T-Shirt
8140,8140,data/raw/fashion-product-images-small/images/8140.jpg,Accessories,Watches,Watches,Black,Fastrack Women Freestyle Sports Black Watch
44832,44832,data/raw/fashion-product-images-small/images/44832.jpg,Apparel,Topwear,Tshirts,Black,Puma Men Black Logo T-shirt
57980,57980,data/raw/fashion-product-images-small/images/57980.jpg,Apparel,Topwear,Tops,White,Doodle Girls White and Purple Printed Top
8188,8188,data/raw/fashion-product-images-small/images/8188.jpg,Apparel,Topwear,Shirts,Purple,Locomotive Men Solid Poplin Laidley Purple Shirts
3288,3288,data/raw/fashion-product-images-small/images/3288.jpg,Apparel,Topwear,Tshirts,Navy Blue,Guerrilla Men's I Like What I See Navy Blue T-shirt
38841,38841,data/raw/fashion-product-images-small/images/38841.jpg,Apparel,Dress,Dresses,Brown,Latin Quarters Women Brown Check Dress
10597,10597,data/raw/fashion-product-images-small/images/10597.jpg,Apparel,Bottomwear,Jeans,Blue,Flying Machine Men Skinny Jack Blue Jeans
26487,26487,data/raw/fashion-product-images-small/images/26487.jpg,Apparel,Topwear,Tshirts,Black,Puma Men Tech Graphic Black T-shirt
16708,16708,data/raw/fashion-product-images-small/images/16708.jpg,Apparel,Topwear,Tshirts,White,Fila Men Striper Pique White Tshirt
22308,22308,data/raw/fashion-product-images-small/images/22308.jpg,Footwear,Shoes,Heels,Silver,Inc. 5 Women Casual Silver Heels
34000,34000,data/raw/fashion-product-images-small/images/34000.jpg,Apparel,Topwear,Tops,Black,Femella Women Black Top
17917,17917,data/raw/fashion-product-images-small/images/17917.jpg,Apparel,Topwear,Sweatshirts,Purple,Nike Men Purple Sweatshirt
29041,29041,data/raw/fashion-product-images-small/images/29041.jpg,Apparel,Bottomwear,Track Pants,Navy Blue,ADIDAS Men Navy Blue Track Pants
10209,10209,data/raw/fashion-product-images-small/images/10209.jpg,Accessories,Bags,Handbags,Grey,Murcia Women Kkhh Grey Handbags
8695,8695,data/raw/fashion-product-images-small/images/8695.jpg,Accessories,Eyewear,Sunglasses,Brown,Fastrack Women Gradient Sunglasses P168BR3F
4669,4669,data/raw/fashion-product-images-small/images/4669.jpg,Accessories,Bags,Backpacks,Black,ADIDAS Unisex BP 3S Black Silver Backpack
40223,40223,data/raw/fashion-product-images-small/images/40223.jpg,Accessories,Belts,Belts,Black,Provogue Men Black Leather Belt
2065,2065,data/raw/fashion-product-images-small/images/2065.jpg,Apparel,Topwear,Tshirts,Black,ADIDAS Women Polo Black Polo T-shirt
15949,15949,data/raw/fashion-product-images-small/images/15949.jpg,Accessories,Ties,Ties,Black,Turtle Men Check Black Ties
8780,8780,data/raw/fashion-product-images-small/images/8780.jpg,Apparel,Topwear,Shirts,Purple,Indigo Nation Men Club Satin Hot Stepper Purple Shirts
13726,13726,data/raw/fashion-product-images-small/images/13726.jpg,Footwear,Shoes,Casual Shoes,Blue,ADIDAS Women Blue Adi light casual Shoe
53508,53508,data/raw/fashion-product-images-small/images/53508.jpg,Apparel,Innerwear,Bra,White,Amante White Full-Coverage Bra BFOM12
21897,21897,data/raw/fashion-product-images-small/images/21897.jpg,Apparel,Topwear,Kurtas,Teal,BIBA Women Teal Printed Kurta
52173,52173,data/raw/fashion-product-images-small/images/52173.jpg,Accessories,Jewellery,Ring,Silver,Lencia Sterling Silver Ring
57342,57342,data/raw/fashion-product-images-small/images/57342.jpg,Apparel,Innerwear,Bra,Silver,Amante Silver-Toned Bra-BGDI01
17572,17572,data/raw/fashion-product-images-small/images/17572.jpg,Apparel,Topwear,Shirts,Red,Mark Taylor Men Red & White Striped Shirt
25346,25346,data/raw/fashion-product-images-small/images/25346.jpg,Apparel,Innerwear,Briefs,Black,Levis Men Black  Brief
53770,53770,data/raw/fashion-product-images-small/images/53770.jpg,Apparel,Topwear,Tshirts,Black,Puma Men Black T-shirt
35271,35271,data/raw/fashion-product-images-small/images/35271.jpg,Apparel,Topwear,Tops,Green,Lee Women Holly Green Top
27151,27151,data/raw/fashion-product-images-small/images/27151.jpg,Apparel,Topwear,Shirts,Blue,Mark Taylor Men Striped Blue Shirt
6772,6772,data/raw/fashion-product-images-small/images/6772.jpg,Apparel,Topwear,Shirts,Green,Timberland Men Claremont Popl Green Shirt
4061,4061,data/raw/fashion-product-images-small/images/4061.jpg,Apparel,Topwear,Tshirts,Yellow,Myntra Men's Radio Head Yellow T-shirt
53007,53007,data/raw/fashion-product-images-small/images/53007.jpg,Apparel,Saree,Sarees,Blue,FNF Blue Printed Sari
6972,6972,data/raw/fashion-product-images-small/images/6972.jpg,Apparel,Topwear,Tops,Mauve,s.Oliver Women Printed Mauve Top
13169,13169,data/raw/fashion-product-images-small/images/13169.jpg,Footwear,Shoes,Flats,Black,Skechers Women Double Agent Black Sandals
11851,11851,data/raw/fashion-product-images-small/images/11851.jpg,Footwear,Flip Flops,Flip Flops,Grey,Playboy Men Grey Flip Flops
35876,35876,data/raw/fashion-product-images-small/images/35876.jpg,Apparel,Topwear,Tshirts,Orange,Marvel Boys Comics Orange T-shirt
11925,11925,data/raw/fashion-product-images-small/images/11925.jpg,Footwear,Shoes,Flats,Black,Skechers Women Tone Black Sandals
20234,20234,data/raw/fashion-product-images-small/images/20234.jpg,Apparel,Topwear,Tshirts,Blue,Wrangler Women Baroque Polo Turquoise T-shirt
48549,48549,data/raw/fashion-product-images-small/images/48549.jpg,Accessories,Belts,Belts,Black,Wrangler Women Black Belt
7150,7150,data/raw/fashion-product-images-small/images/7150.jpg,Apparel,Topwear,Tops,Black,Scullers For Her Women's Wow Knit Black Purple Top
16630,16630,data/raw/fashion-product-images-small/images/16630.jpg,Apparel,Topwear,Tshirts,Black,Facit Men Smart Black Tshirt
51846,51846,data/raw/fashion-product-images-small/images/51846.jpg,Apparel,Innerwear,Briefs,Grey,Bwitch Women Grey Brief
21711,21711,data/raw/fashion-product-images-small/images/21711.jpg,Accessories,Watches,Watches,Grey,Fossil Men Grey Dial Watch ME1098
47268,47268,data/raw/fashion-product-images-small/images/47268.jpg,Apparel,Innerwear,Briefs,White,FCUK Underwear Men White Striped Brief
41769,41769,data/raw/fashion-product-images-small/images/41769.jpg,Apparel,Topwear,Tops,Cream,Remanika Women Multi Coloured Top
51605,51605,data/raw/fashion-product-images-small/images/51605.jpg,Apparel,Bottomwear,Trousers,Black,Kraus Jeans Women Black Trousers
43655,43655,data/raw/fashion-product-images-small/images/43655.jpg,Apparel,Dress,Jumpsuit,Multi,ONLY Women Multi Coloured Short Jumpsuit
15747,15747,data/raw/fashion-product-images-small/images/15747.jpg,Footwear,Shoes,Sports Shoes,White,Nike Men Ballista SL White Sports Shoes
43078,43078,data/raw/fashion-product-images-small/images/43078.jpg,Apparel,Bottomwear,Capris,Black,Nike Women Black Capris
16883,16883,data/raw/fashion-product-images-small/images/16883.jpg,Accessories,Eyewear,Sunglasses,Black,Police Men Casual Black Sunglasses
4897,4897,data/raw/fashion-product-images-small/images/4897.jpg,Apparel,Topwear,Tops,Yellow,Levis Kids Girl's Diane Yellow Kidswear
16980,16980,data/raw/fashion-product-images-small/images/16980.jpg,Footwear,Shoes,Sports Shoes,White,Puma Men Cell Pavo NM White Sports Shoe
23873,23873,data/raw/fashion-product-images-small/images/23873.jpg,Apparel,Topwear,Tshirts,Blue,ADIDAS Men Blue T-shirt
18210,18210,data/raw/fashion-product-images-small/images/18210.jpg,Accessories,Headwear,Caps,Black,Manchester United Men Printed Black Cap
19666,19666,data/raw/fashion-product-images-small/images/19666.jpg,Apparel,Topwear,Tops,Grey,United Colors of Benetton Women Solid Grey Top
33256,33256,data/raw/fashion-product-images-small/images/33256.jpg,Apparel,Topwear,Tshirts,Blue,Gini and Jony Girls Printed Blue T-shirt
32191,32191,data/raw/fashion-product-images-small/images/32191.jpg,Footwear,Shoes,Sports Shoes,Blue,ADIDAS Men Phantom Blue Sports Shoes
56876,56876,data/raw/fashion-product-images-small/images/56876.jpg,Footwear,Shoes,Heels,Blue,HM Women Blue Heels
36404,36404,data/raw/fashion-product-images-small/images/36404.jpg,Accessories,Socks,Socks,Green,Reid & Taylor Men Green Socks
59513,59513,data/raw/fashion-product-images-small/images/59513.jpg,Accessories,Jewellery,Pendant,Silver,Lucera Silver Pendant With Chain
8992,8992,data/raw/fashion-product-images-small/images/8992.jpg,Footwear,Shoes,Casual Shoes,Black,Puma Men Basket II Takeahike Black Shoes
59422,59422,data/raw/fashion-product-images-small/images/59422.jpg,Apparel,Topwear,Tshirts,Green,Tokyo Talkies Women Green Printed T-shirt
17818,17818,data/raw/fashion-product-images-small/images/17818.jpg,Footwear,Shoes,Casual Shoes,Brown,Lee Cooper Men  Brown Casual Shoe
10393,10393,data/raw/fashion-product-images-small/images/10393.jpg,Accessories,Watches,Watches,Black,Puma Women Spark 351 Black Watches
43467,43467,data/raw/fashion-product-images-small/images/43467.jpg,Apparel,Loungewear and Nightwear,Night suits,Blue,SDL by Sweet Dreams Women Blue Night suits
23205,23205,data/raw/fashion-product-images-small/images/23205.jpg,Apparel,Topwear,Shirts,Blue,Highlander Men Blue Check Shirt
59981,59981,data/raw/fashion-product-images-small/images/59981.jpg,Apparel,Dress,Dresses,Black,Avirate  Black & Purple Women Dress
39671,39671,data/raw/fashion-product-images-small/images/39671.jpg,Footwear,Shoes,Sports Shoes,White,Lotto Men White Sports Shoes
1933,1933,data/raw/fashion-product-images-small/images/1933.jpg,Accessories,Bags,Backpacks,Grey,Quechua Arpenaz 20L Dark Grey Bag
40953,40953,data/raw/fashion-product-images-small/images/40953.jpg,Apparel,Topwear,Tshirts,Yellow,Gini and Jony Boys Rodeo Yellow T-shirt
16760,16760,data/raw/fashion-product-images-small/images/16760.jpg,Accessories,Bags,Handbags,Black,Spice Art Women Leatherette  Black Handbags
5442,5442,data/raw/fashion-product-images-small/images/5442.jpg,Apparel,Topwear,Tshirts,Blue,Nike Women's Striped Polo Blue T-shirt
38167,38167,data/raw/fashion-product-images-small/images/38167.jpg,Accessories,Eyewear,Sunglasses,Brown,Miami Blues Women Sunglasses
1547,1547,data/raw/fashion-product-images-small/images/1547.jpg,Footwear,Shoes,Casual Shoes,Black,Puma Men's Ducati Sneaker
23867,23867,data/raw/fashion-product-images-small/images/23867.jpg,Footwear,Flip Flops,Flip Flops,Black,Fila Men Terrinda Black Flip Flops
51147,51147,data/raw/fashion-product-images-small/images/51147.jpg,Accessories,Socks,Socks,Blue,Parx Men Navy Blue Socks
21180,21180,data/raw/fashion-product-images-small/images/21180.jpg,Footwear,Flip Flops,Flip Flops,Black,ADIDAS Men Adi Cells Black Flip Flops
52658,52658,data/raw/fashion-product-images-small/images/52658.jpg,Accessories,Bags,Handbags,Black,Mod-acc Women Black Handbag
46996,46996,data/raw/fashion-product-images-small/images/46996.jpg,Apparel,Topwear,Kurtas,Beige,Shree Women Beige & Red Kurta
17816,17816,data/raw/fashion-product-images-small/images/17816.jpg,Footwear,Sandal,Sandals,Brown,Lee Cooper Men  Brown Sandal
33037,33037,data/raw/fashion-product-images-small/images/33037.jpg,Apparel,Topwear,Kurtas,Black,Mother Earth Women Printed Black Kurta
22134,22134,data/raw/fashion-product-images-small/images/22134.jpg,Footwear,Shoes,Formal Shoes,Black,Provogue Men Black Formal Shoes
12611,12611,data/raw/fashion-product-images-small/images/12611.jpg,Apparel,Topwear,Tops,Green,Jealous 21 Women Printed Green Tops
2947,2947,data/raw/fashion-product-images-small/images/2947.jpg,Apparel,Topwear,Tops,Yellow,DUSG Women Uttarkashi Organic Endive Top
13477,13477,data/raw/fashion-product-images-small/images/13477.jpg,Footwear,Shoes,Casual Shoes,Black,Rocia Women Rocia Black Sandal Black Shoes
9069,9069,data/raw/fashion-product-images-small/images/9069.jpg,Apparel,Topwear,Shirts,Blue,Mark Taylor Men Solid Blue Shirts
24738,24738,data/raw/fashion-product-images-small/images/24738.jpg,Accessories,Bags,Handbags,Beige,Murcia Women Leatherite Beige Bag
40626,40626,data/raw/fashion-product-images-small/images/40626.jpg,Apparel,Topwear,Kurtas,Pink,Span Women Pink Kurta
48202,48202,data/raw/fashion-product-images-small/images/48202.jpg,Accessories,Eyewear,Sunglasses,Blue,United Colors of Benetton Men Blue Sunglasses
2150,2150,data/raw/fashion-product-images-small/images/2150.jpg,Apparel,Topwear,Tshirts,White,Basics Men Yellow Striped Polo T-shirt
15218,15218,data/raw/fashion-product-images-small/images/15218.jpg,Accessories,Belts,Belts,Black,United Colors of Benetton Solid Belt
13388,13388,data/raw/fashion-product-images-small/images/13388.jpg,Footwear,Shoes,Casual Shoes,Grey,Timberland Women Femmes Grey Casual Shoes
24549,24549,data/raw/fashion-product-images-small/images/24549.jpg,Apparel,Topwear,Tops,Black,Mother Earth Women Black Printed Top
36416,36416,data/raw/fashion-product-images-small/images/36416.jpg,Footwear,Shoes,Casual Shoes,Black,Spinn Men Abzorb X Black Shoes
11022,11022,data/raw/fashion-product-images-small/images/11022.jpg,Apparel,Topwear,Tshirts,Red,Wrangler Women Its A Good Day Red T-Shirts
34149,34149,data/raw/fashion-product-images-small/images/34149.jpg,Apparel,Bottomwear,Skirts,Blue,Gini and Jony Girls Washed Blue Skirt
20134,20134,data/raw/fashion-product-images-small/images/20134.jpg,Apparel,Topwear,Shirts,Red,Wrangler Women Classic Red Shirt
52585,52585,data/raw/fashion-product-images-small/images/52585.jpg,Accessories,Bags,Clutches,Green,Mod'acc Women Light Green Clutch
31697,31697,data/raw/fashion-product-images-small/images/31697.jpg,Apparel,Topwear,Kurtas,Magenta,Folklore Women Printed Magenta Kurta
31320,31320,data/raw/fashion-product-images-small/images/31320.jpg,Apparel,Topwear,Kurtas,Off White,Aurelia Women Printed Red Kurta
15260,15260,data/raw/fashion-product-images-small/images/15260.jpg,Footwear,Shoes,Casual Shoes,Black,ADIDAS Originals Women Rekapi Black Casual Shoes
17195,17195,data/raw/fashion-product-images-small/images/17195.jpg,Apparel,Topwear,Sweaters,Green,U.S. Polo Assn. Men Stripes Green Sweater
7460,7460,data/raw/fashion-product-images-small/images/7460.jpg,Apparel,Topwear,Tshirts,Burgundy,Proline Men Burgundy Printed T-shirt
28960,28960,data/raw/fashion-product-images-small/images/28960.jpg,Apparel,Topwear,Kurtas,White,BIBA Women White Kurta
45227,45227,data/raw/fashion-product-images-small/images/45227.jpg,Accessories,Watches,Watches,Black,CASIO YOUTH Men Black Dial Analogue & Digital Watch AD137
33896,33896,data/raw/fashion-product-images-small/images/33896.jpg,Accessories,Watches,Watches,Steel,Citizen Men White Dial Watch
35457,35457,data/raw/fashion-product-images-small/images/35457.jpg,Apparel,Topwear,Tshirts,Grey,Doodle Boys Printed Grey T-shirt
2382,2382,data/raw/fashion-product-images-small/images/2382.jpg,Footwear,Shoes,Formal Shoes,Black,Red Tape Black Men Formal Shoe
14491,14491,data/raw/fashion-product-images-small/images/14491.jpg,Footwear,Shoes,Casual Shoes,Black,Flying Machine Men Casual Black Casual Shoes
45835,45835,data/raw/fashion-product-images-small/images/45835.jpg,Apparel,Topwear,Kurtas,Blue,Vishudh Women Blue Kurta
22854,22854,data/raw/fashion-product-images-small/images/22854.jpg,Footwear,Shoes,Casual Shoes,Khaki,Woodland Men Khaki Casual Shoes
47315,47315,data/raw/fashion-product-images-small/images/47315.jpg,Accessories,Bags,Clutches,Purple,Baggit Women Purple Jhula Camlincrush Purse
50468,50468,data/raw/fashion-product-images-small/images/50468.jpg,Apparel,Innerwear,Trunk,Grey Melange,Chromozome Men Grey Melange Trunks
53357,53357,data/raw/fashion-product-images-small/images/53357.jpg,Accessories,Sports Accessories,Wristbands,Red,Puma Unisex Pack of 2 Red Wristband
39566,39566,data/raw/fashion-product-images-small/images/39566.jpg,Footwear,Shoes,Heels,Brown,Catwalk Women Brown Flats
14300,14300,data/raw/fashion-product-images-small/images/14300.jpg,Apparel,Topwear,Tshirts,Blue,Classic Polo Men Printed pack of 3 Tshirts
28186,28186,data/raw/fashion-product-images-small/images/28186.jpg,Accessories,Eyewear,Sunglasses,Gold,Ray-Ban Unisex Aviator Gold Sunglasses
27539,27539,data/raw/fashion-product-images-small/images/27539.jpg,Apparel,Topwear,Shirts,Blue,Scullers Men Check Green & Blue Shirt
9261,9261,data/raw/fashion-product-images-small/images/9261.jpg,Apparel,Topwear,Shirts,Red,Mark Taylor Men Red Striped Shirt
2131,2131,data/raw/fashion-product-images-small/images/2131.jpg,Apparel,Topwear,Shirts,Blue,Basics Men Blue Slim Fit Checked Shirt
36056,36056,data/raw/fashion-product-images-small/images/36056.jpg,Accessories,Bags,Messenger Bag,Mustard,OTLS Unisex Mustard Brown Messenger Bag
39275,39275,data/raw/fashion-product-images-small/images/39275.jpg,Footwear,Shoes,Casual Shoes,Brown,Red Chief Men Brown Leather Shoes
56859,56859,data/raw/fashion-product-images-small/images/56859.jpg,Footwear,Shoes,Heels,Blue,HM Women Blue Flats
41586,41586,data/raw/fashion-product-images-small/images/41586.jpg,Apparel,Topwear,Shirts,White,Basics Men White Striped Shirt
59303,59303,data/raw/fashion-product-images-small/images/59303.jpg,Apparel,Topwear,Shirts,Blue,U.S. Polo Assn. Denim Co. Men Blue Shirt
34593,34593,data/raw/fashion-product-images-small/images/34593.jpg,Apparel,Topwear,Tops,Pink,Tonga Women Pink Printed Top
23318,23318,data/raw/fashion-product-images-small/images/23318.jpg,Apparel,Topwear,Kurtas,Purple,W Women Purple Kurta
20374,20374,data/raw/fashion-product-images-small/images/20374.jpg,Apparel,Topwear,Tshirts,Black,Urban Yoga Women Printed Black Tshirt
32179,32179,data/raw/fashion-product-images-small/images/32179.jpg,Footwear,Shoes,Sports Shoes,Navy Blue,ADIDAS Men Neptune Navy Blue Sports Shoes
28154,28154,data/raw/fashion-product-images-small/images/28154.jpg,Accessories,Eyewear,Sunglasses,Black,Ray-Ban Men Wayfarer Sunglasses
11560,11560,data/raw/fashion-product-images-small/images/11560.jpg,Apparel,Topwear,Kurtas,Cream,W Women Printed Cream Kurtas
8518,8518,data/raw/fashion-product-images-small/images/8518.jpg,Accessories,Bags,Handbags,Purple,Nike Women Nike Purple Tote Purple Bags
41307,41307,data/raw/fashion-product-images-small/images/41307.jpg,Apparel,Topwear,Tops,Black,Gini and Jony Girls Black Top
22141,22141,data/raw/fashion-product-images-small/images/22141.jpg,Footwear,Shoes,Formal Shoes,Black,Provogue Men Black Formal Shoes
25271,25271,data/raw/fashion-product-images-small/images/25271.jpg,Accessories,Bags,Handbags,Maroon,Lino Perros Women Leatherette Maroon Handbag
37574,37574,data/raw/fashion-product-images-small/images/37574.jpg,Apparel,Socks,Booties,Pink,Madagascar 3 Infants Girls Pink Booties
18707,18707,data/raw/fashion-product-images-small/images/18707.jpg,Apparel,Innerwear,Briefs,Pink,Hanes Women Pack of Three 100% Cotton Plain Hipsters
24828,24828,data/raw/fashion-product-images-small/images/24828.jpg,Apparel,Topwear,Tshirts,Green,Jealous 21 Women Green Printed T-Shirt
47262,47262,data/raw/fashion-product-images-small/images/47262.jpg,Apparel,Innerwear,Briefs,White,FCUK Underwear Men White & Black Brief
46263,46263,data/raw/fashion-product-images-small/images/46263.jpg,Apparel,Topwear,Tunics,Black,109F Women Black Printed Tunic
7001,7001,data/raw/fashion-product-images-small/images/7001.jpg,Apparel,Topwear,Tops,Purple,s.Oliver Women's Purple Blouse Top
48865,48865,data/raw/fashion-product-images-small/images/48865.jpg,Accessories,Jewellery,Pendant,Silver,Lucera Women Silver Pendant with Chain
11178,11178,data/raw/fashion-product-images-small/images/11178.jpg,Accessories,Watches,Watches,Silver,Carrera Men Steel dial Silver Watches
53780,53780,data/raw/fashion-product-images-small/images/53780.jpg,Apparel,Topwear,Tshirts,Black,Puma Men Black T-shirt
9534,9534,data/raw/fashion-product-images-small/images/9534.jpg,Apparel,Topwear,Tshirts,Black,Nike Men Ast 90ss Graphic Black T-Shirts
44977,44977,data/raw/fashion-product-images-small/images/44977.jpg,Accessories,Watches,Watches,Silver,Maxima Men Silver Dial Attivo Watch
46611,46611,data/raw/fashion-product-images-small/images/46611.jpg,Footwear,Shoes,Heels,Brown,Catwalk Women Brown Heels
42139,42139,data/raw/fashion-product-images-small/images/42139.jpg,Footwear,Shoes,Casual Shoes,Purple,Nike Men Wine Air Force Casual Shoes
14517,14517,data/raw/fashion-product-images-small/images/14517.jpg,Apparel,Topwear,Shirts,Blue,Mark Taylor Men Blue & Light Brown Striped Shirt
12104,12104,data/raw/fashion-product-images-small/images/12104.jpg,Apparel,Topwear,Kurtis,Brown,W Women Printed Brown Kurtis
17946,17946,data/raw/fashion-product-images-small/images/17946.jpg,Apparel,Bottomwear,Track Pants,Navy Blue,Puma Men South Africa  Navy Blue Track Pant
16729,16729,data/raw/fashion-product-images-small/images/16729.jpg,Footwear,Flip Flops,Flip Flops,Navy Blue,Lotto Men Mega Sport Navy Blue Slipper
15020,15020,data/raw/fashion-product-images-small/images/15020.jpg,Apparel,Topwear,Jackets,Maroon,ADIDAS Men Solid Maroon Jackets
10873,10873,data/raw/fashion-product-images-small/images/10873.jpg,Apparel,Topwear,Tshirts,Grey,Wrangler Men Wrangler Station Grey T-Shirts
10243,10243,data/raw/fashion-product-images-small/images/10243.jpg,Accessories,Bags,Handbags,Red,Murcia Women Emma Red Handbags
6998,6998,data/raw/fashion-product-images-small/images/6998.jpg,Apparel,Topwear,Tshirts,Grey,Classic Polo Men's Wat Duh Pho Grey T-shirt
16344,16344,data/raw/fashion-product-images-small/images/16344.jpg,Apparel,Topwear,Shirts,Blue,Peter England Men Stripes Blue Shirt
38608,38608,data/raw/fashion-product-images-small/images/38608.jpg,Apparel,Topwear,Tshirts,Grey,Nike Men Grey T-shirt
50945,50945,data/raw/fashion-product-images-small/images/50945.jpg,Apparel,Bottomwear,Jeans,Blue,Lee Womens Blue Maxi Fit Jeans
54127,54127,data/raw/fashion-product-images-small/images/54127.jpg,Footwear,Shoes,Heels,Black,Rocia Women Black Heels
40589,40589,data/raw/fashion-product-images-small/images/40589.jpg,Apparel,Topwear,Kurtas,White,Aurelia Women Printed White Kurta
11515,11515,data/raw/fashion-product-images-small/images/11515.jpg,Footwear,Shoes,Heels,Black,Catwalk Women Lifestyle Black Heels
8206,8206,data/raw/fashion-product-images-small/images/8206.jpg,Apparel,Topwear,Tshirts,Brown,Locomotive Men Solid Langston Brown T-Shirts
32517,32517,data/raw/fashion-product-images-small/images/32517.jpg,Footwear,Sandal,Sandals,Brown,Franco Leone Men Brown Sandals
42514,42514,data/raw/fashion-product-images-small/images/42514.jpg,Apparel,Topwear,Kurtis,Blue,Mother Earth Women Blue Kurti
59675,59675,data/raw/fashion-product-images-small/images/59675.jpg,Footwear,Shoes,Flats,Charcoal,Rocia Women Charcoal & Teal Flats
24684,24684,data/raw/fashion-product-images-small/images/24684.jpg,Apparel,Topwear,Shirts,Navy Blue,Highlander Men Navy Blue Check Shirt
33027,33027,data/raw/fashion-product-images-small/images/33027.jpg,Apparel,Topwear,Kurtas,Blue,Mother Earth Women Printed Blue Kurta
3538,3538,data/raw/fashion-product-images-small/images/3538.jpg,Apparel,Topwear,Tshirts,Black,Myntra Mens Octopus Black T-shirt
40063,40063,data/raw/fashion-product-images-small/images/40063.jpg,Accessories,Headwear,Caps,Blue,ADIDAS Unisex Blue Cap
41028,41028,data/raw/fashion-product-images-small/images/41028.jpg,Accessories,Headwear,Caps,Olive,Lee Men Olive Cap
17201,17201,data/raw/fashion-product-images-small/images/17201.jpg,Apparel,Topwear,Sweaters,Navy Blue,U.S. Polo Assn. Men Stripes Navy Blue Sweater
52077,52077,data/raw/fashion-product-images-small/images/52077.jpg,Apparel,Topwear,Tshirts,Blue,Myntra Men Blue & Green T-shirt
50976,50976,data/raw/fashion-product-images-small/images/50976.jpg,Apparel,Innerwear,Bra,Pink,Enamor Petal Pink Bra
27928,27928,data/raw/fashion-product-images-small/images/27928.jpg,Apparel,Bottomwear,Trousers,Beige,Scullers For Her Beige Trouser
24704,24704,data/raw/fashion-product-images-small/images/24704.jpg,Footwear,Flip Flops,Flip Flops,Black,Puma Men Black Flip Flops
34742,34742,data/raw/fashion-product-images-small/images/34742.jpg,Footwear,Shoes,Casual Shoes,Black,Puma Men Vedano Black Shoes
7285,7285,data/raw/fashion-product-images-small/images/7285.jpg,Apparel,Topwear,Tshirts,Green,DC Comics Men's Son of Krypton T-shirt
5701,5701,data/raw/fashion-product-images-small/images/5701.jpg,Footwear,Shoes,Casual Shoes,Black,Skechers Men's Flaunted Black Shoe
48535,48535,data/raw/fashion-product-images-small/images/48535.jpg,Accessories,Headwear,Caps,Blue,Wrangler Men Blue Denim Cap
15912,15912,data/raw/fashion-product-images-small/images/15912.jpg,Apparel,Topwear,Shirts,Blue,Black Coffee Men Stripes Blue Shirt
28712,28712,data/raw/fashion-product-images-small/images/28712.jpg,Apparel,Topwear,Kurtas,Blue,W Women Printed Blue Kurta
35315,35315,data/raw/fashion-product-images-small/images/35315.jpg,Accessories,Jewellery,Earrings,Silver,Fabindia Women Anusuya Silver Earrings
58722,58722,data/raw/fashion-product-images-small/images/58722.jpg,Apparel,Topwear,Tshirts,White,Puma Men Blue & White T-shirt
2035,2035,data/raw/fashion-product-images-small/images/2035.jpg,Apparel,Topwear,Tshirts,Black,ADIDAS Mens Round Neck Black T-shirt
12186,12186,data/raw/fashion-product-images-small/images/12186.jpg,Apparel,Topwear,Shirts,Blue,Basics Men Blue Slim Fit Checked Shirt
19482,19482,data/raw/fashion-product-images-small/images/19482.jpg,Apparel,Topwear,Tshirts,Navy Blue,Puma Men GP Buddh Logo Polo Navy Blue Tshirts
3081,3081,data/raw/fashion-product-images-small/images/3081.jpg,Apparel,Topwear,Tshirts,Grey,Probase Men's Bike Grey T-shirt
7121,7121,data/raw/fashion-product-images-small/images/7121.jpg,Accessories,Bags,Backpacks,Black,Wildcraft Unisex Black & Grey Solstice Backpack
39636,39636,data/raw/fashion-product-images-small/images/39636.jpg,Footwear,Shoes,Sports Shoes,White,Lotto Men White Sports Shoes
9537,9537,data/raw/fashion-product-images-small/images/9537.jpg,Apparel,Topwear,Tshirts,Black,Nike Men As Goaline Ss Black T-Shirts
47037,47037,data/raw/fashion-product-images-small/images/47037.jpg,Apparel,Topwear,Kurtas,Green,Shree Women Green & Red Embroidered Kurta
46351,46351,data/raw/fashion-product-images-small/images/46351.jpg,Apparel,Topwear,Shirts,White,Locomotive Men White Shirt
23024,23024,data/raw/fashion-product-images-small/images/23024.jpg,Apparel,Topwear,Tunics,Pink,Global Desi Women Pink Tunic
2241,2241,data/raw/fashion-product-images-small/images/2241.jpg,Apparel,Topwear,Tshirts,Green,ADIDAS Men Green T-shirt
20100,20100,data/raw/fashion-product-images-small/images/20100.jpg,Apparel,Topwear,Kurtas,Mustard,Diva Women Embroided Mustard Kurta
48382,48382,data/raw/fashion-product-images-small/images/48382.jpg,Apparel,Bottomwear,Jeans,Blue,French Connection Men Blue Jeans
2706,2706,data/raw/fashion-product-images-small/images/2706.jpg,Apparel,Topwear,Tops,Pink,Disney Kids Girl's Pink Pooh Kidswear
52943,52943,data/raw/fashion-product-images-small/images/52943.jpg,Apparel,Saree,Sarees,Yellow,FNF Yellow Sari
34466,34466,data/raw/fashion-product-images-small/images/34466.jpg,Accessories,Bags,Backpacks,Pink,ADIDAS Women Polyester Pink Backpack
49873,49873,data/raw/fashion-product-images-small/images/49873.jpg,Accessories,Watches,Watches,Silver,Q&Q Women Silver Dial Watch
13992,13992,data/raw/fashion-product-images-small/images/13992.jpg,Footwear,Shoes,Sports Shoes,Grey,Puma Women Body Train Grey Sports Shoes
20106,20106,data/raw/fashion-product-images-small/images/20106.jpg,Apparel,Topwear,Kurtas,Beige,Diva Women Printed Beige Kurta
51402,51402,data/raw/fashion-product-images-small/images/51402.jpg,Apparel,Topwear,Shirts,Blue,Myntra Men Light Blue Shirt
39384,39384,data/raw/fashion-product-images-small/images/39384.jpg,Apparel,Bottomwear,Jeans,Blue,Peter England Men Blue Jeans
7826,7826,data/raw/fashion-product-images-small/images/7826.jpg,Footwear,Shoes,Sports Shoes,White,Puma Women Future Cat Remix White Blue Shoe
34212,34212,data/raw/fashion-product-images-small/images/34212.jpg,Apparel,Topwear,Tshirts,Grey,Proline Men Grey T-shirt
27026,27026,data/raw/fashion-product-images-small/images/27026.jpg,Apparel,Bottomwear,Shorts,Blue,Jealous 21 Women Blue Cropped Denim Shorts
10164,10164,data/raw/fashion-product-images-small/images/10164.jpg,Accessories,Watches,Watches,Green,Carrera Men Green strap witrh green dial Green Watches
56693,56693,data/raw/fashion-product-images-small/images/56693.jpg,Apparel,Topwear,Kurtas,Blue,Fabindia Men Blue Kurta
50981,50981,data/raw/fashion-product-images-small/images/50981.jpg,Apparel,Loungewear and Nightwear,Nightdress,Brown,Enamor Women Brown Nightdress
56208,56208,data/raw/fashion-product-images-small/images/56208.jpg,Accessories,Jewellery,Pendant,Gold,Estelle Women Gold Pendant
6747,6747,data/raw/fashion-product-images-small/images/6747.jpg,Footwear,Shoes,Sports Shoes,White,Nike Men's Streetgato White Shoe
24383,24383,data/raw/fashion-product-images-small/images/24383.jpg,Apparel,Topwear,Kurtas,Turquoise Blue,Folklore Women Turquoise Blue Printed Kurta
12994,12994,data/raw/fashion-product-images-small/images/12994.jpg,Footwear,Shoes,Sports Shoes,Black,ADIDAS Kids Boys Duramo Synthetic Black Sports Shoes
10459,10459,data/raw/fashion-product-images-small/images/10459.jpg,Apparel,Topwear,Tshirts,Pink,Flying Machine Men Fuschia Pink Tshirts
56828,56828,data/raw/fashion-product-images-small/images/56828.jpg,Apparel,Bottomwear,Jeans,Blue,John Players Men Blue Slim Fit Jeans
44215,44215,data/raw/fashion-product-images-small/images/44215.jpg,Footwear,Flip Flops,Flip Flops,Red,iPanema Women Red Flip Flops
15475,15475,data/raw/fashion-product-images-small/images/15475.jpg,Apparel,Topwear,Tshirts,Blue,Puma Men Logo Blue Tshirts
37329,37329,data/raw/fashion-product-images-small/images/37329.jpg,Accessories,Watches,Watches,White,Casio Sheen Women White Dial Watch SX048
18168,18168,data/raw/fashion-product-images-small/images/18168.jpg,Apparel,Dress,Dresses,Pink,Doodle Kids Girls Party Frock Pink Dress
2195,2195,data/raw/fashion-product-images-small/images/2195.jpg,Apparel,Bottomwear,Capris,Black,ADIDAS Women Black Capris
51225,51225,data/raw/fashion-product-images-small/images/51225.jpg,Apparel,Topwear,Tunics,Multi,Satya Paul Women Multi Coloured Georgette Printed Tunic
19616,19616,data/raw/fashion-product-images-small/images/19616.jpg,Apparel,Topwear,Tops,Yellow,United Colors of Benetton Women Solid Yellow Top
4583,4583,data/raw/fashion-product-images-small/images/4583.jpg,Accessories,Bags,Backpacks,Grey,Wildcraft Unisex Grey Backpack
33234,33234,data/raw/fashion-product-images-small/images/33234.jpg,Apparel,Topwear,Shirts,Grey,Arrow Men Auto Press Grey Shirt
25276,25276,data/raw/fashion-product-images-small/images/25276.jpg,Accessories,Bags,Handbags,Red,Lino Perros Women Leatherite Red Handbag
59912,59912,data/raw/fashion-product-images-small/images/59912.jpg,Apparel,Topwear,Kurtas,Multi,Diva Women Multi Coloured Kurt
28436,28436,data/raw/fashion-product-images-small/images/28436.jpg,Accessories,Watches,Watches,Silver,DKNY Women Silver-Toned Chronograph Watch NY8099
26988,26988,data/raw/fashion-product-images-small/images/26988.jpg,Apparel,Bottomwear,Jeggings,Blue,Jealous 21 Women Blue Jeggings
53964,53964,data/raw/fashion-product-images-small/images/53964.jpg,Accessories,Bags,Handbags,Black,Kiara Women Black Handbag
18775,18775,data/raw/fashion-product-images-small/images/18775.jpg,Accessories,Ties,Ties,Purple,Peter England Men Elite Purple Tie
10246,10246,data/raw/fashion-product-images-small/images/10246.jpg,Accessories,Bags,Handbags,Brown,Murcia Women Zoe Brown Handbags
22948,22948,data/raw/fashion-product-images-small/images/22948.jpg,Accessories,Watches,Watches,White,Fastrack Unisex White Dial Watch 9915PP09
26433,26433,data/raw/fashion-product-images-small/images/26433.jpg,Accessories,Bags,Handbags,Black,Spice Art Women Leatherette Black Handbag
54384,54384,data/raw/fashion-product-images-small/images/54384.jpg,Accessories,Bags,Handbags,Olive,Baggit Women Olive Green Handbag
30778,30778,data/raw/fashion-product-images-small/images/30778.jpg,Apparel,Topwear,Kurtas,Green,Fabindia Men Khadi Green Kurta
34291,34291,data/raw/fashion-product-images-small/images/34291.jpg,Apparel,Topwear,Dupatta,Green,Fabindia Women Green Chanderi Dupatta
10017,10017,data/raw/fashion-product-images-small/images/10017.jpg,Apparel,Topwear,Jackets,Blue,Nike Women As The Windru Blue Jackets
45261,45261,data/raw/fashion-product-images-small/images/45261.jpg,Accessories,Watches,Watches,Red,Casio G-SHOCK Men Black Dial Analogue & Digital Watch G220
8530,8530,data/raw/fashion-product-images-small/images/8530.jpg,Footwear,Shoes,Sports Shoes,Black,Nike Men Nike air relentless Black Sports Shoes
6633,6633,data/raw/fashion-product-images-small/images/6633.jpg,Apparel,Topwear,Shirts,Black,UCB Men Ben Logo Chest Black Shirt
36433,36433,data/raw/fashion-product-images-small/images/36433.jpg,Footwear,Shoes,Casual Shoes,Black,Spinn Men Conniver Black Shoes
8831,8831,data/raw/fashion-product-images-small/images/8831.jpg,Apparel,Topwear,Tshirts,Navy Blue,Spykar Men Navy Blue Polo T-Shirts
2965,2965,data/raw/fashion-product-images-small/images/2965.jpg,Footwear,Shoes,Casual Shoes,White,Puma Men's Excurse White Spectrum Blue Shoe
8917,8917,data/raw/fashion-product-images-small/images/8917.jpg,Accessories,Belts,Belts,Brown,Puma Men Heritage Brown Belt
28884,28884,data/raw/fashion-product-images-small/images/28884.jpg,Apparel,Innerwear,Briefs,Pink,Enamor Women Pink Low-Rise Bikini Brief
13783,13783,data/raw/fashion-product-images-small/images/13783.jpg,Apparel,Bottomwear,Trousers,Khaki,Belmonte Men Solid Khaki Trousers
48610,48610,data/raw/fashion-product-images-small/images/48610.jpg,Accessories,Jewellery,Earrings,Silver,Lucera Women Silver Earrings
54546,54546,data/raw/fashion-product-images-small/images/54546.jpg,Accessories,Bags,Handbags,Blue,Lino Perros Women Blue Handbag
21610,21610,data/raw/fashion-product-images-small/images/21610.jpg,Apparel,Innerwear,Bra,Black,Enamor Women Smooth Black Bra
56672,56672,data/raw/fashion-product-images-small/images/56672.jpg,Accessories,Watches,Watches,White,Maxima Men White Dial Chronograph Watch
18909,18909,data/raw/fashion-product-images-small/images/18909.jpg,Footwear,Flip Flops,Flip Flops,Black,ADIDAS Men Adi Linear Black Slippers
12673,12673,data/raw/fashion-product-images-small/images/12673.jpg,Apparel,Bottomwear,Trousers,Beige,Probase Men Solid Beige Cargos
47375,47375,data/raw/fashion-product-images-small/images/47375.jpg,Accessories,Bags,Handbags,Brown,Baggit Women Brown Handbag
55647,55647,data/raw/fashion-product-images-small/images/55647.jpg,Footwear,Shoes,Heels,Turquoise Blue,Catwalk Women Turquoise Blue Flats
42877,42877,data/raw/fashion-product-images-small/images/42877.jpg,Accessories,Wallets,Wallets,Maroon,French Connection Women Maroon Wallet
22245,22245,data/raw/fashion-product-images-small/images/22245.jpg,Footwear,Shoes,Casual Shoes,Brown,ID Men Brown Casual Shoes
38375,38375,data/raw/fashion-product-images-small/images/38375.jpg,Accessories,Belts,Belts,Brown,Peter England Men Brown Belt
59696,59696,data/raw/fashion-product-images-small/images/59696.jpg,Apparel,Innerwear,Briefs,Cream,Avirate Cream Brief
47395,47395,data/raw/fashion-product-images-small/images/47395.jpg,Accessories,Bags,Handbags,Green,Baggit Women Green Handbag
15964,15964,data/raw/fashion-product-images-small/images/15964.jpg,Apparel,Topwear,Jackets,Khaki,Turtle Solid Men Khaki Jacket
29453,29453,data/raw/fashion-product-images-small/images/29453.jpg,Accessories,Watches,Watches,White,Giordano Men White Dial Watch
21425,21425,data/raw/fashion-product-images-small/images/21425.jpg,Apparel,Topwear,Tops,Pink,Roxy Women Pink Top
39819,39819,data/raw/fashion-product-images-small/images/39819.jpg,Footwear,Sandal,Sandals,Brown,Red Tape Men Brown Sandals
12557,12557,data/raw/fashion-product-images-small/images/12557.jpg,Apparel,Topwear,Tshirts,Red,Tantra Men Red Printed T-shirt
5829,5829,data/raw/fashion-product-images-small/images/5829.jpg,Apparel,Topwear,Tshirts,Blue,ADIDAS Men's Prt Blue T-shirt
11301,11301,data/raw/fashion-product-images-small/images/11301.jpg,Apparel,Bottomwear,Jeans,Blue,Wrangler Women Blue Custom Jeans
7158,7158,data/raw/fashion-product-images-small/images/7158.jpg,Apparel,Topwear,Shirts,Green,Scullers Men  Green Check Shirt
12992,12992,data/raw/fashion-product-images-small/images/12992.jpg,Footwear,Shoes,Sports Shoes,Silver,ADIDAS Kids Unisex HyperRun Silver Sports Shoes
52092,52092,data/raw/fashion-product-images-small/images/52092.jpg,Apparel,Topwear,Tshirts,Blue,Myntra Women Blue T-shirt
2890,2890,data/raw/fashion-product-images-small/images/2890.jpg,Footwear,Shoes,Heels,Brown,Catwalk Women Leather Brown Cut Flats
17954,17954,data/raw/fashion-product-images-small/images/17954.jpg,Accessories,Headwear,Caps,Blue,Nike Unisex Cuffed Beanie Blue Skull Cap
2014,2014,data/raw/fashion-product-images-small/images/2014.jpg,Apparel,Topwear,Tshirts,Yellow,ADIDAS Men's Classic Yellow Polo T-shirt
48328,48328,data/raw/fashion-product-images-small/images/48328.jpg,Accessories,Bags,Handbags,Pink,Pitaraa Women Pink Sling Bag
11571,11571,data/raw/fashion-product-images-small/images/11571.jpg,Apparel,Topwear,Kurtas,Purple,W Women Printed Purple Kurtas
7778,7778,data/raw/fashion-product-images-small/images/7778.jpg,Footwear,Shoes,Casual Shoes,Navy Blue,Converse Men's Chuck Slip Navy Canvas Shoe
45414,45414,data/raw/fashion-product-images-small/images/45414.jpg,Footwear,Shoes,Flats,Black,Rocia Women Black Sandals
22202,22202,data/raw/fashion-product-images-small/images/22202.jpg,Apparel,Topwear,Jackets,Blue,Timberland Men Bonded Fleece Full Zip Blue Jacket
14780,14780,data/raw/fashion-product-images-small/images/14780.jpg,Apparel,Topwear,Shirts,Navy Blue,Arrow Men Solid Navy Blue Slim Fit Shirt
47524,47524,data/raw/fashion-product-images-small/images/47524.jpg,Apparel,Innerwear,Briefs,Red,Facit Men Red Brief
21126,21126,data/raw/fashion-product-images-small/images/21126.jpg,Apparel,Topwear,Shirts,White,s.Oliver Women White Shirt
41243,41243,data/raw/fashion-product-images-small/images/41243.jpg,Accessories,Belts,Belts,Black,Arrow Men Black Belt
58286,58286,data/raw/fashion-product-images-small/images/58286.jpg,Apparel,Innerwear,Briefs,Grey Melange,Bwitch Women Grey Melange Briefs
6572,6572,data/raw/fashion-product-images-small/images/6572.jpg,Apparel,Topwear,Tshirts,Black,Nike Men's Challenger Logo Black T-shirt
39365,39365,data/raw/fashion-product-images-small/images/39365.jpg,Accessories,Watches,Watches,White,Timex Helix Women White Dial Watch
2369,2369,data/raw/fashion-product-images-small/images/2369.jpg,Footwear,Shoes,Casual Shoes,Brown,Red Tape Casual Brown Men's Shoe
26895,26895,data/raw/fashion-product-images-small/images/26895.jpg,Apparel,Topwear,Tops,Lavender,Jealous 21 Women Lavender Printed Top
33630,33630,data/raw/fashion-product-images-small/images/33630.jpg,Accessories,Bags,Handbags,Beige,Lino Perros Women Beige Handbag
31310,31310,data/raw/fashion-product-images-small/images/31310.jpg,Apparel,Topwear,Kurtas,White,W Women White Printed Kurta
20158,20158,data/raw/fashion-product-images-small/images/20158.jpg,Apparel,Topwear,Shirts,Blue,Wrangler Men Festa Blue Shirt
6197,6197,data/raw/fashion-product-images-small/images/6197.jpg,Apparel,Topwear,Tshirts,Green,UCB Men's Logo Chest Green T-shirt
9548,9548,data/raw/fashion-product-images-small/images/9548.jpg,Apparel,Topwear,Tshirts,Grey,Nike Men Grey Polo Tshirts
5569,5569,data/raw/fashion-product-images-small/images/5569.jpg,Footwear,Shoes,Sports Shoes,Grey,Nike Women Zoom Vomero Grey Purple White Shoe
46414,46414,data/raw/fashion-product-images-small/images/46414.jpg,Apparel,Bottomwear,Trousers,Black,ADIDAS Men Black Trousers
5628,5628,data/raw/fashion-product-images-small/images/5628.jpg,Footwear,Flip Flops,Flip Flops,Black,ADIDAS Men's Adi Slide Black Yellow Flip Flop
22056,22056,data/raw/fashion-product-images-small/images/22056.jpg,Apparel,Topwear,Kurtas,Blue,Vishudh Women Printed Blue Kurta
27917,27917,data/raw/fashion-product-images-small/images/27917.jpg,Apparel,Bottomwear,Trousers,Brown,Scullers For Her Brown Striped Trousers
27783,27783,data/raw/fashion-product-images-small/images/27783.jpg,Accessories,Wallets,Wallets,Black,Bulchee Men Black Wallet
8205,8205,data/raw/fashion-product-images-small/images/8205.jpg,Apparel,Topwear,Tshirts,Navy Blue,Locomotive Men Stripe Langley Navy Blue T-Shirts
28319,28319,data/raw/fashion-product-images-small/images/28319.jpg,Footwear,Sandal,Sandals,Brown,RTV_LoadTest
30083,30083,data/raw/fashion-product-images-small/images/30083.jpg,Accessories,Watches,Watches,Silver,Ed Hardy Women Silver Dial Watch
18271,18271,data/raw/fashion-product-images-small/images/18271.jpg,Apparel,Topwear,Kurtas,Blue,Aneri Women Blue Kurta
48763,48763,data/raw/fashion-product-images-small/images/48763.jpg,Accessories,Jewellery,Jewellery Set,White,Miki Pearl Women Ivory Jewellery Set
22310,22310,data/raw/fashion-product-images-small/images/22310.jpg,Footwear,Shoes,Heels,Gold,Inc. 5 Women Casual Golden Flats
29762,29762,data/raw/fashion-product-images-small/images/29762.jpg,Accessories,Watches,Watches,Brown,Fossil Men Brown Dial Chronograph Watch CH2727
28121,28121,data/raw/fashion-product-images-small/images/28121.jpg,Apparel,Innerwear,Briefs,Navy Blue,Jockey MC Mens Navy Blue Pack of two Briefs 8003
11733,11733,data/raw/fashion-product-images-small/images/11733.jpg,Apparel,Topwear,Tshirts,Green,Lee Men Stripes Green T-shirt
18036,18036,data/raw/fashion-product-images-small/images/18036.jpg,Accessories,Bags,Handbags,Red,Lino Perros Women Solid Red Handbag
34079,34079,data/raw/fashion-product-images-small/images/34079.jpg,Footwear,Shoes,Casual Shoes,Brown,Clarks Men Sentry Cry Mahogany Leather Brown Shoes
49064,49064,data/raw/fashion-product-images-small/images/49064.jpg,Accessories,Bags,Handbags,Red,Lino Perros Women Red Handbag
18048,18048,data/raw/fashion-product-images-small/images/18048.jpg,Accessories,Wallets,Wallets,Grey,Lino Perros Women Sequin Grey Wallet
13232,13232,data/raw/fashion-product-images-small/images/13232.jpg,Apparel,Topwear,Tshirts,Orange,Palm Tree Kids Boys Printed Orange Tshirts
26796,26796,data/raw/fashion-product-images-small/images/26796.jpg,Apparel,Topwear,Shirts,Blue,Arrow Men Blue Striped Shirt
51502,51502,data/raw/fashion-product-images-small/images/51502.jpg,Apparel,Bottomwear,Jeans,Blue,Denizen Women Greenish Blue Jeans
23279,23279,data/raw/fashion-product-images-small/images/23279.jpg,Accessories,Watches,Watches,Blue,Maxima Ssteele Men Blue Watch
15099,15099,data/raw/fashion-product-images-small/images/15099.jpg,Apparel,Topwear,Kurtas,Green,Mother Earth Women Printed Green Kurtas
50589,50589,data/raw/fashion-product-images-small/images/50589.jpg,Apparel,Innerwear,Briefs,Navy Blue,Chromozome Men Navy Blue Briefs
4267,4267,data/raw/fashion-product-images-small/images/4267.jpg,Footwear,Shoes,Sports Shoes,White,Nike Men's Mercurial White Shoe
32160,32160,data/raw/fashion-product-images-small/images/32160.jpg,Accessories,Socks,Socks,Blue,Playboy Women Playmate Blue Ankle Socks
15851,15851,data/raw/fashion-product-images-small/images/15851.jpg,Footwear,Sandal,Sandals,Red,Warner Bros Kids Unisex TJ Playlogs Red Sandals
37798,37798,data/raw/fashion-product-images-small/images/37798.jpg,Apparel,Topwear,Shirts,White,John Players Men Striped White Shirt
36897,36897,data/raw/fashion-product-images-small/images/36897.jpg,Accessories,Watches,Watches,Silver,Fossil Men Silver Dial Chronograph Watch FS4543
43192,43192,data/raw/fashion-product-images-small/images/43192.jpg,Accessories,Watches,Watches,Pink,Fastrack Women Pink Dial Watch
51537,51537,data/raw/fashion-product-images-small/images/51537.jpg,Accessories,Watches,Watches,Silver,Fastrack Women Silver-Toned Dial Watch 9827pp06
14066,14066,data/raw/fashion-product-images-small/images/14066.jpg,Apparel,Topwear,Tshirts,Green,Flying Machine Men Pack Of 2 Stripes Green Tshirts
5084,5084,data/raw/fashion-product-images-small/images/5084.jpg,Apparel,Topwear,Tshirts,Black,Wrangler Men's Motel Color Black T-shirt
3517,3517,data/raw/fashion-product-images-small/images/3517.jpg,Apparel,Topwear,Tshirts,Yellow,Myntra Men's Not Tonight Ladies Yellow T-shirt
3127,3127,data/raw/fashion-product-images-small/images/3127.jpg,Apparel,Topwear,Tshirts,Green,Inkfruit Men's Seven Deadly Green T-shirt
45298,45298,data/raw/fashion-product-images-small/images/45298.jpg,Accessories,Watches,Watches,Black,Casio SHEEN Women Chronograph Watch SX046 SHE-3802D-1ADR
52393,52393,data/raw/fashion-product-images-small/images/52393.jpg,Apparel,Loungewear and Nightwear,Nightdress,Grey,Red Rose Women Grey Nightdress
20017,20017,data/raw/fashion-product-images-small/images/20017.jpg,Apparel,Topwear,Shirts,Red,United Colors of Benetton Men Check Red Shirt
14955,14955,data/raw/fashion-product-images-small/images/14955.jpg,Apparel,Topwear,Tshirts,Charcoal,Status Quo Men Printed Charcoal Tshirts
3766,3766,data/raw/fashion-product-images-small/images/3766.jpg,Apparel,Topwear,Tshirts,Red,Status Quo Men's Unplugged Red T-shirt
12430,12430,data/raw/fashion-product-images-small/images/12430.jpg,Footwear,Shoes,Casual Shoes,Blue,Timberland Men Casual Blue Casual Shoes
21178,21178,data/raw/fashion-product-images-small/images/21178.jpg,Footwear,Flip Flops,Flip Flops,Blue,ADIDAS Men Classroom Blue Flip Flops
49515,49515,data/raw/fashion-product-images-small/images/49515.jpg,Accessories,Watches,Watches,Black,Police Men Black Dial Watch PL12897JS-02M
46804,46804,data/raw/fashion-product-images-small/images/46804.jpg,Footwear,Shoes,Sports Shoes,Grey,Nike Women Grey Sports Shoes
16496,16496,data/raw/fashion-product-images-small/images/16496.jpg,Apparel,Topwear,Tshirts,Red,Locomotive Men Printed Red TShirt
50549,50549,data/raw/fashion-product-images-small/images/50549.jpg,Apparel,Innerwear,Briefs,Charcoal,Chromozome Men Pack of Two Briefs
19010,19010,data/raw/fashion-product-images-small/images/19010.jpg,Apparel,Topwear,Tshirts,Blue,ADIDAS Originals Women F Sleek Trf Blue T-Shirt
23724,23724,data/raw/fashion-product-images-small/images/23724.jpg,Accessories,Eyewear,Sunglasses,Steel,Ray-Ban Men High Street Steel Sunglasses
50178,50178,data/raw/fashion-product-images-small/images/50178.jpg,Footwear,Shoes,Heels,Red,Rocia Women Red Wedges
32830,32830,data/raw/fashion-product-images-small/images/32830.jpg,Footwear,Shoes,Heels,Gold,iPanema Women Kirey Gold Flats
21910,21910,data/raw/fashion-product-images-small/images/21910.jpg,Apparel,Apparel Set,Kurta Sets,Red,Biba Women Red Printed Churidar Kurta with Dupatta
38390,38390,data/raw/fashion-product-images-small/images/38390.jpg,Apparel,Topwear,Tshirts,White,ADIDAS Men White Mumbai Indians Print T-shirt
19976,19976,data/raw/fashion-product-images-small/images/19976.jpg,Apparel,Topwear,Tshirts,Green,United Colors of Benetton Men Printed Green TShirt
53383,53383,data/raw/fashion-product-images-small/images/53383.jpg,Footwear,Shoes,Heels,Black,Puma Women Black Sandals
14885,14885,data/raw/fashion-product-images-small/images/14885.jpg,Accessories,Bags,Handbags,Grey,United Colors of Benetton Women Solid Grey Handbags
10711,10711,data/raw/fashion-product-images-small/images/10711.jpg,Apparel,Topwear,Tshirts,White,Nike Women White Casual T-shirt
48588,48588,data/raw/fashion-product-images-small/images/48588.jpg,Accessories,Jewellery,Bracelet,Silver,Lucera Women Silver Bracelet
40447,40447,data/raw/fashion-product-images-small/images/40447.jpg,Footwear,Shoes,Formal Shoes,Brown,Red Tape Men Brown Shoes
3441,3441,data/raw/fashion-product-images-small/images/3441.jpg,Apparel,Topwear,Tshirts,Blue,Delhi Daredevils Womens Match Jersey
18215,18215,data/raw/fashion-product-images-small/images/18215.jpg,Accessories,Socks,Socks,Black,Manchester United Men Solid Black Socks
17845,17845,data/raw/fashion-product-images-small/images/17845.jpg,Footwear,Shoes,Sports Shoes,White,Nike Men T90 Shoot I\/ HG-B White Sports Shoe
22033,22033,data/raw/fashion-product-images-small/images/22033.jpg,Apparel,Topwear,Kurtas,Olive,Vishudh Women Printed Olive Green Kurta
22284,22284,data/raw/fashion-product-images-small/images/22284.jpg,Footwear,Shoes,Heels,Gold,Inc. 5 Women Casual Golden Heels
42632,42632,data/raw/fashion-product-images-small/images/42632.jpg,Accessories,Jewellery,Bracelet,Gold,Estelle Women Bracelet
21348,21348,data/raw/fashion-product-images-small/images/21348.jpg,Accessories,Eyewear,Sunglasses,Silver,Pal Zileri Men Casual Metal Frame Sunglasses
44454,44454,data/raw/fashion-product-images-small/images/44454.jpg,Footwear,Shoes,Heels,Black,Senorita Women Black Sandals
5468,5468,data/raw/fashion-product-images-small/images/5468.jpg,Footwear,Shoes,Sports Shoes,White,Nike Men's Lunareclipse White Shoe
18977,18977,data/raw/fashion-product-images-small/images/18977.jpg,Apparel,Topwear,Tshirts,Orange,ADIDAS Originals Men Adi Trefoil Orange Tshirt
10737,10737,data/raw/fashion-product-images-small/images/10737.jpg,Accessories,Bags,Handbags,Black,Murcia Women Hmzaab Black Handbags
6804,6804,data/raw/fashion-product-images-small/images/6804.jpg,Footwear,Shoes,Casual Shoes,Brown,Timberland Men's Driver Venetian Brown Shoe
8390,8390,data/raw/fashion-product-images-small/images/8390.jpg,Apparel,Topwear,Tshirts,Navy Blue,ADIDAS Men Ess 3s F Tee Navy Blue T-Shirts
23225,23225,data/raw/fashion-product-images-small/images/23225.jpg,Apparel,Topwear,Kurtas,Pink,Aneri Women Tibett Pink Kurta
20581,20581,data/raw/fashion-product-images-small/images/20581.jpg,Accessories,Bags,Mobile Pouch,Black,Baggit Women Angel Rosy Black Mobile Pouch
57176,57176,data/raw/fashion-product-images-small/images/57176.jpg,Apparel,Topwear,Tops,Cream,Elle Cream Printed T-shirt
20733,20733,data/raw/fashion-product-images-small/images/20733.jpg,Footwear,Shoes,Heels,Grey,Enroute Women Grey Heels
38748,38748,data/raw/fashion-product-images-small/images/38748.jpg,Accessories,Bags,Backpacks,Black,Nike Unisex Black Backpack
9273,9273,data/raw/fashion-product-images-small/images/9273.jpg,Footwear,Shoes,Sports Shoes,White,Nike Men Main Draw White Shoe
49895,49895,data/raw/fashion-product-images-small/images/49895.jpg,Accessories,Watches,Watches,White,Q&Q Kids Unisex White Dial Analog Watch
21752,21752,data/raw/fashion-product-images-small/images/21752.jpg,Accessories,Bags,Handbags,Black,Kiara Women Glossy Black Handbag
51806,51806,data/raw/fashion-product-images-small/images/51806.jpg,Apparel,Loungewear and Nightwear,Nightdress,Green,Bwitch Mint Green Nightdress
11873,11873,data/raw/fashion-product-images-small/images/11873.jpg,Footwear,Shoes,Formal Shoes,Black,Franco Leone Men Formal Black Formal Shoes
12932,12932,data/raw/fashion-product-images-small/images/12932.jpg,Apparel,Topwear,Tshirts,Pink,Classic Polo Men Insignia Pink Tshirts
40496,40496,data/raw/fashion-product-images-small/images/40496.jpg,Apparel,Topwear,Tops,Olive,Femella Women Olive Spaghetti Top
38532,38532,data/raw/fashion-product-images-small/images/38532.jpg,Footwear,Shoes,Sports Shoes,Black,Puma Women Black Sports Shoes
7776,7776,data/raw/fashion-product-images-small/images/7776.jpg,Footwear,Shoes,Casual Shoes,Navy Blue,Converse Men's Chuck Slip Navy Red Canvas Shoe
6009,6009,data/raw/fashion-product-images-small/images/6009.jpg,Apparel,Topwear,Shirts,Blue,Highlander Men White Blue Checked Slim Fit Shirt
16609,16609,data/raw/fashion-product-images-small/images/16609.jpg,Apparel,Bottomwear,Trousers,Grey,Genesis Men Stripes Grey Trouser
57068,57068,data/raw/fashion-product-images-small/images/57068.jpg,Apparel,Topwear,Jackets,Blue,Elle Women Navy Blue Jacket
12158,12158,data/raw/fashion-product-images-small/images/12158.jpg,Apparel,Bottomwear,Leggings,Navy Blue,Aurelia Women Solid Navy Blue Leggings
48704,48704,data/raw/fashion-product-images-small/images/48704.jpg,Accessories,Jewellery,Earrings,Silver,Lucera Women Silver Earrings
17299,17299,data/raw/fashion-product-images-small/images/17299.jpg,Accessories,Socks,Socks,Black,Puma Men Pack of 3 Sports Socks
48418,48418,data/raw/fashion-product-images-small/images/48418.jpg,Apparel,Topwear,Tshirts,Charcoal,French Connection Men Charcoal Printed T-shirt
58685,58685,data/raw/fashion-product-images-small/images/58685.jpg,Apparel,Topwear,Kurtas,Black,ALayna Women Black Kurta
16226,16226,data/raw/fashion-product-images-small/images/16226.jpg,Apparel,Bottomwear,Capris,Grey,Puma Women Capri Sweat Grey Capris
43280,43280,data/raw/fashion-product-images-small/images/43280.jpg,Accessories,Bags,Handbags,Beige,Murcia Women Beige Handbag
31702,31702,data/raw/fashion-product-images-small/images/31702.jpg,Accessories,Jewellery,Earrings,Silver,Fabindia Women Ananya Silver Earrings
9674,9674,data/raw/fashion-product-images-small/images/9674.jpg,Apparel,Bottomwear,Shorts,Black,ADIDAS Men Pre FM trg Black Shorts
26478,26478,data/raw/fashion-product-images-small/images/26478.jpg,Apparel,Topwear,Tshirts,Red,Puma Men Graphic Red T-shirt
49693,49693,data/raw/fashion-product-images-small/images/49693.jpg,Accessories,Ties,Ties,Maroon,Park Avenue Men Maroon Tie
33978,33978,data/raw/fashion-product-images-small/images/33978.jpg,Apparel,Bottomwear,Stockings,Black,Femella Women Black Stockings
52903,52903,data/raw/fashion-product-images-small/images/52903.jpg,Apparel,Saree,Sarees,Purple,FNF Purple Printed Sari
22053,22053,data/raw/fashion-product-images-small/images/22053.jpg,Apparel,Topwear,Kurtas,Purple,Vishudh Women Printed Purple Kurta
11815,11815,data/raw/fashion-product-images-small/images/11815.jpg,Footwear,Shoes,Casual Shoes,Black,Playboy Men Casual Black Casual Shoes
51815,51815,data/raw/fashion-product-images-small/images/51815.jpg,Apparel,Innerwear,Bra,Black,Bwitch Black Bra
56646,56646,data/raw/fashion-product-images-small/images/56646.jpg,Apparel,Topwear,Kurtis,White,Mumbai Slang Women White Kurti
27141,27141,data/raw/fashion-product-images-small/images/27141.jpg,Apparel,Innerwear,Bra,Beige,Miss-T Beige Bra
54066,54066,data/raw/fashion-product-images-small/images/54066.jpg,Footwear,Shoes,Casual Shoes,Olive,ADIDAS Men Olive Shoes
6492,6492,data/raw/fashion-product-images-small/images/6492.jpg,Apparel,Topwear,Tshirts,Yellow,ADIDAS Men's Fresh lemon Yellow T-shirt
31119,31119,data/raw/fashion-product-images-small/images/31119.jpg,Apparel,Topwear,Tops,Purple,Gini and Jony Girls Purple Top
5762,5762,data/raw/fashion-product-images-small/images/5762.jpg,Apparel,Bottomwear,Shorts,Blue,Jealous 21 Women's White Blue Shorts
26225,26225,data/raw/fashion-product-images-small/images/26225.jpg,Accessories,Belts,Belts,Black,Wrangler Men Black Belt
41772,41772,data/raw/fashion-product-images-small/images/41772.jpg,Apparel,Topwear,Tops,Pink,Remanika Women Striped Pink Top
41689,41689,data/raw/fashion-product-images-small/images/41689.jpg,Footwear,Shoes,Heels,Red,Catwalk Women Red Flats
6379,6379,data/raw/fashion-product-images-small/images/6379.jpg,Footwear,Shoes,Casual Shoes,Navy Blue,Numero Uno Men's Navy Blue Shoe
14392,14392,data/raw/fashion-product-images-small/images/14392.jpg,Apparel,Bottomwear,Track Pants,Black,Puma Ess Sweat Pants Track Pant
28108,28108,data/raw/fashion-product-images-small/images/28108.jpg,Apparel,Innerwear,Trunk,Blue,Jockey MODERN CLASSIC Men Blue Trunks 8009
42865,42865,data/raw/fashion-product-images-small/images/42865.jpg,Accessories,Bags,Handbags,Black,French Connection Women Black Dorris Handbag
58501,58501,data/raw/fashion-product-images-small/images/58501.jpg,Apparel,Dress,Dresses,Beige,Tonga Brown Animal Print Dress
50578,50578,data/raw/fashion-product-images-small/images/50578.jpg,Apparel,Innerwear,Briefs,Black,Chromozome Men Black Pack of 2 Briefs
11923,11923,data/raw/fashion-product-images-small/images/11923.jpg,Footwear,Shoes,Formal Shoes,Brown,Franco Leone Men Formal Brown Formal Shoes
29754,29754,data/raw/fashion-product-images-small/images/29754.jpg,Accessories,Watches,Watches,Silver,Fossil Women White Dial Chronograph Watch ES2965
6295,6295,data/raw/fashion-product-images-small/images/6295.jpg,Footwear,Flip Flops,Flip Flops,Black,Puma Unisex Matrix Black Flip Flop
22953,22953,data/raw/fashion-product-images-small/images/22953.jpg,Footwear,Shoes,Sports Shoes,Black,Reebok Men Black Real Flex Sports Shoes
19877,19877,data/raw/fashion-product-images-small/images/19877.jpg,Footwear,Flip Flops,Flip Flops,White,ADIDAS Women Psychedlic White Flip Flops
46594,46594,data/raw/fashion-product-images-small/images/46594.jpg,Footwear,Shoes,Heels,Beige,Catwalk Women Beige Flats
15703,15703,data/raw/fashion-product-images-small/images/15703.jpg,Apparel,Topwear,Shirts,White,Spykar Men Check White Shirts
20495,20495,data/raw/fashion-product-images-small/images/20495.jpg,Accessories,Wallets,Wallets,Brown,Baggit Women Oscar Taj Brown Wallet
50276,50276,data/raw/fashion-product-images-small/images/50276.jpg,Footwear,Sandal,Sandals,Brown,Arrow Men Camel Brown Sandals
20128,20128,data/raw/fashion-product-images-small/images/20128.jpg,Apparel,Topwear,Shirts,Blue,Wrangler Women Checkerd Blue Shirt
54088,54088,data/raw/fashion-product-images-small/images/54088.jpg,Apparel,Topwear,Tops,Beige,Mumbai Slang Women Beige Top
29080,29080,data/raw/fashion-product-images-small/images/29080.jpg,Accessories,Belts,Belts,Black,Fastrack Men Black and Olive Belt
12226,12226,data/raw/fashion-product-images-small/images/12226.jpg,Apparel,Topwear,Tshirts,White,Basics Men Pack Of 3 T-shirts
7496,7496,data/raw/fashion-product-images-small/images/7496.jpg,Apparel,Topwear,Tshirts,Blue,Nike Women's Challen Light Blue T-shirt
11385,11385,data/raw/fashion-product-images-small/images/11385.jpg,Apparel,Topwear,Sweatshirts,Black,United Colors Of Benetton Women Light Winter Black Sweatshirts
24255,24255,data/raw/fashion-product-images-small/images/24255.jpg,Footwear,Shoes,Casual Shoes,Black,Numero Uno Men Black Casual Shoes
8622,8622,data/raw/fashion-product-images-small/images/8622.jpg,Accessories,Eyewear,Sunglasses,Black,Fastrack Unisex Sunglasses
4687,4687,data/raw/fashion-product-images-small/images/4687.jpg,Accessories,Bags,Backpacks,Black,ADIDAS Load Black Silver Unisex Backpack
33756,33756,data/raw/fashion-product-images-small/images/33756.jpg,Apparel,Topwear,Tops,Black,Vero Moda Women Black Top
42645,42645,data/raw/fashion-product-images-small/images/42645.jpg,Apparel,Topwear,Kurtas,Olive,Alma Women Olive Kurta
9657,9657,data/raw/fashion-product-images-small/images/9657.jpg,Apparel,Topwear,Shirts,Red,Indigo Nation Men Reversible Bling Red Shirts
37199,37199,data/raw/fashion-product-images-small/images/37199.jpg,Apparel,Bottomwear,Shorts,Blue,United Colors of Benetton Boys Check Blue Shorts
26968,26968,data/raw/fashion-product-images-small/images/26968.jpg,Apparel,Topwear,Tops,Purple,Jealous 21 Women Check Purple Top
2672,2672,data/raw/fashion-product-images-small/images/2672.jpg,Accessories,Bags,Handbags,Red,Murcia Women Ethnic Hand Bag
37967,37967,data/raw/fashion-product-images-small/images/37967.jpg,Footwear,Shoes,Heels,White,Clarks Women Un Swish Patent White Sandals
50984,50984,data/raw/fashion-product-images-small/images/50984.jpg,Apparel,Innerwear,Briefs,Pink,Enamor Women Cameo Rose Coloured Briefs
32751,32751,data/raw/fashion-product-images-small/images/32751.jpg,Footwear,Shoes,Casual Shoes,Black,FILA Men Liga II Black Shoes
6830,6830,data/raw/fashion-product-images-small/images/6830.jpg,Footwear,Shoes,Sports Shoes,Black,Nike Men's Zoom Vomero Black Shoe
53408,53408,data/raw/fashion-product-images-small/images/53408.jpg,Apparel,Topwear,Kurtas,Beige,Alma Women Beige Printed Kurta
12208,12208,data/raw/fashion-product-images-small/images/12208.jpg,Apparel,Topwear,Tshirts,Green,Basics Men Green Striped T-shirt
24185,24185,data/raw/fashion-product-images-small/images/24185.jpg,Footwear,Shoes,Casual Shoes,Black,Converse Unisex Contrast Oxford Black Casual Shoes
14125,14125,data/raw/fashion-product-images-small/images/14125.jpg,Apparel,Bottomwear,Jeans,Blue,Flying Machine Men Washed Blue Jeans
37539,37539,data/raw/fashion-product-images-small/images/37539.jpg,Apparel,Socks,Booties,White,Madagascar 3 Infants Boys White Booties
33052,33052,data/raw/fashion-product-images-small/images/33052.jpg,Apparel,Topwear,Tops,Black,Mother Earth Women Printed Black Top
12903,12903,data/raw/fashion-product-images-small/images/12903.jpg,Footwear,Shoes,Casual Shoes,Green,Puma Men Whirlwind Classic Green Casual Shoes
13627,13627,data/raw/fashion-product-images-small/images/13627.jpg,Apparel,Loungewear and Nightwear,Lounge Shorts,Blue,Hanes Men Knitted Blue Shorts
51375,51375,data/raw/fashion-product-images-small/images/51375.jpg,Footwear,Shoes,Casual Shoes,Red,Converse Men Red Casual Shoes
29069,29069,data/raw/fashion-product-images-small/images/29069.jpg,Accessories,Bags,Handbags,Olive,Fastrack Women Olive Handbag
46979,46979,data/raw/fashion-product-images-small/images/46979.jpg,Accessories,Bags,Handbags,Grey,Bulchee Women Grey Handbag
7867,7867,data/raw/fashion-product-images-small/images/7867.jpg,Apparel,Topwear,Tshirts,Blue,Proline Men Blue Round Neck T-shirt
50719,50719,data/raw/fashion-product-images-small/images/50719.jpg,Apparel,Topwear,Tops,Red,Doodle Girls Red Printed Top
32837,32837,data/raw/fashion-product-images-small/images/32837.jpg,Footwear,Shoes,Heels,Grey,Grendha Women Flori Grey Sandals
49713,49713,data/raw/fashion-product-images-small/images/49713.jpg,Accessories,Ties,Ties,Blue,Park Avenue Men Blue Tie
47168,47168,data/raw/fashion-product-images-small/images/47168.jpg,Footwear,Shoes,Sports Shoes,Grey,Skechers Women Grey Shape Ups Sports Shoes
26176,26176,data/raw/fashion-product-images-small/images/26176.jpg,Footwear,Shoes,Flats,Gold,Rocia Women Gold Casual Sandals
25665,25665,data/raw/fashion-product-images-small/images/25665.jpg,Accessories,Watches,Watches,Black,Fastrack Men Black Dial Watch NE3001SL05
52896,52896,data/raw/fashion-product-images-small/images/52896.jpg,Apparel,Saree,Sarees,Pink,FNF Printed Pink Sari
38389,38389,data/raw/fashion-product-images-small/images/38389.jpg,Apparel,Topwear,Tshirts,Blue,ADIDAS Mumbai Indians Kids Unisex Blue Match Jersey
54730,54730,data/raw/fashion-product-images-small/images/54730.jpg,Footwear,Shoes,Casual Shoes,Navy Blue,Vans Men Navy Blue Shoes
47418,47418,data/raw/fashion-product-images-small/images/47418.jpg,Accessories,Bags,Handbags,Beige,Baggit Women Beige Handbag
45838,45838,data/raw/fashion-product-images-small/images/45838.jpg,Apparel,Topwear,Kurtas,Brown,Vishudh Women Light Brown Kurta
15908,15908,data/raw/fashion-product-images-small/images/15908.jpg,Apparel,Topwear,Shirts,White,Black Coffee Men Stripes White Shirt
12952,12952,data/raw/fashion-product-images-small/images/12952.jpg,Apparel,Topwear,Shirts,Blue,Basics Men Blue Slim Fit Checked Shirt
55639,55639,data/raw/fashion-product-images-small/images/55639.jpg,Footwear,Shoes,Heels,Black,Catwalk Women Black Heels
9703,9703,data/raw/fashion-product-images-small/images/9703.jpg,Footwear,Shoes,Formal Shoes,Brown,Hush Puppies Men GT Brown Formal Shoes
19301,19301,data/raw/fashion-product-images-small/images/19301.jpg,Accessories,Watches,Watches,Black,Guess Men Chronograph Black Dial Watch W95015G1
10812,10812,data/raw/fashion-product-images-small/images/10812.jpg,Apparel,Topwear,Shirts,Brown,Wrangler Men Wales Slim Hb Brown Shirts
16338,16338,data/raw/fashion-product-images-small/images/16338.jpg,Apparel,Topwear,Shirts,Blue,Peter England Men Stripes Blue Shirt
6893,6893,data/raw/fashion-product-images-small/images/6893.jpg,Apparel,Dress,Dresses,Black,Forever New Women Straps Black Dress
8004,8004,data/raw/fashion-product-images-small/images/8004.jpg,Apparel,Topwear,Tshirts,Black,Fila Men's Round Neck Black Grey T-shirt
8582,8582,data/raw/fashion-product-images-small/images/8582.jpg,Apparel,Topwear,Waistcoat,Grey,Scullers Men Grey Waistcoat
57170,57170,data/raw/fashion-product-images-small/images/57170.jpg,Apparel,Topwear,Tops,Black,Elle Women Black Retro Top
31456,31456,data/raw/fashion-product-images-small/images/31456.jpg,Apparel,Topwear,Tshirts,Black,Nike Men Trainning Black T-shirt
22169,22169,data/raw/fashion-product-images-small/images/22169.jpg,Footwear,Shoes,Casual Shoes,Black,Timberland Men Black Casual Shoes
56275,56275,data/raw/fashion-product-images-small/images/56275.jpg,Apparel,Innerwear,Bra,Black,Biara Women Black  Bra
24470,24470,data/raw/fashion-product-images-small/images/24470.jpg,Footwear,Flip Flops,Flip Flops,Orange,ADIDAS Men Orange Adi Mesh Flip Flops
7543,7543,data/raw/fashion-product-images-small/images/7543.jpg,Apparel,Topwear,Tshirts,Black,Nike Men's Purple Polo T-shirt
32164,32164,data/raw/fashion-product-images-small/images/32164.jpg,Accessories,Socks,Socks,Navy Blue,Playboy Women Playmate Navy Blue Ankle Socks
40101,40101,data/raw/fashion-product-images-small/images/40101.jpg,Apparel,Topwear,Tshirts,Navy Blue,ADIDAS Men Navy Blue T-shirt
27176,27176,data/raw/fashion-product-images-small/images/27176.jpg,Apparel,Topwear,Shirts,White,Mark Taylor Men Striped White Shirt
16539,16539,data/raw/fashion-product-images-small/images/16539.jpg,Apparel,Topwear,Shirts,White,Basics Men White Slim Fit Striped Shirt
24113,24113,data/raw/fashion-product-images-small/images/24113.jpg,Footwear,Flip Flops,Flip Flops,Green,Playboy Men Green Flip Flops
42729,42729,data/raw/fashion-product-images-small/images/42729.jpg,Footwear,Shoes,Flats,Red,Rocia Women Red & Black Sandals
32600,32600,data/raw/fashion-product-images-small/images/32600.jpg,Apparel,Topwear,Tops,Red,ONLY Women Red Live Love Tube Top
12845,12845,data/raw/fashion-product-images-small/images/12845.jpg,Apparel,Topwear,Tshirts,Maroon,Ant Kids Boys Arrow Maroon Tshirts
59565,59565,data/raw/fashion-product-images-small/images/59565.jpg,Accessories,Cufflinks,Cufflinks,Steel,Revv Men Steel Cufflinks
26655,26655,data/raw/fashion-product-images-small/images/26655.jpg,Footwear,Shoes,Sports Shoes,Pink,Puma Women Maya Shimmer Pink Sports Shoes
10725,10725,data/raw/fashion-product-images-small/images/10725.jpg,Accessories,Bags,Handbags,Green,Murcia Women Green Green Handbags
38631,38631,data/raw/fashion-product-images-small/images/38631.jpg,Apparel,Topwear,Tshirts,Pink,Nike Women Pink Polo T-shirt
6023,6023,data/raw/fashion-product-images-small/images/6023.jpg,Apparel,Topwear,Tshirts,Green,UCB Men's Johny Collar With Two Tone Green T-shirt
17960,17960,data/raw/fashion-product-images-small/images/17960.jpg,Footwear,Sandal,Sandals,Black,Puma Men Hopper Black Sandal
28711,28711,data/raw/fashion-product-images-small/images/28711.jpg,Apparel,Topwear,Kurtas,White,W Women Printed White Kurta
18275,18275,data/raw/fashion-product-images-small/images/18275.jpg,Apparel,Topwear,Kurtas,Blue,Aneri Women Preet Blue Kurta
33901,33901,data/raw/fashion-product-images-small/images/33901.jpg,Accessories,Watches,Watches,White,Citizen Men White Dial Watch BH1370-51A
40752,40752,data/raw/fashion-product-images-small/images/40752.jpg,Footwear,Flip Flops,Flip Flops,Black,Roxy Women Black Flip Flops
21344,21344,data/raw/fashion-product-images-small/images/21344.jpg,Accessories,Eyewear,Sunglasses,Black,Pal Zileri Men Casual Black Frame Sunglasses
50471,50471,data/raw/fashion-product-images-small/images/50471.jpg,Apparel,Innerwear,Briefs,Blue,Chromozome Men Blue & Black Brief
39469,39469,data/raw/fashion-product-images-small/images/39469.jpg,Apparel,Topwear,Kurtas,White,Diva Women White Kurta
28541,28541,data/raw/fashion-product-images-small/images/28541.jpg,Apparel,Topwear,Tshirts,Grey,Nike Men Running Grey T-shirt
11770,11770,data/raw/fashion-product-images-small/images/11770.jpg,Apparel,Topwear,Tshirts,Blue,Lee Men Printed Blue Tshirts
8811,8811,data/raw/fashion-product-images-small/images/8811.jpg,Apparel,Topwear,Shirts,Blue,Spykar Men Range Blue-White Stripes Blue Shirts
16637,16637,data/raw/fashion-product-images-small/images/16637.jpg,Apparel,Topwear,Tshirts,Navy Blue,Facit Men Smart Navy Blue Tshirt
10293,10293,data/raw/fashion-product-images-small/images/10293.jpg,Footwear,Sandal,Sandals,Brown,Clarks Men Unstructured Leather Brown Sandals
13289,13289,data/raw/fashion-product-images-small/images/13289.jpg,Apparel,Topwear,Sweatshirts,Black,Gini and Jony Kids Boys Printed Black Sweatshirts
36288,36288,data/raw/fashion-product-images-small/images/36288.jpg,Apparel,Loungewear and Nightwear,Night suits,Pink,SDL by Sweet Dreams Women Pink Night suits
11521,11521,data/raw/fashion-product-images-small/images/11521.jpg,Apparel,Topwear,Tshirts,Blue,United Colors of Benetton Men Blue T-shirt
12206,12206,data/raw/fashion-product-images-small/images/12206.jpg,Apparel,Topwear,Tshirts,Yellow,Basics Men Yellow Striped T-shirt
52563,52563,data/raw/fashion-product-images-small/images/52563.jpg,Accessories,Bags,Clutches,Red,Mod'acc Women Red Coin Purse
37632,37632,data/raw/fashion-product-images-small/images/37632.jpg,Apparel,Topwear,Tshirts,Pink,Madagascar3 Girls Pink Printed T-Shirt
13285,13285,data/raw/fashion-product-images-small/images/13285.jpg,Apparel,Bottomwear,Shorts,Black,Gini and Jony Kids Boys Solid Black Shorts
52483,52483,data/raw/fashion-product-images-small/images/52483.jpg,Apparel,Innerwear,Camisoles,Black,Red Rose Black Camisole
50961,50961,data/raw/fashion-product-images-small/images/50961.jpg,Apparel,Bottomwear,Jeans,Black,Lee Women Black Jeans
16187,16187,data/raw/fashion-product-images-small/images/16187.jpg,Footwear,Shoes,Casual Shoes,Brown,Enroute Men Leather Brown Casual Shoes
49246,49246,data/raw/fashion-product-images-small/images/49246.jpg,Accessories,Headwear,Caps,Red,Arrow Men Red Cap
27258,27258,data/raw/fashion-product-images-small/images/27258.jpg,Footwear,Shoes,Casual Shoes,Black,Asics Men Sumiyaka Black Shoes
18709,18709,data/raw/fashion-product-images-small/images/18709.jpg,Apparel,Innerwear,Briefs,White,Hanes Women Pack of Three 100% Cotton Plain Bikini Briefs
10058,10058,data/raw/fashion-product-images-small/images/10058.jpg,Apparel,Topwear,Tshirts,Black,Puma Men Large logo tee Black Tshirts
10312,10312,data/raw/fashion-product-images-small/images/10312.jpg,Accessories,Watches,Watches,Silver,Esprit Women Spark Black White Silver Watches
5006,5006,data/raw/fashion-product-images-small/images/5006.jpg,Apparel,Topwear,Tops,Green,Gini and Jony Girl's Farica Green Kidswear
36925,36925,data/raw/fashion-product-images-small/images/36925.jpg,Accessories,Wallets,Wallets,Brown,Fossil Unisex Brown Passport Holder With Wallet
22591,22591,data/raw/fashion-product-images-small/images/22591.jpg,Apparel,Topwear,Sweatshirts,Grey,Nike Men Stripes Grey Sweatshirt
20667,20667,data/raw/fashion-product-images-small/images/20667.jpg,Apparel,Topwear,Tshirts,White,Classic Polo Men Striped White Tshirt
54555,54555,data/raw/fashion-product-images-small/images/54555.jpg,Apparel,Topwear,Kurtas,Purple,Global Desi Women Purple & White Kurta
9531,9531,data/raw/fashion-product-images-small/images/9531.jpg,Apparel,Topwear,Jackets,Purple,Nike Men Summerized Wind Runner White Jackets
45034,45034,data/raw/fashion-product-images-small/images/45034.jpg,Accessories,Watches,Watches,Black,Maxima Men Black Dial Watch
33522,33522,data/raw/fashion-product-images-small/images/33522.jpg,Footwear,Shoes,Heels,Brown,Cobblerz Women Brown Wedges
23714,23714,data/raw/fashion-product-images-small/images/23714.jpg,Accessories,Eyewear,Sunglasses,Steel,Ray-Ban Men Aviator Sunglasses
20441,20441,data/raw/fashion-product-images-small/images/20441.jpg,Footwear,Shoes,Casual Shoes,Green,Disney Kids-Unisex Pooh Steps Green Shoes
36243,36243,data/raw/fashion-product-images-small/images/36243.jpg,Apparel,Topwear,Tshirts,Green,Mr. Men Green Mr. Strong T-shirt
37792,37792,data/raw/fashion-product-images-small/images/37792.jpg,Apparel,Topwear,Shirts,Blue,John Players Men Gingham Blue Shirt
43644,43644,data/raw/fashion-product-images-small/images/43644.jpg,Apparel,Dress,Dresses,Black,Vero Moda Women Black Dress
51886,51886,data/raw/fashion-product-images-small/images/51886.jpg,Accessories,Wallets,Wallets,Purple,Nyk Women Purple Wallet
15066,15066,data/raw/fashion-product-images-small/images/15066.jpg,Footwear,Shoes,Formal Shoes,Black,Franco Leone Men Black Formal Shoe
14009,14009,data/raw/fashion-product-images-small/images/14009.jpg,Apparel,Topwear,Tshirts,Black,Nike Men Printed Black Tshirts
5410,5410,data/raw/fashion-product-images-small/images/5410.jpg,Footwear,Flip Flops,Flip Flops,Black,Tribord To 100 Basic Ss11
28874,28874,data/raw/fashion-product-images-small/images/28874.jpg,Apparel,Topwear,Kurtas,Blue,BIBA Women Printed Blue Kurta
25344,25344,data/raw/fashion-product-images-small/images/25344.jpg,Apparel,Innerwear,Briefs,Burgundy,Levis Men Pack of 2 Briefs
23966,23966,data/raw/fashion-product-images-small/images/23966.jpg,Apparel,Topwear,Tshirts,Purple,Peter England Men Purple Printed T-shirt
3242,3242,data/raw/fashion-product-images-small/images/3242.jpg,Footwear,Shoes,Sports Shoes,White,Puma Men's Street White Shoe
13821,13821,data/raw/fashion-product-images-small/images/13821.jpg,Accessories,Headwear,Caps,Purple,Proline Men Purple & Grey Striped Beanie
43716,43716,data/raw/fashion-product-images-small/images/43716.jpg,Accessories,Jewellery,Bangle,Gold,Royal Diadem Set of 2 Golden Bangles
57067,57067,data/raw/fashion-product-images-small/images/57067.jpg,Apparel,Topwear,Jackets,Green,Elle Women Green Retro Jacket
38152,38152,data/raw/fashion-product-images-small/images/38152.jpg,Apparel,Topwear,Tshirts,White,Wildcraft Women White T-shirt
25922,25922,data/raw/fashion-product-images-small/images/25922.jpg,Apparel,Topwear,Tshirts,Navy Blue,Femella Women Navy Blue T-shirt
49835,49835,data/raw/fashion-product-images-small/images/49835.jpg,Footwear,Flip Flops,Flip Flops,White,iPanema Women White Flip Flops
29490,29490,data/raw/fashion-product-images-small/images/29490.jpg,Accessories,Watches,Watches,Silver,Giordano Women Silver Dial Watch
11046,11046,data/raw/fashion-product-images-small/images/11046.jpg,Apparel,Topwear,Shirts,White,Scullers Men Check White Shirts
34496,34496,data/raw/fashion-product-images-small/images/34496.jpg,Apparel,Topwear,Shirts,Blue,Van Heusen Woman Blue Shirt
25841,25841,data/raw/fashion-product-images-small/images/25841.jpg,Apparel,Topwear,Kurtas,Brown,Diva Women Brown Kurta
44879,44879,data/raw/fashion-product-images-small/images/44879.jpg,Apparel,Topwear,Tshirts,Black,Puma Men Black Polo neck T-shirt
53026,53026,data/raw/fashion-product-images-small/images/53026.jpg,Apparel,Saree,Sarees,Multi,FNF Multi Coloured Printed Sari
17165,17165,data/raw/fashion-product-images-small/images/17165.jpg,Apparel,Topwear,Shirts,Maroon,U.S. Polo Assn. Men Maroon & White Check Shirt
28442,28442,data/raw/fashion-product-images-small/images/28442.jpg,Accessories,Bags,Handbags,Blue,Kiara Women Blue Handbag
9801,9801,data/raw/fashion-product-images-small/images/9801.jpg,Apparel,Topwear,Tops,Purple,Scullers For Her Women Scullers Top Purple Tops
46306,46306,data/raw/fashion-product-images-small/images/46306.jpg,Accessories,Belts,Belts,Grey,ADIDAS Men Grey Urban Belt
45590,45590,data/raw/fashion-product-images-small/images/45590.jpg,Footwear,Shoes,Formal Shoes,Black,Arrow Men Black Formal Shoes
25872,25872,data/raw/fashion-product-images-small/images/25872.jpg,Accessories,Bags,Backpacks,Red,American Tourister Unisex Buzz Red Backpack
46852,46852,data/raw/fashion-product-images-small/images/46852.jpg,Footwear,Flip Flops,Flip Flops,Purple,Barbie Girls Purple Flip Flops
30581,30581,data/raw/fashion-product-images-small/images/30581.jpg,Accessories,Eyewear,Sunglasses,Black,Ray Ban Unisex Black Sunglass
19102,19102,data/raw/fashion-product-images-small/images/19102.jpg,Apparel,Topwear,Kurtas,Pink,Mother Earth Women Solid Pink Kurta
35646,35646,data/raw/fashion-product-images-small/images/35646.jpg,Footwear,Sandal,Sandals,Brown,U.S. Polo Assn. Men Brown Sandals
10829,10829,data/raw/fashion-product-images-small/images/10829.jpg,Apparel,Topwear,Tshirts,Blue,Wrangler Men Blue Polo Tshirts
5758,5758,data/raw/fashion-product-images-small/images/5758.jpg,Apparel,Topwear,Tops,White,Jealous 21 Women's Multi Color Floral Top
11102,11102,data/raw/fashion-product-images-small/images/11102.jpg,Apparel,Topwear,Shirts,Blue,Indigo Nation Men Stripes Blue Shirts
52144,52144,data/raw/fashion-product-images-small/images/52144.jpg,Apparel,Topwear,Tshirts,Green,Femella Women Green Polo T-Shirt
8223,8223,data/raw/fashion-product-images-small/images/8223.jpg,Accessories,Bags,Backpacks,Black,Fastrack Men Black Grey Laptop Backpack
28455,28455,data/raw/fashion-product-images-small/images/28455.jpg,Apparel,Bottomwear,Skirts,Black,Urban Yoga Women Black Skirt With Leggings
23283,23283,data/raw/fashion-product-images-small/images/23283.jpg,Accessories,Watches,Watches,White,Maxima Ssteele Men White Watch
8884,8884,data/raw/fashion-product-images-small/images/8884.jpg,Apparel,Bottomwear,Trousers,Cream,Scullers Men Scul Cream Trousers
51360,51360,data/raw/fashion-product-images-small/images/51360.jpg,Apparel,Bottomwear,Jeans,Blue,Spykar Women Blue Jeans
54549,54549,data/raw/fashion-product-images-small/images/54549.jpg,Apparel,Topwear,Tunics,Multi,Global Desi Women Multi Coloured Tunic
11032,11032,data/raw/fashion-product-images-small/images/11032.jpg,Apparel,Topwear,Shirts,Blue,Jealous 21 Women Check Blue Shirt
13561,13561,data/raw/fashion-product-images-small/images/13561.jpg,Footwear,Shoes,Flats,Black,Carlton London Women Black Flat Shoes
26315,26315,data/raw/fashion-product-images-small/images/26315.jpg,Apparel,Bottomwear,Track Pants,Charcoal,Proline Men Charcoal Grey Track Pants
27443,27443,data/raw/fashion-product-images-small/images/27443.jpg,Apparel,Topwear,Tshirts,Pink,Jockey Women Pink T-Shirt
39604,39604,data/raw/fashion-product-images-small/images/39604.jpg,Footwear,Shoes,Heels,Bronze,Catwalk Women Bronze Heels
51647,51647,data/raw/fashion-product-images-small/images/51647.jpg,Accessories,Watches,Watches,Blue,Fossil Men Blue Dial Chronograph Watch FS4703
18816,18816,data/raw/fashion-product-images-small/images/18816.jpg,Accessories,Wallets,Wallets,Black,Peter England Unisex Statements Black Passport Holder
22878,22878,data/raw/fashion-product-images-small/images/22878.jpg,Footwear,Shoes,Casual Shoes,Khaki,Woodland Men Khaki Casual Shoes
54575,54575,data/raw/fashion-product-images-small/images/54575.jpg,Apparel,Topwear,Kurtas,Maroon,Sushilas Women Printed Maroon Kurta
39943,39943,data/raw/fashion-product-images-small/images/39943.jpg,Footwear,Shoes,Casual Shoes,Brown,GAS Men Brown Count Casual Shoes
54387,54387,data/raw/fashion-product-images-small/images/54387.jpg,Accessories,Bags,Handbags,Mauve,Baggit Women Mauve Handbag
23807,23807,data/raw/fashion-product-images-small/images/23807.jpg,Footwear,Shoes,Casual Shoes,Maroon,Puma Men Maroon Graphic Casual Shoes
25928,25928,data/raw/fashion-product-images-small/images/25928.jpg,Apparel,Topwear,Tshirts,Yellow,Femella Women Yellow T-shirt
2860,2860,data/raw/fashion-product-images-small/images/2860.jpg,Apparel,Topwear,Tshirts,Blue,Inkfruit Men's Rising Soccer T-shirt
4539,4539,data/raw/fashion-product-images-small/images/4539.jpg,Apparel,Topwear,Tshirts,Blue,Classic Polo Men's Blue T-shirt with Black Stripe
7870,7870,data/raw/fashion-product-images-small/images/7870.jpg,Apparel,Topwear,Tshirts,Purple,Proline Men Purple Polo T-shirt
24809,24809,data/raw/fashion-product-images-small/images/24809.jpg,Apparel,Bottomwear,Swimwear,Pink,Nabaiji Unisex Pink Swimming Cap
16096,16096,data/raw/fashion-product-images-small/images/16096.jpg,Accessories,Eyewear,Sunglasses,Black,M tv Unisex My Fab Eyewear Black Sunglasses
2115,2115,data/raw/fashion-product-images-small/images/2115.jpg,Apparel,Bottomwear,Track Pants,Black,ADIDAS Men's Black Crest Track Pants
24422,24422,data/raw/fashion-product-images-small/images/24422.jpg,Footwear,Shoes,Casual Shoes,Black,ADIDAS Men AX1 Black Casual Shoes
36410,36410,data/raw/fashion-product-images-small/images/36410.jpg,Accessories,Socks,Socks,Black,Reid & Taylor Men Black Socks
27204,27204,data/raw/fashion-product-images-small/images/27204.jpg,Apparel,Bottomwear,Jeans,Blue,Doodle Kids Boy Washed Blue Jeans
38779,38779,data/raw/fashion-product-images-small/images/38779.jpg,Footwear,Shoes,Casual Shoes,Brown,Woodland Men Brown Shoes
59094,59094,data/raw/fashion-product-images-small/images/59094.jpg,Apparel,Innerwear,Bra,Black,Peri Peri Women Black Bra
20573,20573,data/raw/fashion-product-images-small/images/20573.jpg,Accessories,Belts,Belts,Black,Baggit Women Chotu Mayur Black Belt
25116,25116,data/raw/fashion-product-images-small/images/25116.jpg,Accessories,Bags,Clutches,Silver,Lino Perros Women Beads Silver Clutch
56702,56702,data/raw/fashion-product-images-small/images/56702.jpg,Apparel,Topwear,Kurtas,Blue,Fabindia Men Blue Kurta
49966,49966,data/raw/fashion-product-images-small/images/49966.jpg,Apparel,Innerwear,Briefs,White,Hanes Men White Premium String Bikini Briefs
33526,33526,data/raw/fashion-product-images-small/images/33526.jpg,Footwear,Shoes,Heels,Blue,Cobblerz Women Blue Sandals
41153,41153,data/raw/fashion-product-images-small/images/41153.jpg,Apparel,Bottomwear,Skirts,Charcoal,Allen Solly Woman Charcoal Skirt
7323,7323,data/raw/fashion-product-images-small/images/7323.jpg,Footwear,Shoes,Casual Shoes,Brown,Red Tape Men's Casual Brown Shoe
24652,24652,data/raw/fashion-product-images-small/images/24652.jpg,Accessories,Bags,Handbags,Off White,Lino Perros Women Off White Casual Handbag
50499,50499,data/raw/fashion-product-images-small/images/50499.jpg,Apparel,Innerwear,Innerwear Vests,Grey Melange,Chromozome Men Grey Melange Innerwear Vest
51676,51676,data/raw/fashion-product-images-small/images/51676.jpg,Accessories,Eyewear,Sunglasses,Black,Louis Philippe Men Black Sunglasses
27019,27019,data/raw/fashion-product-images-small/images/27019.jpg,Apparel,Bottomwear,Jeans,Blue,Jealous 21 Women Washed Light Blue Jeans
10356,10356,data/raw/fashion-product-images-small/images/10356.jpg,Apparel,Topwear,Shirts,Blue,United Colors of Benetton Men Solid Blue Shirts
3975,3975,data/raw/fashion-product-images-small/images/3975.jpg,Apparel,Topwear,Tops,Red,Jealous 21 Women Red Tunic With Mirror Print Top
46082,46082,data/raw/fashion-product-images-small/images/46082.jpg,Footwear,Shoes,Sports Shoes,White,ADIDAS Women White Vermont Sports Shoes
29227,29227,data/raw/fashion-product-images-small/images/29227.jpg,Footwear,Shoes,Sports Shoes,Black,ADIDAS Men Mactelo Black Sports Shoes
2027,2027,data/raw/fashion-product-images-small/images/2027.jpg,Apparel,Topwear,Tshirts,Blue,ADIDAS Mens Full Navy Blue T-shirt
19789,19789,data/raw/fashion-product-images-small/images/19789.jpg,Apparel,Topwear,Tshirts,Orange,U.S. Polo Assn. Men Solid Orange Tshirt
24700,24700,data/raw/fashion-product-images-small/images/24700.jpg,Footwear,Shoes,Casual Shoes,Black,Puma Women Yugorun Black Casual Shoes
50626,50626,data/raw/fashion-product-images-small/images/50626.jpg,Apparel,Innerwear,Briefs,Grey,Chromozome Men Grey Briefs
51626,51626,data/raw/fashion-product-images-small/images/51626.jpg,Accessories,Watches,Watches,White,FOSSIL Women White Dial Watch ES3018
36205,36205,data/raw/fashion-product-images-small/images/36205.jpg,Apparel,Topwear,Shirts,White,Gini Jony Boys White Shirt
57972,57972,data/raw/fashion-product-images-small/images/57972.jpg,Apparel,Saree,Sarees,Multi,Prafful Women Multi Coloured Sari
45642,45642,data/raw/fashion-product-images-small/images/45642.jpg,Apparel,Innerwear,Briefs,Red,Park Avenue Men Red Swank Brief
2820,2820,data/raw/fashion-product-images-small/images/2820.jpg,Footwear,Sandal,Sandals,Black,Lee Cooper Men Formal Leather Black Sandal
17184,17184,data/raw/fashion-product-images-small/images/17184.jpg,Apparel,Topwear,Shirts,Blue,U.S. Polo Assn. Men Stripes Blue Shirt
49692,49692,data/raw/fashion-product-images-small/images/49692.jpg,Accessories,Ties,Ties,Red,Park Avenue Men Red Tie
10067,10067,data/raw/fashion-product-images-small/images/10067.jpg,Apparel,Topwear,Tshirts,Yellow,Puma Men punk logo tee Yellow Tshirts
34129,34129,data/raw/fashion-product-images-small/images/34129.jpg,Accessories,Belts,Belts,Black,Turtle Men Reversible Leather Black Belt
14032,14032,data/raw/fashion-product-images-small/images/14032.jpg,Apparel,Topwear,Tshirts,Black,Nike Men Printed Black Tshirts
16839,16839,data/raw/fashion-product-images-small/images/16839.jpg,Accessories,Eyewear,Sunglasses,Blue,Idee Men Funky Eyewear Blue Sunglasses
1649,1649,data/raw/fashion-product-images-small/images/1649.jpg,Footwear,Shoes,Casual Shoes,Blue,Newfeel Unisex Comfy Cool Blue Shoe
49527,49527,data/raw/fashion-product-images-small/images/49527.jpg,Accessories,Bags,Handbags,Gold,Rocia Women Gold Handbag
11804,11804,data/raw/fashion-product-images-small/images/11804.jpg,Apparel,Topwear,Kurtas,Red,Vishudh Women Pigment Print Red Kurtas
33201,33201,data/raw/fashion-product-images-small/images/33201.jpg,Apparel,Dress,Dresses,Cream,Sepia Women Cream Dress
6688,6688,data/raw/fashion-product-images-small/images/6688.jpg,Apparel,Topwear,Tshirts,Black,UCB Women's V Neck Black T-shirt
22883,22883,data/raw/fashion-product-images-small/images/22883.jpg,Footwear,Sandal,Sandals,Khaki,Woodland Men Khaki Casual Sandals
29064,29064,data/raw/fashion-product-images-small/images/29064.jpg,Accessories,Bags,Backpacks,Black,Fastrack Men Black Backpack
19732,19732,data/raw/fashion-product-images-small/images/19732.jpg,Apparel,Topwear,Shirts,Purple,United Colors of Benetton Men Solid Purple Shirt
23642,23642,data/raw/fashion-product-images-small/images/23642.jpg,Apparel,Topwear,Tshirts,Black,Jimi Hendrix Men Black Printed T-Shirt
20487,20487,data/raw/fashion-product-images-small/images/20487.jpg,Accessories,Bags,Handbags,Black,Baggit Women Golmaal Taj Black Handbag
42527,42527,data/raw/fashion-product-images-small/images/42527.jpg,Apparel,Topwear,Kurtas,Blue,Mother Earth Women Blue Kurta
1881,1881,data/raw/fashion-product-images-small/images/1881.jpg,Apparel,Topwear,Tshirts,Grey,FIFA Mens France 1938 Grey T-shirt
18269,18269,data/raw/fashion-product-images-small/images/18269.jpg,Apparel,Topwear,Tunics,Black,Aneri Women Monalisa Black Tunic
4405,4405,data/raw/fashion-product-images-small/images/4405.jpg,Apparel,Topwear,Tshirts,Black,Nirvana Men's Shoulder Fade Black T-shirt
5085,5085,data/raw/fashion-product-images-small/images/5085.jpg,Apparel,Topwear,Tshirts,Blue,Wrangler Men's Racing Big Blue T-shirt
45082,45082,data/raw/fashion-product-images-small/images/45082.jpg,Apparel,Loungewear and Nightwear,Nightdress,Pink,Bwitch Pink Nightdress
18700,18700,data/raw/fashion-product-images-small/images/18700.jpg,Apparel,Innerwear,Briefs,Black,Hanes Men Black Ultimate Duo Dry Cotton Stretch Hip Briefs
36954,36954,data/raw/fashion-product-images-small/images/36954.jpg,Footwear,Shoes,Sports Shoes,Blue,Force 10 Men Blue Sports Shoes
32415,32415,data/raw/fashion-product-images-small/images/32415.jpg,Apparel,Topwear,Tshirts,White,ADIDAS Men Fly White T-shirt
12805,12805,data/raw/fashion-product-images-small/images/12805.jpg,Apparel,Topwear,Tshirts,Grey,Nike Men Grey Polo Tshirts
19874,19874,data/raw/fashion-product-images-small/images/19874.jpg,Footwear,Flip Flops,Flip Flops,Green,ADIDAS Men City Scape Green Flip Flops
21164,21164,data/raw/fashion-product-images-small/images/21164.jpg,Apparel,Topwear,Shirts,Blue,s.Oliver Women Check Blue Shirt
45780,45780,data/raw/fashion-product-images-small/images/45780.jpg,Apparel,Topwear,Tunics,Black,Remanika Women Black Tunic
43923,43923,data/raw/fashion-product-images-small/images/43923.jpg,Apparel,Topwear,Tops,Blue,Femella Women Blue Top
30073,30073,data/raw/fashion-product-images-small/images/30073.jpg,Accessories,Watches,Watches,Black,Ed Hardy Men Black Dial Watch
32971,32971,data/raw/fashion-product-images-small/images/32971.jpg,Apparel,Topwear,Tshirts,Blue,Angry Birds Men Printed Blue T-shirt
13115,13115,data/raw/fashion-product-images-small/images/13115.jpg,Footwear,Shoes,Casual Shoes,Black,Numero Uno Men Casual Black Casual Shoes
13037,13037,data/raw/fashion-product-images-small/images/13037.jpg,Footwear,Shoes,Heels,Black,Inc 5 Women Casual Black Flats
56299,56299,data/raw/fashion-product-images-small/images/56299.jpg,Apparel,Innerwear,Bra,Purple,Biara Women Purple Blush Bra
48433,48433,data/raw/fashion-product-images-small/images/48433.jpg,Apparel,Topwear,Tshirts,Grey Melange,French Connection Men Grey Printed T-shirt
54320,54320,data/raw/fashion-product-images-small/images/54320.jpg,Apparel,Innerwear,Briefs,Pink,Garfield Women Pink String Briefs
14556,14556,data/raw/fashion-product-images-small/images/14556.jpg,Footwear,Shoes,Casual Shoes,Navy Blue,Vans Men Zapto Del Barco Navy Blue Casual Shoes
39334,39334,data/raw/fashion-product-images-small/images/39334.jpg,Apparel,Topwear,Tshirts,White,Gini & Jony Boys White T-shirt
5507,5507,data/raw/fashion-product-images-small/images/5507.jpg,Apparel,Topwear,Tshirts,Black,Nike Women's Tennis Black T-shirt
7113,7113,data/raw/fashion-product-images-small/images/7113.jpg,Accessories,Bags,Rucksacks,Green,Wildcraft Unisex Green & Grey Rucksack
42005,42005,data/raw/fashion-product-images-small/images/42005.jpg,Accessories,Wallets,Wallets,Purple,Baggit Women Purple Goofy Jhuti Wallet
16043,16043,data/raw/fashion-product-images-small/images/16043.jpg,Apparel,Topwear,Shirts,Blue,Highlander Men Check Blue Shirt
47189,47189,data/raw/fashion-product-images-small/images/47189.jpg,Footwear,Shoes,Formal Shoes,Black,Franco Leone Men Black Formal Shoes
14645,14645,data/raw/fashion-product-images-small/images/14645.jpg,Apparel,Topwear,Shirts,Navy Blue,Probase Men Wide Stripes Navy Blue Shirts
28142,28142,data/raw/fashion-product-images-small/images/28142.jpg,Apparel,Bottomwear,Shorts,Grey Melange,Jockey 24 x 7 Men Grey Melange Lounge Shorts 9426
45124,45124,data/raw/fashion-product-images-small/images/45124.jpg,Accessories,Watches,Watches,Black,Casio Enticer Men Silver Analogue  Watch MTP-1165A-1C2DF(A261)
30569,30569,data/raw/fashion-product-images-small/images/30569.jpg,Accessories,Eyewear,Sunglasses,Brown,Opium Men Aviator Brown Sunglass
12729,12729,data/raw/fashion-product-images-small/images/12729.jpg,Apparel,Topwear,Tshirts,Black,Timberland Men Printed Black Tshirts
29110,29110,data/raw/fashion-product-images-small/images/29110.jpg,Accessories,Socks,Socks,White,Puma Men Pack of 3 White Sports Socks
35894,35894,data/raw/fashion-product-images-small/images/35894.jpg,Apparel,Topwear,Tshirts,Green,Jungle Book Boys Bagheera Green T-shirt
24777,24777,data/raw/fashion-product-images-small/images/24777.jpg,Accessories,Belts,Belts,Purple,Lino Perros Women Purple Belt
15369,15369,data/raw/fashion-product-images-small/images/15369.jpg,Footwear,Sandal,Sandals,Black,Red Tape Men Casual Black Sandals
8331,8331,data/raw/fashion-product-images-small/images/8331.jpg,Apparel,Topwear,Tshirts,White,Doodle Boy's Car Print Teen Kidswear
29263,29263,data/raw/fashion-product-images-small/images/29263.jpg,Footwear,Shoes,Sports Shoes,Black,ADIDAS Men aStar Ride 4M Black Sports Shoes
51458,51458,data/raw/fashion-product-images-small/images/51458.jpg,Apparel,Topwear,Tops,Black,Tonga Women Black Top
8983,8983,data/raw/fashion-product-images-small/images/8983.jpg,Footwear,Shoes,Casual Shoes,Black,Puma Men Evo Ducati Lo Black Casual Shoes
52842,52842,data/raw/fashion-product-images-small/images/52842.jpg,Accessories,Jewellery,Earrings,Green,Adrika Green Earrings
20060,20060,data/raw/fashion-product-images-small/images/20060.jpg,Accessories,Headwear,Caps,Black,United Colors of Benetton Women Black Cap
14044,14044,data/raw/fashion-product-images-small/images/14044.jpg,Apparel,Topwear,Shirts,Blue,Flying Machine Men Check Blue Shirts
4713,4713,data/raw/fashion-product-images-small/images/4713.jpg,Accessories,Watches,Watches,Black,ADIDAS Unisex Analogue Cambridge Black Watch
19958,19958,data/raw/fashion-product-images-small/images/19958.jpg,Apparel,Topwear,Sweaters,Red,United Colors of Benetton Men Solid Red Sweater
47138,47138,data/raw/fashion-product-images-small/images/47138.jpg,Accessories,Bags,Handbags,White,Be For Bag Women Combo pack Tote Bags
25651,25651,data/raw/fashion-product-images-small/images/25651.jpg,Accessories,Watches,Watches,Black,Fastrack Men Black Dial Watch N9336SL03
11559,11559,data/raw/fashion-product-images-small/images/11559.jpg,Apparel,Topwear,Kurtas,White,W Women Printed White Kurtas
21812,21812,data/raw/fashion-product-images-small/images/21812.jpg,Accessories,Wallets,Wallets,Brown,Fossil Men Flyby Brown Wallet
46621,46621,data/raw/fashion-product-images-small/images/46621.jpg,Footwear,Shoes,Heels,Brown,Catwalk Women Brown Wedges
59173,59173,data/raw/fashion-product-images-small/images/59173.jpg,Footwear,Shoes,Formal Shoes,Black,Fortune Men Black Formal Shoes
36326,36326,data/raw/fashion-product-images-small/images/36326.jpg,Apparel,Topwear,Tshirts,Yellow,Mr. Men Boys Mr. Noisy Yellow T-shirt
28709,28709,data/raw/fashion-product-images-small/images/28709.jpg,Apparel,Topwear,Kurtas,Turquoise Blue,W Women Printed Turquoise Blue Kurta
10565,10565,data/raw/fashion-product-images-small/images/10565.jpg,Apparel,Topwear,Tshirts,Black,Puma Men Heritage Black Polo Tshirts
7153,7153,data/raw/fashion-product-images-small/images/7153.jpg,Apparel,Topwear,Tshirts,Red,Scullers Men's Scul Red White T-shirt
23856,23856,data/raw/fashion-product-images-small/images/23856.jpg,Footwear,Shoes,Casual Shoes,Black,ADIDAS Men Black Outback Casual Shoes
15801,15801,data/raw/fashion-product-images-small/images/15801.jpg,Apparel,Innerwear,Briefs,Blue,Facit Men Mid- Rise BF Blue Briefs
19435,19435,data/raw/fashion-product-images-small/images/19435.jpg,Accessories,Headwear,Caps,Blue,Quiksilver Men Stripes Blue Caps
11776,11776,data/raw/fashion-product-images-small/images/11776.jpg,Apparel,Topwear,Tshirts,Grey,Lee Men Printed Grey Tshirts
50520,50520,data/raw/fashion-product-images-small/images/50520.jpg,Apparel,Innerwear,Innerwear Vests,Grey Melange,Chromozome Men Grey Melange Innerwear Vest
58061,58061,data/raw/fashion-product-images-small/images/58061.jpg,Accessories,Jewellery,Earrings,Sea Green,Rreverie Sea Green Earrings
42658,42658,data/raw/fashion-product-images-small/images/42658.jpg,Apparel,Topwear,Kurtas,Blue,Alma Women Blue Kurta
32647,32647,data/raw/fashion-product-images-small/images/32647.jpg,Apparel,Topwear,Tshirts,Blue,Nike Kids Boys Contemporary Athlete Blue T-shirt
25675,25675,data/raw/fashion-product-images-small/images/25675.jpg,Accessories,Watches,Watches,Steel,Fastrack Women Steel-Toned Dial Watch NA6021SL02
3759,3759,data/raw/fashion-product-images-small/images/3759.jpg,Apparel,Topwear,Tshirts,Purple,Status Quo Men's Harbour Island Purple T-shirt
35179,35179,data/raw/fashion-product-images-small/images/35179.jpg,Accessories,Bags,Backpacks,Olive,Wildcraft Unisex Olive Green Backpack
50051,50051,data/raw/fashion-product-images-small/images/50051.jpg,Apparel,Innerwear,Innerwear Vests,Black,Hanes Men Black Innerwear Vest
16631,16631,data/raw/fashion-product-images-small/images/16631.jpg,Apparel,Topwear,Tshirts,Charcoal,Facit Men Smart  Charcoal Tshirt
10748,10748,data/raw/fashion-product-images-small/images/10748.jpg,Footwear,Flip Flops,Flip Flops,Navy Blue,Disney Unisex Kids Basic Navy Blue Flip Flops
6102,6102,data/raw/fashion-product-images-small/images/6102.jpg,Apparel,Topwear,Tshirts,Black,UCB Men's Benetton Details Black T-shirt
40773,40773,data/raw/fashion-product-images-small/images/40773.jpg,Accessories,Headwear,Caps,Blue,Quiksilver Men Blue Firtsy Roundtails Cap
30671,30671,data/raw/fashion-product-images-small/images/30671.jpg,Accessories,Eyewear,Sunglasses,Grey,Park Avenue Men Blue Sunglasses
24686,24686,data/raw/fashion-product-images-small/images/24686.jpg,Footwear,Sandal,Sandals,Black,Lee Cooper Men Classic Black Sandals
47220,47220,data/raw/fashion-product-images-small/images/47220.jpg,Footwear,Shoes,Formal Shoes,Brown,Franco Leone Men Brown Formal Shoes
50999,50999,data/raw/fashion-product-images-small/images/50999.jpg,Apparel,Innerwear,Briefs,Blue,Enamor Women Peacock Coloured Briefs
17723,17723,data/raw/fashion-product-images-small/images/17723.jpg,Apparel,Topwear,Shirts,Grey,Reid & Taylor Men Check Medium Grey Shirt
51641,51641,data/raw/fashion-product-images-small/images/51641.jpg,Accessories,Watches,Watches,Black,Fossil Men Black Dial Chronograph Watch FS4723
17151,17151,data/raw/fashion-product-images-small/images/17151.jpg,Apparel,Topwear,Jackets,Navy Blue,U.S. Polo Assn. Men Solid Navy Blue Jacket
42801,42801,data/raw/fashion-product-images-small/images/42801.jpg,Footwear,Shoes,Flats,Teal,Rocia Women Teal Heels
48855,48855,data/raw/fashion-product-images-small/images/48855.jpg,Accessories,Jewellery,Pendant,Silver,Lucera Women Silver Pendant with Chain
18494,18494,data/raw/fashion-product-images-small/images/18494.jpg,Footwear,Shoes,Sports Shoes,White,Puma Men Daemon White Sports Shoes
32004,32004,data/raw/fashion-product-images-small/images/32004.jpg,Accessories,Socks,Socks,Beige,Playboy Men Beige Socks
5465,5465,data/raw/fashion-product-images-small/images/5465.jpg,Footwear,Shoes,Sports Shoes,White,Nike Men's Air Max Moto White Shoe
8641,8641,data/raw/fashion-product-images-small/images/8641.jpg,Accessories,Eyewear,Sunglasses,Brown,Fastrack Women Gradient Sunglasses P186BR1F
18297,18297,data/raw/fashion-product-images-small/images/18297.jpg,Apparel,Topwear,Kurtas,Multi,Aneri Women Kaalki Multi Coloured Kurta
14611,14611,data/raw/fashion-product-images-small/images/14611.jpg,Accessories,Socks,Socks,Black,United Colors of Benetton Men Solid Black Socks
59810,59810,data/raw/fashion-product-images-small/images/59810.jpg,Apparel,Topwear,Tshirts,White,United Colors of Benetton Men White T-shirt
15315,15315,data/raw/fashion-product-images-small/images/15315.jpg,Footwear,Shoes,Sports Shoes,Black,ADIDAS Men Eqt Nitro Fashion Black Sports Shoes
46876,46876,data/raw/fashion-product-images-small/images/46876.jpg,Accessories,Socks,Socks,Grey,Lino Perros Men Pack of 2 Socks
9046,9046,data/raw/fashion-product-images-small/images/9046.jpg,Footwear,Shoes,Sports Shoes,Black,ADIDAS Men Agora Black Sports Shoes
46908,46908,data/raw/fashion-product-images-small/images/46908.jpg,Apparel,Bottomwear,Jeans,White,Peter England Men White Jeans
7430,7430,data/raw/fashion-product-images-small/images/7430.jpg,Apparel,Topwear,Tunics,Purple,W Women Square Neck Short Sleeve Purple Tunic
25791,25791,data/raw/fashion-product-images-small/images/25791.jpg,Apparel,Topwear,Suspenders,Purple,Arrow Men Purple Suspenders
38755,38755,data/raw/fashion-product-images-small/images/38755.jpg,Accessories,Bags,Handbags,Black,Nike Women Black Handbag
4793,4793,data/raw/fashion-product-images-small/images/4793.jpg,Apparel,Topwear,Tshirts,Green,ADIDAS Men's Dare Green T-shirt
10587,10587,data/raw/fashion-product-images-small/images/10587.jpg,Accessories,Watches,Watches,White,Carrera Men Careera dial steel strap patch White Watches
36724,36724,data/raw/fashion-product-images-small/images/36724.jpg,Apparel,Topwear,Tshirts,Red,Gini and Jony Boys Polo Red T-Shirt
46245,46245,data/raw/fashion-product-images-small/images/46245.jpg,Apparel,Topwear,Tunics,Beige,Fusion Beats Women Beige & Orange Tunic
21519,21519,data/raw/fashion-product-images-small/images/21519.jpg,Accessories,Bags,Handbags,White,Kiara Women Glossy White Handbag
44678,44678,data/raw/fashion-product-images-small/images/44678.jpg,Apparel,Topwear,Tops,Pink,Wills Lifestyle Women Pink Top
58039,58039,data/raw/fashion-product-images-small/images/58039.jpg,Accessories,Jewellery,Earrings,Silver,Rreverie Silver Earrings
22761,22761,data/raw/fashion-product-images-small/images/22761.jpg,Apparel,Topwear,Kurtas,Red,BIBA Women Printed Red Kurta
28313,28313,data/raw/fashion-product-images-small/images/28313.jpg,Footwear,Shoes,Casual Shoes,Grey,Red Tape Men Grey Shoes
15241,15241,data/raw/fashion-product-images-small/images/15241.jpg,Footwear,Shoes,Casual Shoes,Tan,ADIDAS Originals Men Stan Smith 2 Tan Casual Shoes
6268,6268,data/raw/fashion-product-images-small/images/6268.jpg,Apparel,Topwear,Tshirts,Grey,Lee Women's Caroline Charcoal T-shirt
20329,20329,data/raw/fashion-product-images-small/images/20329.jpg,Apparel,Topwear,Kurtas,Black,Mother Earth Men Printed Black Kurta
4059,4059,data/raw/fashion-product-images-small/images/4059.jpg,Apparel,Topwear,Tshirts,Blue,Myntra Men's I Am Tired Of Working Sky Blue T-shirt
13897,13897,data/raw/fashion-product-images-small/images/13897.jpg,Footwear,Sandal,Sandals,Black,Nike Men Mikumi Black Sandals
43850,43850,data/raw/fashion-product-images-small/images/43850.jpg,Accessories,Jewellery,Earrings,Gold,Royal Diadem Purple Earrings
51801,51801,data/raw/fashion-product-images-small/images/51801.jpg,Apparel,Loungewear and Nightwear,Nightdress,Pink,Bwitch Women Pink Nightdress
38361,38361,data/raw/fashion-product-images-small/images/38361.jpg,Accessories,Wallets,Wallets,Black,Peter England Men Black Wallet
7586,7586,data/raw/fashion-product-images-small/images/7586.jpg,Footwear,Shoes,Sports Shoes,Black,Nike Men's Air Moc Vent Black Shoe
12909,12909,data/raw/fashion-product-images-small/images/12909.jpg,Apparel,Topwear,Shirts,Red,Spykar Men Check Red Shirts
54400,54400,data/raw/fashion-product-images-small/images/54400.jpg,Accessories,Wallets,Wallets,Teal,Baggit Women Teal Wallet
43916,43916,data/raw/fashion-product-images-small/images/43916.jpg,Apparel,Bottomwear,Shorts,Yellow,Femella Women Yellow Shorts
8147,8147,data/raw/fashion-product-images-small/images/8147.jpg,Apparel,Topwear,Shirts,Blue,Highlander Men Blue Checked Hadden Slim Fit Shirt
14013,14013,data/raw/fashion-product-images-small/images/14013.jpg,Apparel,Topwear,Tshirts,Black,Nike Men Printed Black Tshirts
2975,2975,data/raw/fashion-product-images-small/images/2975.jpg,Apparel,Topwear,Tshirts,Blue,Puma Men's Lifestyle Heritage Blue Polo T-shirt
5887,5887,data/raw/fashion-product-images-small/images/5887.jpg,Apparel,Topwear,Tshirts,Blue,Puma Men's Slogan Blue T-shirt
49585,49585,data/raw/fashion-product-images-small/images/49585.jpg,Footwear,Shoes,Heels,Beige,Catwalk Women Beige Heels
15225,15225,data/raw/fashion-product-images-small/images/15225.jpg,Footwear,Shoes,Casual Shoes,White,ADIDAS Originals Men Superstar 11 White Casual Shoes
7876,7876,data/raw/fashion-product-images-small/images/7876.jpg,Footwear,Shoes,Formal Shoes,Black,Provogue Men's Formal Black Shoe
4018,4018,data/raw/fashion-product-images-small/images/4018.jpg,Footwear,Shoes,Casual Shoes,Beige,ADIDAS Men's Durante Beige White Shoe
57329,57329,data/raw/fashion-product-images-small/images/57329.jpg,Apparel,Innerwear,Bra,Pink,Amante Pink Full-Coverage T-shirt Bra BCMV01
43166,43166,data/raw/fashion-product-images-small/images/43166.jpg,Accessories,Watches,Watches,Blue,Fastrack Women Blue Dial Watch N6004SM01
25071,25071,data/raw/fashion-product-images-small/images/25071.jpg,Accessories,Accessories,Accessory Gift Set,Brown,Lino Perros Men Formal Brown Accessory Gift Set
43670,43670,data/raw/fashion-product-images-small/images/43670.jpg,Apparel,Topwear,Tops,Multi,ONLY Women Multi Coloured Top
14480,14480,data/raw/fashion-product-images-small/images/14480.jpg,Footwear,Shoes,Casual Shoes,Blue,Flying Machine Men Blue Casual Shoes
39972,39972,data/raw/fashion-product-images-small/images/39972.jpg,Footwear,Shoes,Casual Shoes,Grey,GAS Men Grey Campus Casual Shoes
36563,36563,data/raw/fashion-product-images-small/images/36563.jpg,Apparel,Topwear,Tshirts,Blue,Jack & Jones Men Polo Blue T-shirt
3168,3168,data/raw/fashion-product-images-small/images/3168.jpg,Footwear,Shoes,Sports Shoes,White,Nike Men's Incinerate MSL White Blue Shoe
40675,40675,data/raw/fashion-product-images-small/images/40675.jpg,Apparel,Topwear,Tshirts,Navy Blue,Lee Women Navy Blue Printed Top
16927,16927,data/raw/fashion-product-images-small/images/16927.jpg,Apparel,Topwear,Sweaters,Charcoal,Spykar Men Solid Charcoal Sweaters
19073,19073,data/raw/fashion-product-images-small/images/19073.jpg,Apparel,Topwear,Kurtas,Purple,W Women Thread Work Purple Kurta
13563,13563,data/raw/fashion-product-images-small/images/13563.jpg,Footwear,Shoes,Casual Shoes,Black,Nike Black Flyclave Casual Shoe
54914,54914,data/raw/fashion-product-images-small/images/54914.jpg,Apparel,Topwear,Tshirts,Cream,Do u speak green Women Printed Cream T-shirt
20473,20473,data/raw/fashion-product-images-small/images/20473.jpg,Accessories,Belts,Belts,Purple,Baggit Women Choti Jhuti  Purple Belt
4427,4427,data/raw/fashion-product-images-small/images/4427.jpg,Apparel,Topwear,Tshirts,Grey,Wrangler Men's Tradition Hand Stitched Polo Grey Brown T-shirt
40022,40022,data/raw/fashion-product-images-small/images/40022.jpg,Apparel,Topwear,Tshirts,White,ADIDAS Men White Polo T-shirt
50514,50514,data/raw/fashion-product-images-small/images/50514.jpg,Apparel,Innerwear,Trunk,Grey Melange,Chromozome Men Grey Melange Trunks
47563,47563,data/raw/fashion-product-images-small/images/47563.jpg,Footwear,Shoes,Heels,Black,Portia Women Black Sandals
38506,38506,data/raw/fashion-product-images-small/images/38506.jpg,Apparel,Bottomwear,Capris,Pink,Gini and Jony Girls Woven Pink Pedal Pusher
38330,38330,data/raw/fashion-product-images-small/images/38330.jpg,Apparel,Topwear,Tops,Yellow,Hannah Montana Girls Yellow Printed Tops
14879,14879,data/raw/fashion-product-images-small/images/14879.jpg,Accessories,Bags,Handbags,Black,United Colors of Benetton Women Solid Black Handbags
25526,25526,data/raw/fashion-product-images-small/images/25526.jpg,Apparel,Topwear,Tops,Red,Wrangler Women Poppins Red Top
21917,21917,data/raw/fashion-product-images-small/images/21917.jpg,Apparel,Apparel Set,Kurta Sets,Red,Biba Women Red Printed Churidar Kurta with Dupatta
11865,11865,data/raw/fashion-product-images-small/images/11865.jpg,Footwear,Flip Flops,Flip Flops,Grey,Playboy Men Casual Grey Slippers
1855,1855,data/raw/fashion-product-images-small/images/1855.jpg,Apparel,Topwear,Tshirts,Grey,Inkfruit Mens Chain Reaction T-shirt
23118,23118,data/raw/fashion-product-images-small/images/23118.jpg,Accessories,Accessories,Accessory Gift Set,Red,"Turtle Men Formal Red Tie, Cufflink and Pocket Square Combo Set"
6642,6642,data/raw/fashion-product-images-small/images/6642.jpg,Footwear,Shoes,Sports Shoes,White,Nike Men's Air Max Lte White Blue Shoe
10236,10236,data/raw/fashion-product-images-small/images/10236.jpg,Accessories,Watches,Watches,Orange,Carrera Men Strap dial Orange Watches
59543,59543,data/raw/fashion-product-images-small/images/59543.jpg,Accessories,Jewellery,Earrings,Silver,Lucera Silver Earrings
19573,19573,data/raw/fashion-product-images-small/images/19573.jpg,Apparel,Bottomwear,Track Pants,Blue,United Colors of Benetton Men Solid Blue Track Pants
47732,47732,data/raw/fashion-product-images-small/images/47732.jpg,Accessories,Bags,Handbags,Brown,Murcia Women Brown Handbag
19085,19085,data/raw/fashion-product-images-small/images/19085.jpg,Apparel,Topwear,Kurtas,Pink,W Women Solid Pink Kurta
14036,14036,data/raw/fashion-product-images-small/images/14036.jpg,Apparel,Topwear,Shirts,Pink,Flying Machine Men Check Pink Shirts
34543,34543,data/raw/fashion-product-images-small/images/34543.jpg,Footwear,Shoes,Formal Shoes,Brown,Red Tape Men Brown Formal Shoes
52031,52031,data/raw/fashion-product-images-small/images/52031.jpg,Apparel,Topwear,Rain Jacket,Black,Just Natural Unisex Black Rain Jacket
58624,58624,data/raw/fashion-product-images-small/images/58624.jpg,Accessories,Jewellery,Bracelet,Black,ToniQ Women Black Bracelet
28731,28731,data/raw/fashion-product-images-small/images/28731.jpg,Apparel,Topwear,Kurtas,White,W Women Printed White & Green Kurta
52514,52514,data/raw/fashion-product-images-small/images/52514.jpg,Apparel,Innerwear,Camisoles,Black,Red Rose Black Camisole
6559,6559,data/raw/fashion-product-images-small/images/6559.jpg,Accessories,Bags,Backpacks,Pink,Nike Unisex All Access HA Pink Backpack
38579,38579,data/raw/fashion-product-images-small/images/38579.jpg,Apparel,Topwear,Tshirts,Blue,Nike Men Blue RF Blue T-shirt
31554,31554,data/raw/fashion-product-images-small/images/31554.jpg,Footwear,Shoes,Casual Shoes,Khaki,Woodland Men Khaki Casual Shoes
52023,52023,data/raw/fashion-product-images-small/images/52023.jpg,Apparel,Topwear,Jackets,Black,Just Natural Unisex Black Photographers Jacket
43219,43219,data/raw/fashion-product-images-small/images/43219.jpg,Accessories,Watches,Watches,Silver,Fastrack Women Silver Dial Watch
52912,52912,data/raw/fashion-product-images-small/images/52912.jpg,Apparel,Saree,Sarees,Green,FNF Green Printed Sari
15934,15934,data/raw/fashion-product-images-small/images/15934.jpg,Accessories,Belts,Belts,Brown,Turtle Men Leather Brown Belts
13220,13220,data/raw/fashion-product-images-small/images/13220.jpg,Apparel,Topwear,Tshirts,Blue,Palm Tree Kids Boys Printed Blue Tshirts
32487,32487,data/raw/fashion-product-images-small/images/32487.jpg,Apparel,Bottomwear,Shorts,Grey Melange,Proline Grey Melange Shorts
40405,40405,data/raw/fashion-product-images-small/images/40405.jpg,Apparel,Dress,Dresses,Black,Tonga Women Black Dress
54081,54081,data/raw/fashion-product-images-small/images/54081.jpg,Apparel,Topwear,Kurtis,Red,Mumbai Slang Women Red Kurti
48385,48385,data/raw/fashion-product-images-small/images/48385.jpg,Apparel,Bottomwear,Jeans,Navy Blue,French Connection Men Navy Blue Jeans
19938,19938,data/raw/fashion-product-images-small/images/19938.jpg,Footwear,Shoes,Sports Shoes,White,Nike Men Egoli TF White Sports Shoes
30746,30746,data/raw/fashion-product-images-small/images/30746.jpg,Apparel,Topwear,Kurtas,Maroon,Fabindia Men Printed Maroon Kurta
4220,4220,data/raw/fashion-product-images-small/images/4220.jpg,Apparel,Topwear,Tshirts,Grey,Probase Men's Graphic Grey T-shirt
13375,13375,data/raw/fashion-product-images-small/images/13375.jpg,Footwear,Sandal,Sandals,Blue,Timberland Men Jeunes Blue Sandals
32653,32653,data/raw/fashion-product-images-small/images/32653.jpg,Apparel,Topwear,Tshirts,Purple,Nike Women Sphere Purple T-shirt
54620,54620,data/raw/fashion-product-images-small/images/54620.jpg,Accessories,Watches,Watches,Orange,Fastrack Men Black Dial Watch
32377,32377,data/raw/fashion-product-images-small/images/32377.jpg,Accessories,Watches,Watches,White,Q&Q Women White Dial Watch
16188,16188,data/raw/fashion-product-images-small/images/16188.jpg,Footwear,Shoes,Formal Shoes,Black,Enroute Men Leather Black Formal Shoes
10461,10461,data/raw/fashion-product-images-small/images/10461.jpg,Apparel,Topwear,Tshirts,White,Flying Machine Men White Polo Tshirts
24463,24463,data/raw/fashion-product-images-small/images/24463.jpg,Footwear,Shoes,Casual Shoes,Brown,Numero Uno Men Brown Casual Shoes
13187,13187,data/raw/fashion-product-images-small/images/13187.jpg,Footwear,Shoes,Casual Shoes,White,Fila Men White Stradd Shoes
12134,12134,data/raw/fashion-product-images-small/images/12134.jpg,Apparel,Topwear,Kurtas,Pink,Aurelia Women Solid Pink and Yellow Kurtas
49774,49774,data/raw/fashion-product-images-small/images/49774.jpg,Apparel,Topwear,Kurtas,Blue,Alma Women Blue Printed Kurta
40631,40631,data/raw/fashion-product-images-small/images/40631.jpg,Apparel,Topwear,Kurtas,Yellow,Span Women Yellow Kurta
34640,34640,data/raw/fashion-product-images-small/images/34640.jpg,Footwear,Shoes,Casual Shoes,Blue,Lotto Men Court Classic V Blue Shoes
39823,39823,data/raw/fashion-product-images-small/images/39823.jpg,Footwear,Sandal,Sandals,Brown,Red Tape Men Brown Sandals
48363,48363,data/raw/fashion-product-images-small/images/48363.jpg,Apparel,Topwear,Shirts,Red,French Connection Men Red & Black Check Shirt
14666,14666,data/raw/fashion-product-images-small/images/14666.jpg,Apparel,Topwear,Shirts,Red,Basics Men Red Slim Fit Checked Shirt
51206,51206,data/raw/fashion-product-images-small/images/51206.jpg,Apparel,Innerwear,Bra,White,Enamor Women White Bra
28053,28053,data/raw/fashion-product-images-small/images/28053.jpg,Apparel,Innerwear,Briefs,Navy Blue,Jockey ELANCE Men Navy Blue Pack of 2 Briefs 1009
10128,10128,data/raw/fashion-product-images-small/images/10128.jpg,Footwear,Shoes,Formal Shoes,Black,Rockport Men Drsp Wingtip Black Formal Shoes
50153,50153,data/raw/fashion-product-images-small/images/50153.jpg,Footwear,Shoes,Heels,Black,Rocia Women Black Heels
56217,56217,data/raw/fashion-product-images-small/images/56217.jpg,Accessories,Jewellery,Jewellery Set,Silver,Estelle Women Silver Earring & Pendant Set
17235,17235,data/raw/fashion-product-images-small/images/17235.jpg,Apparel,Topwear,Tshirts,White,U.S. Polo Assn. Men Solid White  Polo Tshirt
42535,42535,data/raw/fashion-product-images-small/images/42535.jpg,Apparel,Topwear,Kurtas,Beige,Mother Earth Women Beige Kurta
21236,21236,data/raw/fashion-product-images-small/images/21236.jpg,Apparel,Topwear,Shirts,Blue,Highlander Men Blue Check Shirt
2704,2704,data/raw/fashion-product-images-small/images/2704.jpg,Apparel,Dress,Dresses,White,Disney Kids Girl's White Pooh Kidswear
43936,43936,data/raw/fashion-product-images-small/images/43936.jpg,Footwear,Shoes,Heels,Black,Catwalk Women Black Heels
43289,43289,data/raw/fashion-product-images-small/images/43289.jpg,Accessories,Bags,Handbags,Pink,Murcia Women Tribal Pink Handbag
19101,19101,data/raw/fashion-product-images-small/images/19101.jpg,Apparel,Topwear,Kurtas,Blue,Mother Earth Women Solid Sea Blue Kurta
4676,4676,data/raw/fashion-product-images-small/images/4676.jpg,Accessories,Bags,Backpacks,Black,ADIDAS Men Adipure Black White Backpack
5017,5017,data/raw/fashion-product-images-small/images/5017.jpg,Apparel,Bottomwear,Capris,Pink,Levis Kids Girl's Alicia Pink Kidswear
28290,28290,data/raw/fashion-product-images-small/images/28290.jpg,Accessories,Eyewear,Sunglasses,Blue,Fastrack Men Sunglasses
39145,39145,data/raw/fashion-product-images-small/images/39145.jpg,Apparel,Apparel Set,Kurta Sets,Multi,Aneri Women Multi Coloured Salwar Suit
6827,6827,data/raw/fashion-product-images-small/images/6827.jpg,Footwear,Sandal,Sports Sandals,Blue,Timberland Women Belle Isld Boat Ball Black Floater
32448,32448,data/raw/fashion-product-images-small/images/32448.jpg,Apparel,Bottomwear,Shorts,Navy Blue,ADIDAS Men Navy Blue 3/4 Length Pants
28433,28433,data/raw/fashion-product-images-small/images/28433.jpg,Accessories,Watches,Watches,Beige,DKNY Women Beige Dial Watch NY8308
12787,12787,data/raw/fashion-product-images-small/images/12787.jpg,Apparel,Topwear,Kurtas,Red,Mother Earth Women Renu Red Kurtas
24740,24740,data/raw/fashion-product-images-small/images/24740.jpg,Accessories,Bags,Handbags,Brown,Murcia Women Brown Casual Handbag
17157,17157,data/raw/fashion-product-images-small/images/17157.jpg,Apparel,Topwear,Shirts,Maroon,U.S. Polo Assn. Men Checks Maroon Shirt
4491,4491,data/raw/fashion-product-images-small/images/4491.jpg,Footwear,Shoes,Sports Shoes,White,Lotto Men's Classe White Navy Shoe
13196,13196,data/raw/fashion-product-images-small/images/13196.jpg,Footwear,Shoes,Casual Shoes,Black,Puma Men Basket Clean Black Casual Shoes
45624,45624,data/raw/fashion-product-images-small/images/45624.jpg,Footwear,Shoes,Casual Shoes,Black,Red Tape Men Black Shoes
47221,47221,data/raw/fashion-product-images-small/images/47221.jpg,Footwear,Sandal,Sandals,Black,Franco Leone Men Black Sandals
6982,6982,data/raw/fashion-product-images-small/images/6982.jpg,Apparel,Bottomwear,Track Pants,Cream,Timberland Men's Madbury Convertible Off White Pant
21708,21708,data/raw/fashion-product-images-small/images/21708.jpg,Accessories,Watches,Watches,Black,Fossil Men Black Dial Chronograph Watch JR1266
3057,3057,data/raw/fashion-product-images-small/images/3057.jpg,Apparel,Topwear,Tshirts,Green,Tantra Men Cut The Crap Green T-shirt
36743,36743,data/raw/fashion-product-images-small/images/36743.jpg,Apparel,Topwear,Tops,Pink,Little Miss Girls Chatterbox Pink Top
17998,17998,data/raw/fashion-product-images-small/images/17998.jpg,Apparel,Topwear,Tshirts,Red,Puma Men Graphic Tee Red Tshirt
27966,27966,data/raw/fashion-product-images-small/images/27966.jpg,Apparel,Innerwear,Innerwear Vests,White,Jockey Men White Muscle Innerwear Vest
11790,11790,data/raw/fashion-product-images-small/images/11790.jpg,Apparel,Topwear,Kurtas,Green,Vishudh Women Green Printed Kurta
20920,20920,data/raw/fashion-product-images-small/images/20920.jpg,Apparel,Bottomwear,Shorts,Olive,Deni Yo Men Check Olive Short
21256,21256,data/raw/fashion-product-images-small/images/21256.jpg,Accessories,Bags,Backpacks,Blue,Footloose Unisex Jump Blue Backpack
5588,5588,data/raw/fashion-product-images-small/images/5588.jpg,Footwear,Shoes,Sports Shoes,Blue,ADIDAS Men's Kestrel Navy Blue Shoe
26688,26688,data/raw/fashion-product-images-small/images/26688.jpg,Footwear,Sandal,Sandals,Olive,Puma Men Harz Olive Sandals
6565,6565,data/raw/fashion-product-images-small/images/6565.jpg,Accessories,Bags,Backpacks,Black,Nike Unisex Team Training Black Backpack
53725,53725,data/raw/fashion-product-images-small/images/53725.jpg,Footwear,Flip Flops,Flip Flops,White,ADIDAS Women White Flip Flops
21008,21008,data/raw/fashion-product-images-small/images/21008.jpg,Accessories,Belts,Belts,Brown,Fastrack Women Leatherette Brown Belt
33504,33504,data/raw/fashion-product-images-small/images/33504.jpg,Apparel,Dress,Dresses,Pink,Doodle Kids Girl Printed Pink Dress
8125,8125,data/raw/fashion-product-images-small/images/8125.jpg,Accessories,Belts,Belts,Black,Fastrack Men Black Belt
53539,53539,data/raw/fashion-product-images-small/images/53539.jpg,Apparel,Innerwear,Briefs,Maroon,Amante Women Pack of 2 Bikini Briefs PFFL01
20205,20205,data/raw/fashion-product-images-small/images/20205.jpg,Apparel,Topwear,Sweatshirts,Grey,Wrangler Men Flock Print Grey Sweatshirt
21182,21182,data/raw/fashion-product-images-small/images/21182.jpg,Footwear,Flip Flops,Flip Flops,Blue,ADIDAS Men Adi Neo Tread Blue Flip Flops
49948,49948,data/raw/fashion-product-images-small/images/49948.jpg,Apparel,Loungewear and Nightwear,Lounge Shorts,Black,Hanes Men Black Shorts
13103,13103,data/raw/fashion-product-images-small/images/13103.jpg,Apparel,Topwear,Sweatshirts,Black,ADIDAS Men Sf Striped Hood Black Sweatshirts
11363,11363,data/raw/fashion-product-images-small/images/11363.jpg,Apparel,Topwear,Tshirts,Black,United Colors of Benetton Men Solid Black Tshirt
24018,24018,data/raw/fashion-product-images-small/images/24018.jpg,Apparel,Topwear,Tshirts,Blue,Locomotive Men Printed Blue T-shirt
53131,53131,data/raw/fashion-product-images-small/images/53131.jpg,Footwear,Shoes,Heels,Gold,Catwalk Women Gold Toned & Brown Flats
20068,20068,data/raw/fashion-product-images-small/images/20068.jpg,Accessories,Mufflers,Mufflers,Green,United Colors of Benetton Men Solid Green Muffler
48092,48092,data/raw/fashion-product-images-small/images/48092.jpg,Apparel,Topwear,Tops,Rust,French Connection Women Rust Top
44932,44932,data/raw/fashion-product-images-small/images/44932.jpg,Apparel,Bottomwear,Jeans,Blue,Jack & Jones Men Blue Jeans
5980,5980,data/raw/fashion-product-images-small/images/5980.jpg,Apparel,Topwear,Shirts,Grey,Locomotive Men Charcoal Stripe Shirt
19046,19046,data/raw/fashion-product-images-small/images/19046.jpg,Footwear,Shoes,Heels,Multi,Catwalk Women Ethnic Multi Heels
50548,50548,data/raw/fashion-product-images-small/images/50548.jpg,Apparel,Innerwear,Briefs,Navy Blue,Chromozome Men Pack of Two Briefs
1812,1812,data/raw/fashion-product-images-small/images/1812.jpg,Apparel,Topwear,Tshirts,Green,Solognac Men Green T-shirt
3282,3282,data/raw/fashion-product-images-small/images/3282.jpg,Apparel,Topwear,Tshirts,Purple,Guerrilla Men's Army Of God Purple T-shirt
2312,2312,data/raw/fashion-product-images-small/images/2312.jpg,Apparel,Topwear,Tshirts,White,Nike Mens White Polo T-shirt
35030,35030,data/raw/fashion-product-images-small/images/35030.jpg,Accessories,Stoles,Stoles,Grey,Fabindia Women Grey Stole
56870,56870,data/raw/fashion-product-images-small/images/56870.jpg,Footwear,Shoes,Casual Shoes,Brown,HM Women Brown Shoes
27830,27830,data/raw/fashion-product-images-small/images/27830.jpg,Accessories,Belts,Belts,Black,Bulchee Men Jeans Handstitch Black Belt
21443,21443,data/raw/fashion-product-images-small/images/21443.jpg,Apparel,Topwear,Tshirts,Blue,Roxy Women Blue T-shirt
48445,48445,data/raw/fashion-product-images-small/images/48445.jpg,Apparel,Topwear,Tshirts,Grey,French Connection Men Grey T-shirt
9115,9115,data/raw/fashion-product-images-small/images/9115.jpg,Footwear,Shoes,Sports Shoes,Silver,Puma Women Ikonis 2 Silver Sports Shoes
30864,30864,data/raw/fashion-product-images-small/images/30864.jpg,Apparel,Topwear,Kurtas,Magenta,Fabindia Women Magenta Kurta
21918,21918,data/raw/fashion-product-images-small/images/21918.jpg,Apparel,Topwear,Kurtas,Purple,BIBA Women Printed Purple Kurta
8889,8889,data/raw/fashion-product-images-small/images/8889.jpg,Apparel,Topwear,Shirts,Black,John Miller Men Black Shirt
5345,5345,data/raw/fashion-product-images-small/images/5345.jpg,Footwear,Shoes,Sports Shoes,Black,Btwin Sport 5 Shoes
30588,30588,data/raw/fashion-product-images-small/images/30588.jpg,Apparel,Topwear,Tshirts,Blue,Nike Men Club Pique Polo Blue T-shirt
35891,35891,data/raw/fashion-product-images-small/images/35891.jpg,Apparel,Topwear,Tshirts,Yellow,Jungle Book Boys Ponya 11 Yellow T-shirt
26359,26359,data/raw/fashion-product-images-small/images/26359.jpg,Apparel,Topwear,Tops,Black,Arrow Women Black Top
16608,16608,data/raw/fashion-product-images-small/images/16608.jpg,Apparel,Topwear,Tops,Green,Jealous 21 Women Printed Green Top
10049,10049,data/raw/fashion-product-images-small/images/10049.jpg,Apparel,Topwear,Tshirts,Black,Puma Men Mns Body Train Black Tshirts
17570,17570,data/raw/fashion-product-images-small/images/17570.jpg,Apparel,Topwear,Shirts,Green,Mark Taylor Men Green & White Striped Shirt
34463,34463,data/raw/fashion-product-images-small/images/34463.jpg,Accessories,Bags,Backpacks,Black,ADIDAS Unisex Black Backpack
33915,33915,data/raw/fashion-product-images-small/images/33915.jpg,Accessories,Watches,Watches,Black,Citizen Men Black Dial Eco-Drive Watch
40203,40203,data/raw/fashion-product-images-small/images/40203.jpg,Apparel,Topwear,Kurtas,Green,Mumbai Slang Women Green Kurta
27348,27348,data/raw/fashion-product-images-small/images/27348.jpg,Apparel,Topwear,Tshirts,White,Tantra Women 3G White T-shirt
17648,17648,data/raw/fashion-product-images-small/images/17648.jpg,Footwear,Flip Flops,Flip Flops,Black,Converse Unisex Black Flip Flops
18597,18597,data/raw/fashion-product-images-small/images/18597.jpg,Footwear,Shoes,Sports Shoes,Black,Puma Men Volt Black Sports Shoes
26527,26527,data/raw/fashion-product-images-small/images/26527.jpg,Footwear,Shoes,Casual Shoes,Red,Gas Men Freetime Red Casual Shoes
18999,18999,data/raw/fashion-product-images-small/images/18999.jpg,Apparel,Topwear,Jackets,Black,ADIDAS Originals Men Adi Firebird TT Black Jacket
49059,49059,data/raw/fashion-product-images-small/images/49059.jpg,Footwear,Shoes,Casual Shoes,Charcoal,Flying Machine Men Charcoal Shoes
13264,13264,data/raw/fashion-product-images-small/images/13264.jpg,Apparel,Bottomwear,Skirts,Pink,Palm Tree Kids Girls Solid Pink Skirts
42208,42208,data/raw/fashion-product-images-small/images/42208.jpg,Apparel,Topwear,Tops,Blue,Sepia Women Blue Top
27718,27718,data/raw/fashion-product-images-small/images/27718.jpg,Accessories,Bags,Handbags,Gold,Murcia Women Gold Handbag
56333,56333,data/raw/fashion-product-images-small/images/56333.jpg,Accessories,Watches,Watches,Black,Fastrack Women Black Dial Watch
20831,20831,data/raw/fashion-product-images-small/images/20831.jpg,Footwear,Shoes,Sports Shoes,White,ADIDAS Men Theodore White Sports Shoes
3162,3162,data/raw/fashion-product-images-small/images/3162.jpg,Footwear,Shoes,Sports Shoes,White,Nike Women Downshifter White Blue Shoe
19004,19004,data/raw/fashion-product-images-small/images/19004.jpg,Apparel,Topwear,Jackets,Red,ADIDAS Originals Women Firebird Red Jacket
18731,18731,data/raw/fashion-product-images-small/images/18731.jpg,Apparel,Topwear,Sweaters,Navy Blue,Arrow Woman Georgina 2 Navy Blue Sweater
34404,34404,data/raw/fashion-product-images-small/images/34404.jpg,Apparel,Topwear,Tshirts,Black,Myntra Men Surf Black T-shirt
2264,2264,data/raw/fashion-product-images-small/images/2264.jpg,Accessories,Bags,Backpacks,Black,Nike Soleday Black Backpack
37223,37223,data/raw/fashion-product-images-small/images/37223.jpg,Apparel,Topwear,Tops,Blue,United Colors of Benetton Women Blue Top
17102,17102,data/raw/fashion-product-images-small/images/17102.jpg,Accessories,Wallets,Wallets,Orange,Lino Perros Women Button Flap Orange Wallet
19827,19827,data/raw/fashion-product-images-small/images/19827.jpg,Apparel,Topwear,Shirts,Red,U.S. Polo Assn. Men Check Red Shirt
32310,32310,data/raw/fashion-product-images-small/images/32310.jpg,Accessories,Watches,Watches,Black,Q&Q Men Black Dial Watch
45285,45285,data/raw/fashion-product-images-small/images/45285.jpg,Accessories,Watches,Watches,Black,CASIO OUTDOOR Men Black Digital Watch S057
31894,31894,data/raw/fashion-product-images-small/images/31894.jpg,Accessories,Stoles,Stoles,Black,Fabindia Women Black Noil Silk & Wool Stole
4541,4541,data/raw/fashion-product-images-small/images/4541.jpg,Apparel,Topwear,Tshirts,White,Classic Polo Men's White T-shirt with Navy Stripes
44535,44535,data/raw/fashion-product-images-small/images/44535.jpg,Footwear,Sandal,Sandals,Black,Coolers Men Black Sandals
40654,40654,data/raw/fashion-product-images-small/images/40654.jpg,Apparel,Topwear,Kurtas,Pink,Span Women Pink Kurta
53675,53675,data/raw/fashion-product-images-small/images/53675.jpg,Accessories,Bags,Handbags,Purple,Kiara Women Purple Handbag
29178,29178,data/raw/fashion-product-images-small/images/29178.jpg,Apparel,Bottomwear,Jeans,Blue,United Colors of Benetton Women Washed Blue Jeans
27503,27503,data/raw/fashion-product-images-small/images/27503.jpg,Apparel,Innerwear,Bra,Red,Jockey Signature Stretch Red Bra SS 12
32158,32158,data/raw/fashion-product-images-small/images/32158.jpg,Accessories,Socks,Socks,Navy Blue,Playboy Women Playmate Navy Socks
2207,2207,data/raw/fashion-product-images-small/images/2207.jpg,Apparel,Topwear,Tshirts,Blue,ADIDAS Men Stripe Blue T-shirt
26355,26355,data/raw/fashion-product-images-small/images/26355.jpg,Apparel,Dress,Dresses,Purple,Arrow Woman Printed Purple Dress
13031,13031,data/raw/fashion-product-images-small/images/13031.jpg,Footwear,Shoes,Heels,Brown,Inc 5 Women Casual Brown Heels
36493,36493,data/raw/fashion-product-images-small/images/36493.jpg,Apparel,Topwear,Kurtas,Orange,Folklore Women Orange Kurta
7806,7806,data/raw/fashion-product-images-small/images/7806.jpg,Footwear,Shoes,Casual Shoes,White,Puma Men's Basket Classic White Shoe
17072,17072,data/raw/fashion-product-images-small/images/17072.jpg,Accessories,Belts,Belts,Grey,Lino Perros Women Weaved  Grey Belt
12182,12182,data/raw/fashion-product-images-small/images/12182.jpg,Apparel,Topwear,Shirts,Blue,Basics Men Blue Slim Fit Checked Shirt
47255,47255,data/raw/fashion-product-images-small/images/47255.jpg,Apparel,Innerwear,Briefs,Grey Melange,FCUK Underwear Men Grey Melange Brief
43223,43223,data/raw/fashion-product-images-small/images/43223.jpg,Apparel,Bottomwear,Trousers,Black,United Colors of Benetton Women Black Trouser
20121,20121,data/raw/fashion-product-images-small/images/20121.jpg,Apparel,Topwear,Tops,Blue,Wrangler Women Lace Blue Top
21694,21694,data/raw/fashion-product-images-small/images/21694.jpg,Accessories,Watches,Watches,Brown,Fossil Women Brown Dial Watch ES2949
41712,41712,data/raw/fashion-product-images-small/images/41712.jpg,Footwear,Shoes,Heels,Teal,Catwalk Women Teal Wedges
9624,9624,data/raw/fashion-product-images-small/images/9624.jpg,Apparel,Topwear,Shirts,Blue,Indigo Nation Men Plain Light Blue Shirts
36066,36066,data/raw/fashion-product-images-small/images/36066.jpg,Accessories,Bags,Backpacks,Blue,OTLS Unisex Blue Backpack
31919,31919,data/raw/fashion-product-images-small/images/31919.jpg,Accessories,Bags,Clutches,Blue,Fabindia Women Blue Silk Clutch
40521,40521,data/raw/fashion-product-images-small/images/40521.jpg,Accessories,Watches,Watches,Cream,Titan Men Cream Dial Watch
52090,52090,data/raw/fashion-product-images-small/images/52090.jpg,Apparel,Topwear,Tshirts,Pink,Myntra Women Pink T-shirt
28381,28381,data/raw/fashion-product-images-small/images/28381.jpg,Accessories,Eyewear,Sunglasses,Black,I Dee Men Black Sunglasses
42554,42554,data/raw/fashion-product-images-small/images/42554.jpg,Apparel,Topwear,Kurtas,White,Mother Earth Women White & Black Kurta
32207,32207,data/raw/fashion-product-images-small/images/32207.jpg,Apparel,Topwear,Kurtas,Mustard,Fabindia Women Mustard Kurta
42621,42621,data/raw/fashion-product-images-small/images/42621.jpg,Accessories,Jewellery,Earrings,Gold,Estelle Women Earrings
15110,15110,data/raw/fashion-product-images-small/images/15110.jpg,Apparel,Bottomwear,Trousers,Black,Arrow Men TR Finish Black Trousers
5699,5699,data/raw/fashion-product-images-small/images/5699.jpg,Footwear,Shoes,Casual Shoes,Black,Skechers Men's Striking Black Shoe
42672,42672,data/raw/fashion-product-images-small/images/42672.jpg,Apparel,Topwear,Kurtas,Red,Alma Women Red Printed Kurta
9612,9612,data/raw/fashion-product-images-small/images/9612.jpg,Apparel,Topwear,Shirts,Yellow,Indigo Nation Men Stripes Yellow Shirt
33869,33869,data/raw/fashion-product-images-small/images/33869.jpg,Accessories,Watches,Watches,Steel,Citizen Men Sliver Dial Chronograph Watch
22593,22593,data/raw/fashion-product-images-small/images/22593.jpg,Apparel,Topwear,Tshirts,Purple,Nike Women Purple T-shirt
58508,58508,data/raw/fashion-product-images-small/images/58508.jpg,Apparel,Topwear,Sweaters,Grey,Tonga Women Grey Sweater
25144,25144,data/raw/fashion-product-images-small/images/25144.jpg,Accessories,Bags,Handbags,Orange,Lino Perros Women Leatherite Orange Handbag
51028,51028,data/raw/fashion-product-images-small/images/51028.jpg,Apparel,Innerwear,Bra,Teal,Enamor Teal Smooth Bra
29514,29514,data/raw/fashion-product-images-small/images/29514.jpg,Accessories,Watches,Watches,White,Playboy Women White Dial Watch
46423,46423,data/raw/fashion-product-images-small/images/46423.jpg,Accessories,Watches,Watches,White,Timex Women Pearl White Dial Watch
15793,15793,data/raw/fashion-product-images-small/images/15793.jpg,Apparel,Innerwear,Briefs,Navy Blue,Facit Men Navy Blue Comfort Briefs
47195,47195,data/raw/fashion-product-images-small/images/47195.jpg,Footwear,Sandal,Sandals,Black,Franco Leone Men Black Sandals
15626,15626,data/raw/fashion-product-images-small/images/15626.jpg,Apparel,Topwear,Jackets,Red,Nike Men AS Manu Auth CL N98 Red Jackets
58459,58459,data/raw/fashion-product-images-small/images/58459.jpg,Apparel,Topwear,Tshirts,Navy Blue,Madagascar 3 Boys Navy Blue T-shirt
6101,6101,data/raw/fashion-product-images-small/images/6101.jpg,Apparel,Topwear,Tshirts,Blue,UCB Women's Basic Round Neck Blue T-shirt
13932,13932,data/raw/fashion-product-images-small/images/13932.jpg,Apparel,Topwear,Shirts,Red,United Colors of Benetton Men Check Red Shirts
33367,33367,data/raw/fashion-product-images-small/images/33367.jpg,Accessories,Bags,Clutches,Black,Baggit Women Hero Brush Black Clutch
20067,20067,data/raw/fashion-product-images-small/images/20067.jpg,Accessories,Belts,Belts,Green,United Colors of Benetton Women Solid Green Belt
9680,9680,data/raw/fashion-product-images-small/images/9680.jpg,Apparel,Topwear,Tshirts,Navy Blue,ADIDAS Men Navy Blue Tshirts
54482,54482,data/raw/fashion-product-images-small/images/54482.jpg,Apparel,Innerwear,Briefs,Olive,Hanes Men Pack of Two Premium Bikini Briefs
13935,13935,data/raw/fashion-product-images-small/images/13935.jpg,Apparel,Topwear,Tshirts,Pink,United Colors of Benetton Women Pink Polo Tshirts
58321,58321,data/raw/fashion-product-images-small/images/58321.jpg,Accessories,Socks,Socks,White,Jockey LCESCBRA Men White Pack of 3 Socks 2004
19716,19716,data/raw/fashion-product-images-small/images/19716.jpg,Apparel,Topwear,Shirts,Blue,United Colors of Benetton Men Solid Blue Shirt
25566,25566,data/raw/fashion-product-images-small/images/25566.jpg,Footwear,Shoes,Sports Shoes,Black,Fila Men Swift Black Sports Shoes
38436,38436,data/raw/fashion-product-images-small/images/38436.jpg,Accessories,Bags,Handbags,Black,Baggit Women Black Handbag
9960,9960,data/raw/fashion-product-images-small/images/9960.jpg,Apparel,Topwear,Tshirts,Black,Nike Men Jdi Remix Crew Black T-Shirts
59013,59013,data/raw/fashion-product-images-small/images/59013.jpg,Footwear,Shoes,Sports Shoes,Navy Blue,Skechers Men Navy Blue Sports Shoes
45912,45912,data/raw/fashion-product-images-small/images/45912.jpg,Accessories,Watches,Watches,Silver,Maxima Women Silver Dial Watch
19892,19892,data/raw/fashion-product-images-small/images/19892.jpg,Accessories,Belts,Belts,Black,Lee Men Canvas Black Belt
21600,21600,data/raw/fashion-product-images-small/images/21600.jpg,Apparel,Bottomwear,Track Pants,Navy Blue,Urban Yoga Men Solid Navy Blue Track Pants
46442,46442,data/raw/fashion-product-images-small/images/46442.jpg,Accessories,Watches,Watches,Silver,Timex Men Silver Dial Watch
12101,12101,data/raw/fashion-product-images-small/images/12101.jpg,Apparel,Topwear,Kurtas,Pink,W Women Printed Pink Kurtas
8616,8616,data/raw/fashion-product-images-small/images/8616.jpg,Accessories,Eyewear,Sunglasses,Brown,Fastrack Unisex Sunglasses M035BR6
53776,53776,data/raw/fashion-product-images-small/images/53776.jpg,Apparel,Bottomwear,Shorts,Green,Puma Men Green Shorts
21397,21397,data/raw/fashion-product-images-small/images/21397.jpg,Apparel,Topwear,Tshirts,White,Locomotive Men Printed White T-shirt
28934,28934,data/raw/fashion-product-images-small/images/28934.jpg,Apparel,Topwear,Tshirts,Charcoal,Mr. Men Printed Charcoal T-shirt
9714,9714,data/raw/fashion-product-images-small/images/9714.jpg,Apparel,Topwear,Tshirts,Black,Classic Polo Men Vulcan Black Polo Tshirts
33222,33222,data/raw/fashion-product-images-small/images/33222.jpg,Apparel,Topwear,Tunics,Brown,Sepia Women Brown Tunic
13519,13519,data/raw/fashion-product-images-small/images/13519.jpg,Apparel,Topwear,Sweatshirts,White,Spykar Men Stripes White Sweatshirts
42135,42135,data/raw/fashion-product-images-small/images/42135.jpg,Footwear,Shoes,Sports Shoes,Grey,Nike Men Grey Lunarfly Sports Shoes
30859,30859,data/raw/fashion-product-images-small/images/30859.jpg,Apparel,Topwear,Kurtas,Pink,Fabindia Women Pink Kurta
41299,41299,data/raw/fashion-product-images-small/images/41299.jpg,Apparel,Topwear,Tops,Pink,Gini and Jony Girls Pink Top
30885,30885,data/raw/fashion-product-images-small/images/30885.jpg,Apparel,Topwear,Kurtas,Peach,Fabindia Women Printed Peach Kurta
52309,52309,data/raw/fashion-product-images-small/images/52309.jpg,Accessories,Jewellery,Necklace and Chains,Multi,ToniQ Women Multi Coloured Necklace
53621,53621,data/raw/fashion-product-images-small/images/53621.jpg,Accessories,Watches,Watches,Black,Q&Q Men Black Watch
3586,3586,data/raw/fashion-product-images-small/images/3586.jpg,Footwear,Shoes,Casual Shoes,Black,Converse Men Black All Star Canvas Mono Hi Casual Shoes
51403,51403,data/raw/fashion-product-images-small/images/51403.jpg,Apparel,Topwear,Shirts,Navy Blue,Myntra Men Blue and White Check Shirt
53059,53059,data/raw/fashion-product-images-small/images/53059.jpg,Accessories,Bags,Handbags,Beige,Rocia Women Beige Handbag
11921,11921,data/raw/fashion-product-images-small/images/11921.jpg,Footwear,Shoes,Formal Shoes,Brown,Franco Leone Men Brown Leather Formal Shoes
59177,59177,data/raw/fashion-product-images-small/images/59177.jpg,Footwear,Shoes,Casual Shoes,Olive,Gliders Men Olive Shoes
53723,53723,data/raw/fashion-product-images-small/images/53723.jpg,Footwear,Flip Flops,Flip Flops,White,ADIDAS Women White Flip Flops
50936,50936,data/raw/fashion-product-images-small/images/50936.jpg,Apparel,Innerwear,Innerwear Vests,Black,Parx Men Black Innerwear Vests
14876,14876,data/raw/fashion-product-images-small/images/14876.jpg,Apparel,Bottomwear,Stockings,Grey,United Colors of Benetton Women Solid Grey Stockings
18559,18559,data/raw/fashion-product-images-small/images/18559.jpg,Footwear,Shoes,Heels,Brown,Catwalk Women Casual Brown Flats
42882,42882,data/raw/fashion-product-images-small/images/42882.jpg,Accessories,Bags,Handbags,Brown,French Connection Women Brown Sling Bag
4110,4110,data/raw/fashion-product-images-small/images/4110.jpg,Footwear,Sandal,Sandals,Green,Fila Men Obsidian Olive Sandal
50302,50302,data/raw/fashion-product-images-small/images/50302.jpg,Accessories,Ties,Ties,Brown,Park Avenue Men Brown Tie
3869,3869,data/raw/fashion-product-images-small/images/3869.jpg,Apparel,Topwear,Tshirts,Blue,Wrangler Men's Cowboy Photo Blue T-shirt
14908,14908,data/raw/fashion-product-images-small/images/14908.jpg,Accessories,Eyewear,Sunglasses,Blue,United Colors of Benetton Women Funky Blue Sunglasses
48375,48375,data/raw/fashion-product-images-small/images/48375.jpg,Apparel,Topwear,Shirts,Black,French Connection Men Black & Grey Shirt
6469,6469,data/raw/fashion-product-images-small/images/6469.jpg,Footwear,Shoes,Casual Shoes,Beige,Numero Uno Men's Brown Beige Shoe
15870,15870,data/raw/fashion-product-images-small/images/15870.jpg,Footwear,Shoes,Casual Shoes,Blue,Warner Bros Kids Unisex TJ Notebook Canvas Blue Casual Shoes
35406,35406,data/raw/fashion-product-images-small/images/35406.jpg,Footwear,Sandal,Sandals,Brown,Enroute Men Brown Sandals
2923,2923,data/raw/fashion-product-images-small/images/2923.jpg,Apparel,Topwear,Tshirts,Green,DUSG Men's Sariska Organic Olive T-shirt
15622,15622,data/raw/fashion-product-images-small/images/15622.jpg,Apparel,Bottomwear,Track Pants,Black,Nike Men AD Breakline OH Black Track Pants
52487,52487,data/raw/fashion-product-images-small/images/52487.jpg,Apparel,Innerwear,Camisoles,Pink,Red Rose Pink Camisole
9540,9540,data/raw/fashion-product-images-small/images/9540.jpg,Apparel,Topwear,Tshirts,Red,Nike Men Asss Crusier Graphic Red T-Shirts
5930,5930,data/raw/fashion-product-images-small/images/5930.jpg,Footwear,Shoes,Casual Shoes,Black,ADIDAS Men's Sheridan Black Shoe
22542,22542,data/raw/fashion-product-images-small/images/22542.jpg,Footwear,Shoes,Sports Shoes,White,Lotto  Kids-Boy Jumper  White Sports Shoes
40563,40563,data/raw/fashion-product-images-small/images/40563.jpg,Accessories,Watches,Watches,White,Titan Women White Dial Watch NB9701WM01
10223,10223,data/raw/fashion-product-images-small/images/10223.jpg,Accessories,Bags,Handbags,Green,Murcia Women Zoe Green Handbags
7785,7785,data/raw/fashion-product-images-small/images/7785.jpg,Apparel,Topwear,Tshirts,Charcoal,Proline Men Charcoal Grey Polo T-shirt
20779,20779,data/raw/fashion-product-images-small/images/20779.jpg,Footwear,Shoes,Flats,Gold,Carlton London Women Classy Gold Sandals
19333,19333,data/raw/fashion-product-images-small/images/19333.jpg,Apparel,Topwear,Jackets,Navy Blue,United Colors of Benetton Women Solid Navy Blue Jacket
18893,18893,data/raw/fashion-product-images-small/images/18893.jpg,Apparel,Topwear,Tops,Purple,Arrow Woman Eleana Purple Top
15202,15202,data/raw/fashion-product-images-small/images/15202.jpg,Apparel,Topwear,Tshirts,Blue,Arrow Sport Men Solid Blue Polo Tshirts
2009,2009,data/raw/fashion-product-images-small/images/2009.jpg,Apparel,Topwear,Tshirts,White,ADIDAS Mens Classic White Polo T-shirt
29084,29084,data/raw/fashion-product-images-small/images/29084.jpg,Accessories,Wallets,Wallets,Black,Fastrack Men Black Wallet
13865,13865,data/raw/fashion-product-images-small/images/13865.jpg,Apparel,Topwear,Shirts,Green,Scullers Men Check Green Shirts
10357,10357,data/raw/fashion-product-images-small/images/10357.jpg,Apparel,Topwear,Tshirts,Maroon,United Colors of Benetton Men Maroon Polo Tshirt
8972,8972,data/raw/fashion-product-images-small/images/8972.jpg,Footwear,Shoes,Sports Shoes,Brown,Puma Men Drift Cat III CF Brown Sports Shoes
17411,17411,data/raw/fashion-product-images-small/images/17411.jpg,Footwear,Shoes,Sports Shoes,White,Lotto Men Basketball Mid White Sports Shoe
37533,37533,data/raw/fashion-product-images-small/images/37533.jpg,Apparel,Innerwear,Innerwear Vests,Yellow,Madagascar3 Boys Yellow Innerwear Vest
52104,52104,data/raw/fashion-product-images-small/images/52104.jpg,Apparel,Topwear,Kurtas,Green,Myntra Women Green Printed Kurta
13455,13455,data/raw/fashion-product-images-small/images/13455.jpg,Apparel,Topwear,Tshirts,White,United Colors of Benetton Women White Polo T-shirts
23888,23888,data/raw/fashion-product-images-small/images/23888.jpg,Footwear,Shoes,Sports Shoes,White,Fila Men Clutch White Sports Shoes
18987,18987,data/raw/fashion-product-images-small/images/18987.jpg,Apparel,Topwear,Tshirts,Blue,ADIDAS Originals Men St Grp Blue T-Shirt
27495,27495,data/raw/fashion-product-images-small/images/27495.jpg,Apparel,Innerwear,Briefs,White,Jockey Women White Briefs
53035,53035,data/raw/fashion-product-images-small/images/53035.jpg,Apparel,Saree,Sarees,Multi,FNF Multi Coloured Printed Sari
6932,6932,data/raw/fashion-product-images-small/images/6932.jpg,Apparel,Topwear,Tshirts,Grey,Tantra Men's Time Zone Grey T-shirt
25468,25468,data/raw/fashion-product-images-small/images/25468.jpg,Footwear,Shoes,Sports Shoes,White,Nike Men White Ballista Sports Shoes
6288,6288,data/raw/fashion-product-images-small/images/6288.jpg,Footwear,Flip Flops,Flip Flops,Red,Puma Unisex Matrix Red White Flip Flop
7396,7396,data/raw/fashion-product-images-small/images/7396.jpg,Footwear,Shoes,Casual Shoes,Grey,Red Tape Men Grey Casual Shoes
13662,13662,data/raw/fashion-product-images-small/images/13662.jpg,Apparel,Topwear,Shirts,White,Genesis Men Blue Stripe Shirt
56907,56907,data/raw/fashion-product-images-small/images/56907.jpg,Footwear,Shoes,Heels,Black,HM Women Black Heels
51589,51589,data/raw/fashion-product-images-small/images/51589.jpg,Apparel,Bottomwear,Jeggings,Blue,Wrangler Women Blue Jeggings
30184,30184,data/raw/fashion-product-images-small/images/30184.jpg,Accessories,Bags,Handbags,Pink,Nike Women Athletes Rowena Pink Handbag
12446,12446,data/raw/fashion-product-images-small/images/12446.jpg,Accessories,Wallets,Wallets,Black,Timberland Men Casual Black Wallets
6013,6013,data/raw/fashion-product-images-small/images/6013.jpg,Apparel,Topwear,Shirts,White,Highlander Men White Purple Black Grey Checked Shirt
43664,43664,data/raw/fashion-product-images-small/images/43664.jpg,Apparel,Topwear,Tunics,Pink,ONLY Women Pink Tunic
16915,16915,data/raw/fashion-product-images-small/images/16915.jpg,Apparel,Topwear,Sweaters,Black,Spykar Men Black Sweater
6287,6287,data/raw/fashion-product-images-small/images/6287.jpg,Apparel,Topwear,Tshirts,Yellow,Classic Polo Men's Swiss Yellow T-shirt
36354,36354,data/raw/fashion-product-images-small/images/36354.jpg,Accessories,Ties,Ties,Black,Reid & Taylor Men Black Tie
11609,11609,data/raw/fashion-product-images-small/images/11609.jpg,Apparel,Topwear,Kurtas,Red,W Women Solid Red Kurtas
27690,27690,data/raw/fashion-product-images-small/images/27690.jpg,Accessories,Bags,Handbags,Black,Murcia Women Black Handbag
50029,50029,data/raw/fashion-product-images-small/images/50029.jpg,Apparel,Innerwear,Innerwear Vests,White,Hanes Men Pack of 2 White 100% Cotton Sleeveless Vests
47009,47009,data/raw/fashion-product-images-small/images/47009.jpg,Apparel,Topwear,Kurtas,Brown,Shree Women Brown Kurta
30328,30328,data/raw/fashion-product-images-small/images/30328.jpg,Apparel,Topwear,Tshirts,Black,Myntra Men Swag on Black T-shirt
22756,22756,data/raw/fashion-product-images-small/images/22756.jpg,Apparel,Topwear,Kurtas,Red,BIBA Women Solid Red Kurta
37538,37538,data/raw/fashion-product-images-small/images/37538.jpg,Apparel,Socks,Booties,Blue,Madagascar 3 Infant Boys Blue Booties
57931,57931,data/raw/fashion-product-images-small/images/57931.jpg,Apparel,Topwear,Tshirts,Grey Melange,French Connection Men Grey Melange T-shirt
17839,17839,data/raw/fashion-product-images-small/images/17839.jpg,Footwear,Shoes,Sports Shoes,White,Nike Men Air Impel Leather White Sports Shoe
4193,4193,data/raw/fashion-product-images-small/images/4193.jpg,Apparel,Topwear,Tops,Pink,Disney Kids Girl's Spaghetti Pink Pooh Top Kidswear
34269,34269,data/raw/fashion-product-images-small/images/34269.jpg,Apparel,Topwear,Dupatta,Mauve,Fabindia Women Mauve Silk Dupatta
17011,17011,data/raw/fashion-product-images-small/images/17011.jpg,Footwear,Shoes,Flats,Silver,Rocia Women Brown Heels
50038,50038,data/raw/fashion-product-images-small/images/50038.jpg,Apparel,Innerwear,Bra,Black,Hanes Women Black Concealing Petals Wirefree Moulded Bra
32313,32313,data/raw/fashion-product-images-small/images/32313.jpg,Accessories,Watches,Watches,Red,Q&Q Women Red Dial Watch
47124,47124,data/raw/fashion-product-images-small/images/47124.jpg,Footwear,Shoes,Casual Shoes,Grey,Marvel Boys Grey Web Spider Casual Shoes
39377,39377,data/raw/fashion-product-images-small/images/39377.jpg,Accessories,Watches,Watches,Black,Helix Women Black Dial Watch
2694,2694,data/raw/fashion-product-images-small/images/2694.jpg,Apparel,Topwear,Shirts,Red,Disney Kids Boy's Red Twofur Layered Kidswear
10431,10431,data/raw/fashion-product-images-small/images/10431.jpg,Apparel,Topwear,Shirts,Grey,Flying Machine Men Ydc Grey Shirts
23621,23621,data/raw/fashion-product-images-small/images/23621.jpg,Apparel,Dress,Dresses,Navy Blue,Doodle Kids Girls Navy Blue Floral Print Dress
20710,20710,data/raw/fashion-product-images-small/images/20710.jpg,Footwear,Shoes,Casual Shoes,Black,Red Tape Men Black Casual Shoes
8775,8775,data/raw/fashion-product-images-small/images/8775.jpg,Apparel,Topwear,Shirts,Green,Indigo Nation Men Bwd Plaids Green Shirts
51719,51719,data/raw/fashion-product-images-small/images/51719.jpg,Accessories,Eyewear,Sunglasses,Purple,Allen Solly Unisex Sunglasses AS234-C3
44694,44694,data/raw/fashion-product-images-small/images/44694.jpg,Apparel,Dress,Dresses,White,Wills Lifestyle Women Multi Coloured Dress
9551,9551,data/raw/fashion-product-images-small/images/9551.jpg,Apparel,Topwear,Tshirts,Blue,Nike Men As Race Day Ss Blue T-Shirts
4838,4838,data/raw/fashion-product-images-small/images/4838.jpg,Apparel,Topwear,Tshirts,White,Sher Singh Men's Cricket White Polo T-shirt
43155,43155,data/raw/fashion-product-images-small/images/43155.jpg,Accessories,Watches,Watches,Black,Fastrack Women Black Dial Watch
7180,7180,data/raw/fashion-product-images-small/images/7180.jpg,Apparel,Bottomwear,Jeans,Blue,Jealous 21 Women Zipped Ankle Shimmer Blue Jeans
34063,34063,data/raw/fashion-product-images-small/images/34063.jpg,Apparel,Dress,Dresses,Pink,Gini and Jony Girls Printed Pink Dress
59293,59293,data/raw/fashion-product-images-small/images/59293.jpg,Accessories,Watches,Watches,White,Titan Edge Men White Dial Watch
17535,17535,data/raw/fashion-product-images-small/images/17535.jpg,Apparel,Topwear,Shirts,Red,Mark Taylor Men Red & White Striped Shirt
32378,32378,data/raw/fashion-product-images-small/images/32378.jpg,Apparel,Dress,Dresses,Cream,Arrow Woman Printed Multi Coloured Dress
16972,16972,data/raw/fashion-product-images-small/images/16972.jpg,Footwear,Sandal,Sandals,Black,Puma Men Cooper Black Sandal
36727,36727,data/raw/fashion-product-images-small/images/36727.jpg,Apparel,Topwear,Tops,Blue,Gini and Jony Girls Printed Blue Top
49878,49878,data/raw/fashion-product-images-small/images/49878.jpg,Accessories,Watches,Watches,Pink,Q&Q Women Pink Dial Watch S073-803Y
12694,12694,data/raw/fashion-product-images-small/images/12694.jpg,Footwear,Shoes,Sports Shoes,White,Nike Men Atlntc Bl White Sports Shoes
25228,25228,data/raw/fashion-product-images-small/images/25228.jpg,Accessories,Bags,Handbags,Blue,Lino Perros Women Blue Handbag
35971,35971,data/raw/fashion-product-images-small/images/35971.jpg,Apparel,Topwear,Tshirts,Black,Flying Machine Men Tee Black T-shirt
56891,56891,data/raw/fashion-product-images-small/images/56891.jpg,Footwear,Shoes,Heels,Red,HM Women Red Flats
33511,33511,data/raw/fashion-product-images-small/images/33511.jpg,Footwear,Shoes,Casual Shoes,Teal,Cobblerz Women Teal Green Boots
34523,34523,data/raw/fashion-product-images-small/images/34523.jpg,Footwear,Sandal,Sandals,Black,Red Tape Men Black Sandals
5545,5545,data/raw/fashion-product-images-small/images/5545.jpg,Apparel,Topwear,Tshirts,Blue,Nike Men's Casual Blue T-shirt
14981,14981,data/raw/fashion-product-images-small/images/14981.jpg,Accessories,Belts,Belts,Brown,New Hide Men Solid Brown Belts
29088,29088,data/raw/fashion-product-images-small/images/29088.jpg,Footwear,Shoes,Casual Shoes,Black,Converse Unisex Printed Black Shoes
25905,25905,data/raw/fashion-product-images-small/images/25905.jpg,Apparel,Bottomwear,Leggings,Blue,Femella Women Blue Skinny Leggings
26346,26346,data/raw/fashion-product-images-small/images/26346.jpg,Accessories,Watches,Watches,White,DKNY Women White Dial Chronograph Watch NY8321
33264,33264,data/raw/fashion-product-images-small/images/33264.jpg,Apparel,Bottomwear,Shorts,Beige,Gini and Jony Boys Beige Shorts
4284,4284,data/raw/fashion-product-images-small/images/4284.jpg,Footwear,Shoes,Formal Shoes,Black,Rockport Men Arratoon Black Shoe
15270,15270,data/raw/fashion-product-images-small/images/15270.jpg,Footwear,Shoes,Casual Shoes,Pink,ADIDAS Originals Women Top Ten low Sleek Pink Casual Shoes
22668,22668,data/raw/fashion-product-images-small/images/22668.jpg,Accessories,Bags,Backpacks,Grey,Wildcraft Unisex Gear for Life Grey Backpack
20180,20180,data/raw/fashion-product-images-small/images/20180.jpg,Apparel,Topwear,Shirts,Blue,Wrangler Men Rodeo Blue Shirt
20303,20303,data/raw/fashion-product-images-small/images/20303.jpg,Apparel,Topwear,Sweaters,Purple,Jealous 21 Women Solid Purple Sweater
43829,43829,data/raw/fashion-product-images-small/images/43829.jpg,Accessories,Jewellery,Earrings,Gold,Royal Diadem Green Earrings
16777,16777,data/raw/fashion-product-images-small/images/16777.jpg,Accessories,Watches,Watches,White,ADIDAS Originals Unisex White Digital Watch ADH4058
24213,24213,data/raw/fashion-product-images-small/images/24213.jpg,Footwear,Shoes,Sports Shoes,Black,Nike Men Transform III Black Sports Shoes
26586,26586,data/raw/fashion-product-images-small/images/26586.jpg,Footwear,Shoes,Sports Shoes,White,Puma Men Esito Vulc Cetto White Sports Shoes
11255,11255,data/raw/fashion-product-images-small/images/11255.jpg,Apparel,Topwear,Tshirts,Black,Puma Men Ferrari Logo Black Tshirt
37435,37435,data/raw/fashion-product-images-small/images/37435.jpg,Accessories,Bags,Handbags,Black,Murcia Women Black Handbag
41991,41991,data/raw/fashion-product-images-small/images/41991.jpg,Apparel,Topwear,Shirts,Black,Gini and Jony Boys Check Black Shirt
57370,57370,data/raw/fashion-product-images-small/images/57370.jpg,Apparel,Innerwear,Briefs,Cream,Amante Women Cream-Coloured Briefs PCPP01
6228,6228,data/raw/fashion-product-images-small/images/6228.jpg,Apparel,Topwear,Tshirts,Pink,UCB Women's Basic Round Pink T-shirt
54629,54629,data/raw/fashion-product-images-small/images/54629.jpg,Accessories,Watches,Watches,Black,Fastrack Men Black Dial Watch
3725,3725,data/raw/fashion-product-images-small/images/3725.jpg,Apparel,Topwear,Tshirts,Blue,Lee  Women's Blue T-shirt
24505,24505,data/raw/fashion-product-images-small/images/24505.jpg,Apparel,Topwear,Kurtas,Red,Mother Earth Women Red Printed Kurta
51181,51181,data/raw/fashion-product-images-small/images/51181.jpg,Accessories,Socks,Socks,Brown,Raymond Men Brown Socks
18699,18699,data/raw/fashion-product-images-small/images/18699.jpg,Apparel,Innerwear,Briefs,Blue,Hanes Men Blue Ultimate Duo Dry Cotton Stretch Bikini Briefs
4168,4168,data/raw/fashion-product-images-small/images/4168.jpg,Footwear,Shoes,Sports Shoes,Red,Reebok Men's Premier Ultra Form Red Shoe
34647,34647,data/raw/fashion-product-images-small/images/34647.jpg,Footwear,Shoes,Sports Shoes,White,Fila Men Notch White Sports Shoes
44640,44640,data/raw/fashion-product-images-small/images/44640.jpg,Footwear,Shoes,Sports Shoes,Orange,Nike Men Orange Mercurial Victory Sports Shoes
16746,16746,data/raw/fashion-product-images-small/images/16746.jpg,Accessories,Bags,Clutches,Cream,Spice Art Women Zircons Cream Clutch
51582,51582,data/raw/fashion-product-images-small/images/51582.jpg,Apparel,Bottomwear,Jeggings,Black,Wrangler Women Black Jeggings
7202,7202,data/raw/fashion-product-images-small/images/7202.jpg,Apparel,Topwear,Tops,Blue,Jealous 21 Women Band With Blue Top
14381,14381,data/raw/fashion-product-images-small/images/14381.jpg,Footwear,Shoes,Heels,Brown,Catwalk Women Casual Brown Sandals
50703,50703,data/raw/fashion-product-images-small/images/50703.jpg,Apparel,Topwear,Tops,Red,Latin Quarters Women Red & Black Top
28700,28700,data/raw/fashion-product-images-small/images/28700.jpg,Apparel,Topwear,Kurtas,Peach,W Women Printed Peach Kurta
15321,15321,data/raw/fashion-product-images-small/images/15321.jpg,Apparel,Topwear,Jackets,Black,Nike Men Solid Black Jackets
29891,29891,data/raw/fashion-product-images-small/images/29891.jpg,Accessories,Eyewear,Sunglasses,Black,Mayhem Women Sunglasses 1015-104
48949,48949,data/raw/fashion-product-images-small/images/48949.jpg,Accessories,Jewellery,Ring,Steel,Revv Men Steel Ring
18760,18760,data/raw/fashion-product-images-small/images/18760.jpg,Apparel,Topwear,Shirts,Grey,Arrow Woman Aiyanna Grey Shirt
33604,33604,data/raw/fashion-product-images-small/images/33604.jpg,Accessories,Wallets,Wallets,Purple,Lino Perros Women Leather Purple Wallet
48138,48138,data/raw/fashion-product-images-small/images/48138.jpg,Accessories,Wallets,Wallets,Purple,Fossil Women Purple Wallet
21188,21188,data/raw/fashion-product-images-small/images/21188.jpg,Footwear,Flip Flops,Flip Flops,Black,ADIDAS Men Adi Stars Tread Black Flip Flops
56956,56956,data/raw/fashion-product-images-small/images/56956.jpg,Footwear,Shoes,Heels,Metallic,HM Women Metallic Flats
52800,52800,data/raw/fashion-product-images-small/images/52800.jpg,Accessories,Wallets,Wallets,Black,JAG Men Black Leather Wallet
13757,13757,data/raw/fashion-product-images-small/images/13757.jpg,Apparel,Topwear,Shirts,Blue,Belmonte Men Check Blue Shirts
7098,7098,data/raw/fashion-product-images-small/images/7098.jpg,Accessories,Bags,Backpacks,Green,Wildcraft Unisex Green & Grey Eiger Backpack
43959,43959,data/raw/fashion-product-images-small/images/43959.jpg,Footwear,Sandal,Sandals,Grey,Puma Men Grey Sandals
6690,6690,data/raw/fashion-product-images-small/images/6690.jpg,Apparel,Topwear,Tshirts,Red,UCB Men's United Colors Flock Red T-shirt
25532,25532,data/raw/fashion-product-images-small/images/25532.jpg,Apparel,Topwear,Shirts,Purple,Wrangler Men Benefica Purple Shirt
2055,2055,data/raw/fashion-product-images-small/images/2055.jpg,Apparel,Topwear,Tshirts,Grey,Lee Men's Sahara Storm Rider T-shirt
15962,15962,data/raw/fashion-product-images-small/images/15962.jpg,Apparel,Topwear,Jackets,Khaki,Turtle Solid Men Khaki Jacket
12088,12088,data/raw/fashion-product-images-small/images/12088.jpg,Apparel,Topwear,Kurtas,Brown,W Women Printed Brown Kurtas
32553,32553,data/raw/fashion-product-images-small/images/32553.jpg,Footwear,Shoes,Casual Shoes,Brown,Playboy Men Brown Shoes
13555,13555,data/raw/fashion-product-images-small/images/13555.jpg,Footwear,Shoes,Casual Shoes,Red,Carlton London Women Casual Red Casual Shoes
44601,44601,data/raw/fashion-product-images-small/images/44601.jpg,Accessories,Wallets,Wallets,Beige,Van Heusen Men Beige Wallet
18234,18234,data/raw/fashion-product-images-small/images/18234.jpg,Apparel,Topwear,Tshirts,Grey,Manchester United Men Printed Grey Tshirt
56915,56915,data/raw/fashion-product-images-small/images/56915.jpg,Footwear,Shoes,Heels,Gold,HM Women Golden Heels
51640,51640,data/raw/fashion-product-images-small/images/51640.jpg,Accessories,Watches,Watches,Black,Fossil Men Black Dial Chronograph Watch JR1369
21142,21142,data/raw/fashion-product-images-small/images/21142.jpg,Apparel,Topwear,Tops,Grey,s.Oliver Women Grey Top
26340,26340,data/raw/fashion-product-images-small/images/26340.jpg,Accessories,Watches,Watches,White,DKNY Women White Dial Watch NY8139
24416,24416,data/raw/fashion-product-images-small/images/24416.jpg,Footwear,Shoes,Sports Shoes,White,ADIDAS Men Opticourt Ligra White Sports Shoes
28421,28421,data/raw/fashion-product-images-small/images/28421.jpg,Accessories,Eyewear,Sunglasses,Black,Idee Men Black Sunglasses
28454,28454,data/raw/fashion-product-images-small/images/28454.jpg,Apparel,Bottomwear,Capris,Black,Urban Yoga Women Black Capris
33733,33733,data/raw/fashion-product-images-small/images/33733.jpg,Accessories,Belts,Belts,Mauve,Pieces Women Mauve Braided Belt
3401,3401,data/raw/fashion-product-images-small/images/3401.jpg,Accessories,Bags,Handbags,Black,Murcia Women Black Hobo Handbag
33473,33473,data/raw/fashion-product-images-small/images/33473.jpg,Accessories,Belts,Belts,Brown,Baggit Women Choti Jhuti Brown Belt
56267,56267,data/raw/fashion-product-images-small/images/56267.jpg,Apparel,Loungewear and Nightwear,Night suits,Navy Blue,SDL by Sweet Dreams Men Grey & Blue Pyjama Set
15018,15018,data/raw/fashion-product-images-small/images/15018.jpg,Apparel,Topwear,Sweatshirts,Grey,ADIDAS Men Printed Grey Sweatshirts
12393,12393,data/raw/fashion-product-images-small/images/12393.jpg,Accessories,Socks,Socks,Black,Reid & Taylor Men Solid Black Socks
53731,53731,data/raw/fashion-product-images-small/images/53731.jpg,Footwear,Shoes,Casual Shoes,White,Puma Men White & Black Contest Lo Casual Shoes
45535,45535,data/raw/fashion-product-images-small/images/45535.jpg,Apparel,Topwear,Tshirts,White,Fila Men White T-Shirt
56651,56651,data/raw/fashion-product-images-small/images/56651.jpg,Apparel,Topwear,Tops,Beige,Mumbai Slang Women Beige Top
6037,6037,data/raw/fashion-product-images-small/images/6037.jpg,Apparel,Topwear,Tshirts,Blue,UCB Women's With Crystal Benetton At Front Blue T-shirt
33107,33107,data/raw/fashion-product-images-small/images/33107.jpg,Footwear,Shoes,Heels,Pink,Catwalk Women Pink Flats
36779,36779,data/raw/fashion-product-images-small/images/36779.jpg,Accessories,Watches,Watches,Silver,Maxima Men Silver Dial Chronograph Watch
1757,1757,data/raw/fashion-product-images-small/images/1757.jpg,Apparel,Topwear,Tshirts,Black,Lotto Men Polo Slate Black Rugby T-shirt
52385,52385,data/raw/fashion-product-images-small/images/52385.jpg,Apparel,Loungewear and Nightwear,Nightdress,Pink,Red Rose Women Pink Nightdress
58100,58100,data/raw/fashion-product-images-small/images/58100.jpg,Accessories,Jewellery,Pendant,Silver,Rreverie Women Multi Coloured Pendant with Chain
12875,12875,data/raw/fashion-product-images-small/images/12875.jpg,Footwear,Shoes,Formal Shoes,Black,Provogue Men Formal Black Formal Shoes
18530,18530,data/raw/fashion-product-images-small/images/18530.jpg,Accessories,Watches,Watches,Orange,Chhota Bheem Chutki Kids-Girls Orange Digital Watch
28882,28882,data/raw/fashion-product-images-small/images/28882.jpg,Apparel,Innerwear,Briefs,Skin,Enamor Women Beige Mid-Rise Bikini Brief
13067,13067,data/raw/fashion-product-images-small/images/13067.jpg,Footwear,Shoes,Casual Shoes,White,Numero Uno Men White Shoes
5610,5610,data/raw/fashion-product-images-small/images/5610.jpg,Footwear,Shoes,Sports Shoes,White,ADIDAS Men's Stride White Shoe
34320,34320,data/raw/fashion-product-images-small/images/34320.jpg,Apparel,Topwear,Tshirts,Red,Myntra Men Street Legend Red T-shirt
52314,52314,data/raw/fashion-product-images-small/images/52314.jpg,Accessories,Jewellery,Bangle,White,ToniQ Women Set of 4 Bangles
59520,59520,data/raw/fashion-product-images-small/images/59520.jpg,Accessories,Jewellery,Earrings,Silver,Lucera Silver Earrings
54717,54717,data/raw/fashion-product-images-small/images/54717.jpg,Apparel,Topwear,Kurtas,Blue,Shree Women Blue Printed Kurta
5944,5944,data/raw/fashion-product-images-small/images/5944.jpg,Footwear,Shoes,Casual Shoes,White,ADIDAS Women Derby White Shoe
30764,30764,data/raw/fashion-product-images-small/images/30764.jpg,Apparel,Topwear,Kurtas,White,Fabindia Men Hand Block Printed White Kurta
5075,5075,data/raw/fashion-product-images-small/images/5075.jpg,Accessories,Watches,Watches,Red,Being Human Women Silicon Strap Red Watch
34907,34907,data/raw/fashion-product-images-small/images/34907.jpg,Apparel,Topwear,Dupatta,Red,Fabindia Red Hand Printed Kota Dupatta
32614,32614,data/raw/fashion-product-images-small/images/32614.jpg,Accessories,Belts,Belts,Brown,Levitate Men Brown Leather Belt
9690,9690,data/raw/fashion-product-images-small/images/9690.jpg,Apparel,Topwear,Tshirts,Green,Classic Polo Men Ikon Green Polo Tshirts
35239,35239,data/raw/fashion-product-images-small/images/35239.jpg,Accessories,Socks,Socks,Black,Manchester United Men Black Socks
56933,56933,data/raw/fashion-product-images-small/images/56933.jpg,Footwear,Shoes,Heels,Purple,HM Women Purple Flats
11160,11160,data/raw/fashion-product-images-small/images/11160.jpg,Accessories,Ties,Ties,Grey,Indigo Nation Men Check Grey Ties
11796,11796,data/raw/fashion-product-images-small/images/11796.jpg,Apparel,Topwear,Kurtas,Green,Vishudh Women Pigment Print Green Kurtas
39258,39258,data/raw/fashion-product-images-small/images/39258.jpg,Footwear,Shoes,Formal Shoes,Black,Red Chief Men Black Formal Shoes
52075,52075,data/raw/fashion-product-images-small/images/52075.jpg,Apparel,Topwear,Tshirts,Blue,Myntra Men Blue T-shirt
58678,58678,data/raw/fashion-product-images-small/images/58678.jpg,Apparel,Topwear,Kurtas,White,ALayna Women Printed White Kurta
18718,18718,data/raw/fashion-product-images-small/images/18718.jpg,Apparel,Topwear,Tops,Purple,Arrow Woman Victoria Purple Top
29253,29253,data/raw/fashion-product-images-small/images/29253.jpg,Footwear,Shoes,Sports Shoes,Black,ADIDAS Men AX Black Sports Shoes
33957,33957,data/raw/fashion-product-images-small/images/33957.jpg,Apparel,Bottomwear,Leggings,Black,Femella Women Black Leggings
50200,50200,data/raw/fashion-product-images-small/images/50200.jpg,Accessories,Eyewear,Sunglasses,Brown,Stoln Women Brown Sunglasses
31887,31887,data/raw/fashion-product-images-small/images/31887.jpg,Accessories,Stoles,Stoles,Blue,Fabindia Women Chanderi Blue Stole
19261,19261,data/raw/fashion-product-images-small/images/19261.jpg,Accessories,Watches,Watches,Silver,Guess Women Logo Glam Silver Watch
17952,17952,data/raw/fashion-product-images-small/images/17952.jpg,Accessories,Headwear,Caps,Blue,Nike Unisex Knit Beanie Blue Skull Cap
13048,13048,data/raw/fashion-product-images-small/images/13048.jpg,Apparel,Topwear,Tshirts,Green,Spykar Men Green Printed T-shirt
27610,27610,data/raw/fashion-product-images-small/images/27610.jpg,Apparel,Bottomwear,Trousers,Grey,Scullers Men Grey Trousers
52418,52418,data/raw/fashion-product-images-small/images/52418.jpg,Apparel,Loungewear and Nightwear,Nightdress,Off White,Red Rose Women Cream Nightdress
24660,24660,data/raw/fashion-product-images-small/images/24660.jpg,Accessories,Socks,Socks,Pink,ADIDAS Originals Men Pink Casual Socks
38190,38190,data/raw/fashion-product-images-small/images/38190.jpg,Accessories,Eyewear,Sunglasses,Black,Polaroid Unisex Sunglasses
1597,1597,data/raw/fashion-product-images-small/images/1597.jpg,Accessories,Bags,Handbags,Black,Geonaute Women Black Outdoor Bag
11737,11737,data/raw/fashion-product-images-small/images/11737.jpg,Apparel,Topwear,Tshirts,Green,Lee Men Stripes Green T-shirt
6962,6962,data/raw/fashion-product-images-small/images/6962.jpg,Apparel,Topwear,Shirts,Navy Blue,s.Oliver Men White Red Checks Shirt
39347,39347,data/raw/fashion-product-images-small/images/39347.jpg,Apparel,Topwear,Tshirts,Purple,Mr. Men Men Purple T-shirt
57324,57324,data/raw/fashion-product-images-small/images/57324.jpg,Apparel,Innerwear,Bra,Black,Amante Black Push-Up Bra BCLH01
36825,36825,data/raw/fashion-product-images-small/images/36825.jpg,Apparel,Topwear,Kurtas,Purple,Vishudh Women Purple Kurta
44200,44200,data/raw/fashion-product-images-small/images/44200.jpg,Footwear,Flip Flops,Flip Flops,Pink,iPanema Women Pink Flip Flops
26835,26835,data/raw/fashion-product-images-small/images/26835.jpg,Apparel,Bottomwear,Trousers,Brown,Highlander Men Brown Trousers
16232,16232,data/raw/fashion-product-images-small/images/16232.jpg,Apparel,Topwear,Sweatshirts,Grey,Puma Men Ess Hooded Grey Sweatshirt
34917,34917,data/raw/fashion-product-images-small/images/34917.jpg,Apparel,Topwear,Dupatta,Blue,Fabindia Blue Dupatta
15253,15253,data/raw/fashion-product-images-small/images/15253.jpg,Footwear,Sandal,Sandals,White,ADIDAS Originals Men Adi Sun M White Slippers
7062,7062,data/raw/fashion-product-images-small/images/7062.jpg,Accessories,Bags,Backpacks,Black,Nike Unisex Classic Black Grey Backpack
51466,51466,data/raw/fashion-product-images-small/images/51466.jpg,Apparel,Topwear,Tshirts,Green,Denizen Men Green Printed T-shirt
6516,6516,data/raw/fashion-product-images-small/images/6516.jpg,Accessories,Bags,Backpacks,Black,Nike Unisex Brasilia 4 XL Backpack
47047,47047,data/raw/fashion-product-images-small/images/47047.jpg,Apparel,Bottomwear,Salwar,Purple,Shree Women & Cream Jodhpuri Salwar
2310,2310,data/raw/fashion-product-images-small/images/2310.jpg,Apparel,Topwear,Tshirts,Red,Nike Mens Raffel Red T-shirt
41723,41723,data/raw/fashion-product-images-small/images/41723.jpg,Footwear,Shoes,Heels,Navy Blue,Catwalk Women Navy Blue Heels
40743,40743,data/raw/fashion-product-images-small/images/40743.jpg,Accessories,Headwear,Caps,Pink,Roxy Women Pink Cap
6792,6792,data/raw/fashion-product-images-small/images/6792.jpg,Apparel,Topwear,Tshirts,Blue,Timberland Men's Rugby Stripe Pique Blue Curacao T-shirt
42617,42617,data/raw/fashion-product-images-small/images/42617.jpg,Accessories,Jewellery,Jewellery Set,Gold,Estelle Women Gold Jewellery Set
37543,37543,data/raw/fashion-product-images-small/images/37543.jpg,Apparel,Topwear,Tshirts,Yellow,Madagascar3 Infant Boys Lemon Yellow T-Shirt
19401,19401,data/raw/fashion-product-images-small/images/19401.jpg,Apparel,Topwear,Tshirts,Black,ADIDAS Men Solid Black Jersey
2036,2036,data/raw/fashion-product-images-small/images/2036.jpg,Apparel,Topwear,Tshirts,Yellow,ADIDAS Mens Light Yellow T-shirt
19025,19025,data/raw/fashion-product-images-small/images/19025.jpg,Footwear,Shoes,Heels,Blue,Catwalk Women Peep Toe Blue Peep Toes
37078,37078,data/raw/fashion-product-images-small/images/37078.jpg,Accessories,Bags,Handbags,Olive,Lino Perros Women Olive Handbag
31182,31182,data/raw/fashion-product-images-small/images/31182.jpg,Accessories,Accessories,Accessory Gift Set,Black,Cabarelli Men Black Accessory Gift Set
56338,56338,data/raw/fashion-product-images-small/images/56338.jpg,Accessories,Watches,Watches,Steel,Fastrack Men Steel Watch
3580,3580,data/raw/fashion-product-images-small/images/3580.jpg,Footwear,Shoes,Casual Shoes,Brown,ADIDAS Men's Sand Black Red Shoe
7703,7703,data/raw/fashion-product-images-small/images/7703.jpg,Apparel,Topwear,Tops,Black,Jealous 21 Women Neckline Black Top
17331,17331,data/raw/fashion-product-images-small/images/17331.jpg,Accessories,Eyewear,Sunglasses,Black,Pepe Jeans Men Casual Sunglasses
41359,41359,data/raw/fashion-product-images-small/images/41359.jpg,Apparel,Bottomwear,Jeans,Blue,Wrangler Men Blue Skanders Jeans
54543,54543,data/raw/fashion-product-images-small/images/54543.jpg,Footwear,Shoes,Sports Shoes,White,F Sports Men White Outlander Sports Shoes
32582,32582,data/raw/fashion-product-images-small/images/32582.jpg,Apparel,Dress,Dresses,Yellow,ONLY Women Yellow Dotted Print Dress
50316,50316,data/raw/fashion-product-images-small/images/50316.jpg,Accessories,Ties,Ties,Navy Blue,Park Avenue Men Navy Blue Tie
51669,51669,data/raw/fashion-product-images-small/images/51669.jpg,Accessories,Eyewear,Sunglasses,Silver,Louis Philippe Men Grey Sunglasses
15152,15152,data/raw/fashion-product-images-small/images/15152.jpg,Apparel,Topwear,Shirts,Black,Arrow Sport Men Check Black Shirts
7316,7316,data/raw/fashion-product-images-small/images/7316.jpg,Apparel,Topwear,Tops,Blue,UCB Women's Sleeveless Cowl Neck Blue Top
5292,5292,data/raw/fashion-product-images-small/images/5292.jpg,Footwear,Shoes,Casual Shoes,Brown,Lee Cooper Men's Brown Semi Formal Shoe
10817,10817,data/raw/fashion-product-images-small/images/10817.jpg,Apparel,Topwear,Shirts,Green,Wrangler Men Urban Raiser Green Shirts
41382,41382,data/raw/fashion-product-images-small/images/41382.jpg,Apparel,Topwear,Tops,Pink,Wrangler Women Blossom Pink Top
26709,26709,data/raw/fashion-product-images-small/images/26709.jpg,Footwear,Shoes,Sports Shoes,Grey,Nike Men Air Quick Handle Grey Shoes
15165,15165,data/raw/fashion-product-images-small/images/15165.jpg,Apparel,Topwear,Tshirts,Maroon,Arrow Sport Men Solid Maroon Polo Tshirts
18291,18291,data/raw/fashion-product-images-small/images/18291.jpg,Apparel,Topwear,Kurtas,Multi,Aneri Women Shabana Multi Kurta
46449,46449,data/raw/fashion-product-images-small/images/46449.jpg,Accessories,Watches,Watches,Silver,Timex Women Silver-Toned Dial Watch J103
4319,4319,data/raw/fashion-product-images-small/images/4319.jpg,Apparel,Topwear,Tshirts,Blue,Tantra Kid's Unisex Free Spirit Turquoise Kidswear
51386,51386,data/raw/fashion-product-images-small/images/51386.jpg,Apparel,Innerwear,Boxers,Grey,Myntra Grey Printed Boxers
13774,13774,data/raw/fashion-product-images-small/images/13774.jpg,Apparel,Topwear,Tshirts,Black,Belmonte Men Printed Black Tshirts
57983,57983,data/raw/fashion-product-images-small/images/57983.jpg,Apparel,Topwear,Tops,Black,Latin Quarters Women Black & White Top
32445,32445,data/raw/fashion-product-images-small/images/32445.jpg,Apparel,Bottomwear,Shorts,Black,Adidas Men Black Shorts
30233,30233,data/raw/fashion-product-images-small/images/30233.jpg,Footwear,Shoes,Casual Shoes,White,Numero Uno Men White Shoes
32426,32426,data/raw/fashion-product-images-small/images/32426.jpg,Apparel,Bottomwear,Shorts,White,ADIDAS Men White Shorts
35337,35337,data/raw/fashion-product-images-small/images/35337.jpg,Accessories,Jewellery,Pendant,Silver,Fabindia Women Anusuya Silver Pendant
7201,7201,data/raw/fashion-product-images-small/images/7201.jpg,Apparel,Topwear,Tops,Pink,Jealous 21 Women White Pink Lady With The Hat Top
9153,9153,data/raw/fashion-product-images-small/images/9153.jpg,Apparel,Topwear,Tops,Purple,Jealous 21 Women Jealous Purple Tops
24498,24498,data/raw/fashion-product-images-small/images/24498.jpg,Apparel,Topwear,Kurtas,Brown,Mother Earth Women Brown Printed Kurta
8182,8182,data/raw/fashion-product-images-small/images/8182.jpg,Apparel,Topwear,Shirts,White,Locomotive Men Check Ladomar White Shirts
13815,13815,data/raw/fashion-product-images-small/images/13815.jpg,Apparel,Topwear,Tshirts,Grey,Proline Pack of 3 Printed T-shirts
31789,31789,data/raw/fashion-product-images-small/images/31789.jpg,Apparel,Topwear,Tshirts,Green,Lee Women Johana Green T-shirt
58858,58858,data/raw/fashion-product-images-small/images/58858.jpg,Accessories,Cufflinks,Cufflinks,Black,Hakashi Men Black Cufflinks
44244,44244,data/raw/fashion-product-images-small/images/44244.jpg,Accessories,Bags,Handbags,Black,Hidekraft Women Black Handbag
11344,11344,data/raw/fashion-product-images-small/images/11344.jpg,Apparel,Bottomwear,Jeans,Blue,Lee Men Blue Chicago Fit Jeans
12145,12145,data/raw/fashion-product-images-small/images/12145.jpg,Apparel,Topwear,Kurtis,Blue,Aurelia Women Blue Kurti
18832,18832,data/raw/fashion-product-images-small/images/18832.jpg,Accessories,Belts,Belts,Brown,Peter England Men Formal Brown Belt
27286,27286,data/raw/fashion-product-images-small/images/27286.jpg,Apparel,Topwear,Kurtas,Orange,Mother Earth Women Orange Kurta
19558,19558,data/raw/fashion-product-images-small/images/19558.jpg,Apparel,Topwear,Tshirts,Black,United Colors Of Benetton Men Black T-shirt
49917,49917,data/raw/fashion-product-images-small/images/49917.jpg,Apparel,Saree,Sarees,Green,Fabindia Green Printed Ajrakh Dhonekhali Saree
34333,34333,data/raw/fashion-product-images-small/images/34333.jpg,Apparel,Topwear,Tshirts,Purple,Myntra Men Surf Purple T-shirt
14956,14956,data/raw/fashion-product-images-small/images/14956.jpg,Apparel,Topwear,Tshirts,White,Status Quo Men Printed White Tshirts
31110,31110,data/raw/fashion-product-images-small/images/31110.jpg,Apparel,Bottomwear,Jeans,Grey,Gini and Jony Boys Washed Grey Jeans
51446,51446,data/raw/fashion-product-images-small/images/51446.jpg,Apparel,Topwear,Tops,Cream,Tonga Women Cream-Coloured Top
52513,52513,data/raw/fashion-product-images-small/images/52513.jpg,Apparel,Loungewear and Nightwear,Bath Robe,White,Red Rose Women White & Blue Striped Bath Robes
14078,14078,data/raw/fashion-product-images-small/images/14078.jpg,Apparel,Topwear,Tshirts,Grey,Flying Machine Men Solid Grey Polo Tshirts
44227,44227,data/raw/fashion-product-images-small/images/44227.jpg,Footwear,Shoes,Sports Shoes,Silver,Nike Men Silver and Black Sports Shoes
59220,59220,data/raw/fashion-product-images-small/images/59220.jpg,Accessories,Watches,Watches,Gold,Titan Women Gold Watch
54517,54517,data/raw/fashion-product-images-small/images/54517.jpg,Footwear,Shoes,Sports Shoes,White,F Sports Men White Bratt Sports Shoes
41729,41729,data/raw/fashion-product-images-small/images/41729.jpg,Footwear,Shoes,Heels,Red,Catwalk Women Red Heels
28352,28352,data/raw/fashion-product-images-small/images/28352.jpg,Accessories,Eyewear,Sunglasses,Bronze,Idee Men Bronze Sunglasses
25852,25852,data/raw/fashion-product-images-small/images/25852.jpg,Apparel,Topwear,Kurtas,Green,Diva Women Printed Green Kurta
1918,1918,data/raw/fashion-product-images-small/images/1918.jpg,Accessories,Bags,Backpacks,Blue,Domyos 300 Blue Bag
9371,9371,data/raw/fashion-product-images-small/images/9371.jpg,Accessories,Socks,Socks,Pink,Puma Women Pink Socks
17947,17947,data/raw/fashion-product-images-small/images/17947.jpg,Apparel,Bottomwear,Track Pants,Blue,Puma Men No. 1 logo Blue Track Pant
11591,11591,data/raw/fashion-product-images-small/images/11591.jpg,Apparel,Topwear,Kurtas,Blue,W Women Printed Blue Kurtas
37694,37694,data/raw/fashion-product-images-small/images/37694.jpg,Accessories,Bags,Backpacks,Black,American Tourister Unisex Black Backpack
39201,39201,data/raw/fashion-product-images-small/images/39201.jpg,Footwear,Shoes,Heels,Beige,Catwalk Women Beige Flats
10870,10870,data/raw/fashion-product-images-small/images/10870.jpg,Apparel,Topwear,Tshirts,Blue,Wrangler Men Fly The Wind Blue T-Shirts
43355,43355,data/raw/fashion-product-images-small/images/43355.jpg,Footwear,Shoes,Sports Shoes,Black,Reebok Men Black Fuel Techno Sports Shoes
2403,2403,data/raw/fashion-product-images-small/images/2403.jpg,Apparel,Topwear,Tshirts,Blue,Puma Men's Mood Indigo T-shirt
37949,37949,data/raw/fashion-product-images-small/images/37949.jpg,Apparel,Topwear,Shirts,Green,Mineral Women Printed Green Shirt
18198,18198,data/raw/fashion-product-images-small/images/18198.jpg,Apparel,Bottomwear,Trousers,Blue,Highlander Men Solid Blue Trouser
29521,29521,data/raw/fashion-product-images-small/images/29521.jpg,Accessories,Watches,Watches,Pink,Playboy Women Pink Dial Watch
57530,57530,data/raw/fashion-product-images-small/images/57530.jpg,Footwear,Shoes,Casual Shoes,Black,Provogue Men Black Casual Shoes
22999,22999,data/raw/fashion-product-images-small/images/22999.jpg,Apparel,Loungewear and Nightwear,Lounge Pants,Black,2go Active Gear USA Men Black Roger Lounge Pants
24078,24078,data/raw/fashion-product-images-small/images/24078.jpg,Footwear,Shoes,Heels,Black,productDisplayName
13829,13829,data/raw/fashion-product-images-small/images/13829.jpg,Apparel,Topwear,Sweaters,Purple,Indigo Nation Men Stripes Purple Sweaters
24170,24170,data/raw/fashion-product-images-small/images/24170.jpg,Apparel,Topwear,Kurtis,Blue,Aurelia Women Blue Printed Kurti
25046,25046,data/raw/fashion-product-images-small/images/25046.jpg,Accessories,Accessories,Accessory Gift Set,Blue,Lino Perros Men Formal Yellow Accessory Gift Set
2830,2830,data/raw/fashion-product-images-small/images/2830.jpg,Footwear,Shoes,Casual Shoes,Black,Lee Cooper Men's Casual Canvas Black Shoe
27687,27687,data/raw/fashion-product-images-small/images/27687.jpg,Accessories,Bags,Handbags,Brown,Murcia Women Brown Handbag
25117,25117,data/raw/fashion-product-images-small/images/25117.jpg,Accessories,Bags,Clutches,Pink,Lino Perros Women Beaded Pink Clutch
28964,28964,data/raw/fashion-product-images-small/images/28964.jpg,Apparel,Topwear,Kurtas,Blue,BIBA Women Ethnic Blue Kurta
57297,57297,data/raw/fashion-product-images-small/images/57297.jpg,Apparel,Topwear,Shirts,White,French Connection Men Purple Checks Shirt
17030,17030,data/raw/fashion-product-images-small/images/17030.jpg,Footwear,Flip Flops,Flip Flops,Brown,Gas Men Brown Wave Flip Flops
23486,23486,data/raw/fashion-product-images-small/images/23486.jpg,Accessories,Scarves,Scarves,Grey,Arrow Men Grey Check Scarf
4696,4696,data/raw/fashion-product-images-small/images/4696.jpg,Accessories,Watches,Watches,Black,ADIDAS Unisex Duramo Digital Black Watch
46811,46811,data/raw/fashion-product-images-small/images/46811.jpg,Apparel,Topwear,Tshirts,Black,Nike Men Black T-shirt
42920,42920,data/raw/fashion-product-images-small/images/42920.jpg,Accessories,Wallets,Wallets,Grey,French Connection Women Grey Wallet
19613,19613,data/raw/fashion-product-images-small/images/19613.jpg,Apparel,Topwear,Tops,Black,United Colors of Benetton Women Solid Black Top
12802,12802,data/raw/fashion-product-images-small/images/12802.jpg,Apparel,Topwear,Tshirts,Green,Nike Women Flower Green Tshirts
14940,14940,data/raw/fashion-product-images-small/images/14940.jpg,Apparel,Bottomwear,Shorts,Black,Status Quo Men Solid Black Shorts
45373,45373,data/raw/fashion-product-images-small/images/45373.jpg,Footwear,Shoes,Heels,Black,Cobblerz Women Black Sandals
33891,33891,data/raw/fashion-product-images-small/images/33891.jpg,Accessories,Watches,Watches,Black,Citizen Men Black Dial Eco-Drive Watch
31440,31440,data/raw/fashion-product-images-small/images/31440.jpg,Apparel,Bottomwear,Trousers,Grey,HIghlander Men Grey Trousers
26562,26562,data/raw/fashion-product-images-small/images/26562.jpg,Footwear,Shoes,Casual Shoes,Brown,Lee Cooper Men Brown Shoes
40742,40742,data/raw/fashion-product-images-small/images/40742.jpg,Footwear,Flip Flops,Flip Flops,Black,Converse Unisex Black Flip Flops
3524,3524,data/raw/fashion-product-images-small/images/3524.jpg,Apparel,Topwear,Tshirts,Black,Myntra Men's Work Hard/ Smart Black T-shirt
46827,46827,data/raw/fashion-product-images-small/images/46827.jpg,Footwear,Shoes,Heels,Black,Catwalk Women Black Peep-Toes
58527,58527,data/raw/fashion-product-images-small/images/58527.jpg,Accessories,Eyewear,Sunglasses,Black,Miami Blues Unisex Sunglasses
41728,41728,data/raw/fashion-product-images-small/images/41728.jpg,Footwear,Shoes,Heels,Black,Catwalk Women Black Heels
20378,20378,data/raw/fashion-product-images-small/images/20378.jpg,Apparel,Topwear,Sweatshirts,Black,Urban Yoga Women Printed Black Sweatshirt
49033,49033,data/raw/fashion-product-images-small/images/49033.jpg,Accessories,Jewellery,Ring,Silver,Lucera Women Silver Ring
4312,4312,data/raw/fashion-product-images-small/images/4312.jpg,Apparel,Topwear,Tshirts,Orange,Tantra Kid's Unisex Yantra Om Orange Kidswear
35187,35187,data/raw/fashion-product-images-small/images/35187.jpg,Accessories,Bags,Backpacks,Blue,Wildcraft Unisex Blue & Grey Backpack
29025,29025,data/raw/fashion-product-images-small/images/29025.jpg,Apparel,Topwear,Tshirts,Yellow,ADIDAS Men Kaka Yellow T-shirt
35049,35049,data/raw/fashion-product-images-small/images/35049.jpg,Apparel,Bottomwear,Patiala,White,Fabindia Women White Printed Patiala
25821,25821,data/raw/fashion-product-images-small/images/25821.jpg,Apparel,Topwear,Kurtas,White,Diva Women White Printed Kurta
49762,49762,data/raw/fashion-product-images-small/images/49762.jpg,Apparel,Bottomwear,Leggings,Purple,Vishudh Purple Leggings
34630,34630,data/raw/fashion-product-images-small/images/34630.jpg,Footwear,Shoes,Sports Shoes,White,Lotto Men White Basketball Mid II Sports Shoes
43074,43074,data/raw/fashion-product-images-small/images/43074.jpg,Apparel,Bottomwear,Capris,Black,Nike Womens Black Capris
17405,17405,data/raw/fashion-product-images-small/images/17405.jpg,Accessories,Socks,Socks,Green,Reid & Taylor Men Stripes Green Socks
48853,48853,data/raw/fashion-product-images-small/images/48853.jpg,Accessories,Jewellery,Pendant,Silver,Lucera Women Silver Pendant with Chain
10638,10638,data/raw/fashion-product-images-small/images/10638.jpg,Footwear,Shoes,Formal Shoes,Brown,Carlton London Men Formal Brown Formal Shoes
49599,49599,data/raw/fashion-product-images-small/images/49599.jpg,Footwear,Shoes,Heels,Black,Catwalk Women Black Heels
50341,50341,data/raw/fashion-product-images-small/images/50341.jpg,Apparel,Topwear,Kurtas,Rust,Aurelia Women Rust Kurta
20159,20159,data/raw/fashion-product-images-small/images/20159.jpg,Apparel,Topwear,Shirts,Navy Blue,Wrangler Men Dirt Rider Check Navy Blue Shirt
18996,18996,data/raw/fashion-product-images-small/images/18996.jpg,Accessories,Headwear,Caps,Red,ADIDAS Originals Unisex Red Cap
12660,12660,data/raw/fashion-product-images-small/images/12660.jpg,Apparel,Topwear,Shirts,Pink,Probase Men Stripes Pink Shirts
5667,5667,data/raw/fashion-product-images-small/images/5667.jpg,Apparel,Topwear,Tshirts,Black,Tantra Men's Gizmo Black T-shirt
7395,7395,data/raw/fashion-product-images-small/images/7395.jpg,Footwear,Shoes,Casual Shoes,Grey,Red Tape Men's Casual Grey Shoe
7793,7793,data/raw/fashion-product-images-small/images/7793.jpg,Apparel,Topwear,Tshirts,Purple,Proline Men Purple Polo T-shirt
18826,18826,data/raw/fashion-product-images-small/images/18826.jpg,Accessories,Wallets,Wallets,Brown,Peter England Men Statements Brown Wallet
37796,37796,data/raw/fashion-product-images-small/images/37796.jpg,Apparel,Topwear,Shirts,Blue,John Players Men Check Blue Elegant Collection Shirt
2636,2636,data/raw/fashion-product-images-small/images/2636.jpg,Footwear,Sandal,Sandals,Brown,Carlton London Men Brown Strapped Sandal
17208,17208,data/raw/fashion-product-images-small/images/17208.jpg,Accessories,Eyewear,Sunglasses,Grey,United Colors of Benetton Men Funky Eyewear Blue Sunglasses
19300,19300,data/raw/fashion-product-images-small/images/19300.jpg,Accessories,Watches,Watches,Steel,Guess Women Jazz Steel Watch
3009,3009,data/raw/fashion-product-images-small/images/3009.jpg,Apparel,Topwear,Shirts,Black,Lee Men Edward Black Shirt
10477,10477,data/raw/fashion-product-images-small/images/10477.jpg,Apparel,Topwear,Shirts,Blue,Flying Machine Men Ydc Blue Shirts
29874,29874,data/raw/fashion-product-images-small/images/29874.jpg,Accessories,Eyewear,Sunglasses,Gold,Mayhem Men Rectangular Sunglasses 1021-201
22032,22032,data/raw/fashion-product-images-small/images/22032.jpg,Apparel,Topwear,Kurtas,Brown,Vishudh Women Flower Print Brown Kurta
11846,11846,data/raw/fashion-product-images-small/images/11846.jpg,Footwear,Flip Flops,Flip Flops,Red,Playboy Men Red Flip Flops
47122,47122,data/raw/fashion-product-images-small/images/47122.jpg,Footwear,Shoes,Casual Shoes,Red,Marvel Boys Black Shoes
18046,18046,data/raw/fashion-product-images-small/images/18046.jpg,Accessories,Wallets,Wallets,Green,Lino Perros Women Sequin Green Wallet
54534,54534,data/raw/fashion-product-images-small/images/54534.jpg,Footwear,Shoes,Sports Shoes,White,F Sports Men White Cyber Sports Shoes
45653,45653,data/raw/fashion-product-images-small/images/45653.jpg,Apparel,Innerwear,Briefs,Grey,Park Avenue Men Grey & Black Brief
59896,59896,data/raw/fashion-product-images-small/images/59896.jpg,Apparel,Dress,Dresses,Multi,Femella Women Multi Coloured Dress
44646,44646,data/raw/fashion-product-images-small/images/44646.jpg,Apparel,Bottomwear,Skirts,Black,Arrow Woman Black Skirt
3442,3442,data/raw/fashion-product-images-small/images/3442.jpg,Apparel,Topwear,Tshirts,Blue,Delhi Daredevils Kids Match Jersey
50466,50466,data/raw/fashion-product-images-small/images/50466.jpg,Apparel,Innerwear,Trunk,Black,Chromozome Men Black Trunks
23809,23809,data/raw/fashion-product-images-small/images/23809.jpg,Footwear,Shoes,Casual Shoes,Black,Clarks Men Black Leather Boots
56238,56238,data/raw/fashion-product-images-small/images/56238.jpg,Apparel,Loungewear and Nightwear,Night suits,Navy Blue,SDL by Sweet Dreams Men Navy & Grey Lounge Set
57188,57188,data/raw/fashion-product-images-small/images/57188.jpg,Apparel,Topwear,Tunics,Lavender,Elle Women Lavender Tunic
52665,52665,data/raw/fashion-product-images-small/images/52665.jpg,Accessories,Watches,Watches,Brown,Morellato Women Brown Watch
42954,42954,data/raw/fashion-product-images-small/images/42954.jpg,Accessories,Belts,Belts,Brown,French Connection Men Brown Belt
30905,30905,data/raw/fashion-product-images-small/images/30905.jpg,Apparel,Bottomwear,Salwar,Maroon,Fabindia Women Maroon Salwar
39869,39869,data/raw/fashion-product-images-small/images/39869.jpg,Footwear,Shoes,Heels,Grey,Catwalk Women Grey & Blue Flats
25890,25890,data/raw/fashion-product-images-small/images/25890.jpg,Apparel,Bottomwear,Leggings,White,Femella Women White Leggings
58664,58664,data/raw/fashion-product-images-small/images/58664.jpg,Apparel,Topwear,Kurtas,Black,Alayna Women Black & Grey Kurta
21119,21119,data/raw/fashion-product-images-small/images/21119.jpg,Apparel,Topwear,Sweaters,Black,s.Oliver Men Black Sweater
13509,13509,data/raw/fashion-product-images-small/images/13509.jpg,Apparel,Topwear,Tshirts,Blue,Chimp Men Are you Soor Blue Tshirts
6414,6414,data/raw/fashion-product-images-small/images/6414.jpg,Footwear,Flip Flops,Flip Flops,Grey,Lotto Men's Thong Blue White Flip Flop
21150,21150,data/raw/fashion-product-images-small/images/21150.jpg,Apparel,Topwear,Shirts,Blue,s.Oliver Men Check Blue Shirts
57167,57167,data/raw/fashion-product-images-small/images/57167.jpg,Apparel,Topwear,Tshirts,Teal,Elle Women Teal T-shirt
54381,54381,data/raw/fashion-product-images-small/images/54381.jpg,Accessories,Wallets,Wallets,Black,Baggit Women Black Wallet
18282,18282,data/raw/fashion-product-images-small/images/18282.jpg,Apparel,Topwear,Kurtas,Multi,Aneri Women N.Masti Multi Kurta
9951,9951,data/raw/fashion-product-images-small/images/9951.jpg,Apparel,Topwear,Tshirts,Blue,Disney Kids Girl Blue Minnie Blue T-shirt
43841,43841,data/raw/fashion-product-images-small/images/43841.jpg,Accessories,Jewellery,Earrings,Gold,Royal Diadem Red Earrings
7112,7112,data/raw/fashion-product-images-small/images/7112.jpg,Accessories,Bags,Backpacks,Red,Wildcraft Unisex Halo Red Black Backpack
38121,38121,data/raw/fashion-product-images-small/images/38121.jpg,Apparel,Bottomwear,Trousers,Black,Allen Solly Men Black Trousers
24737,24737,data/raw/fashion-product-images-small/images/24737.jpg,Accessories,Bags,Handbags,Brown,Murcia Women Shimery Jute Tote Brown Handbag
58625,58625,data/raw/fashion-product-images-small/images/58625.jpg,Accessories,Jewellery,Bangle,Off White,ToniQ Women Multi Coloured Bangles
14888,14888,data/raw/fashion-product-images-small/images/14888.jpg,Accessories,Bags,Handbags,Coffee Brown,United Colors of Benetton Women Solid Coffee Brown Handbags
6656,6656,data/raw/fashion-product-images-small/images/6656.jpg,Footwear,Shoes,Sports Shoes,Black,Nike Men's Marquis Black Shoe
42540,42540,data/raw/fashion-product-images-small/images/42540.jpg,Apparel,Topwear,Kurtas,Blue,Mother Earth Women Blue Kurta
4933,4933,data/raw/fashion-product-images-small/images/4933.jpg,Apparel,Dress,Dresses,Peach,Gini and Jony Girl's Valerie Peach White Kidswear
18609,18609,data/raw/fashion-product-images-small/images/18609.jpg,Apparel,Topwear,Tshirts,Red,Puma Men Polo Red Tshirt
7768,7768,data/raw/fashion-product-images-small/images/7768.jpg,Apparel,Topwear,Tshirts,Grey,Nike Men's As Vapor Ulti Grey Black T-Shirt
12812,12812,data/raw/fashion-product-images-small/images/12812.jpg,Apparel,Bottomwear,Shorts,Black,Nike Men Football/Soccer Black Shorts
35148,35148,data/raw/fashion-product-images-small/images/35148.jpg,Accessories,Bags,Handbags,White,Allen Solly Woman White Handbag
1671,1671,data/raw/fashion-product-images-small/images/1671.jpg,Apparel,Topwear,Tshirts,Black,Reebok Men Black Polo T-shirt
12658,12658,data/raw/fashion-product-images-small/images/12658.jpg,Apparel,Topwear,Shirts,White,Probase Men Stripes White Shirts
20097,20097,data/raw/fashion-product-images-small/images/20097.jpg,Apparel,Topwear,Kurtas,White,Diva Women Printed White Kurta
15693,15693,data/raw/fashion-product-images-small/images/15693.jpg,Apparel,Topwear,Shirts,Blue,Black coffee Men Micheal Blue Slim Fit Shirt
13244,13244,data/raw/fashion-product-images-small/images/13244.jpg,Apparel,Bottomwear,Shorts,Black,Palm Tree Kids Boys Solid Black Shorts
37131,37131,data/raw/fashion-product-images-small/images/37131.jpg,Apparel,Topwear,Shirts,Lavender,Wills Lifestyle Men Striped Lavender Shirt
45582,45582,data/raw/fashion-product-images-small/images/45582.jpg,Footwear,Shoes,Casual Shoes,Black,Arrow Men Black Shoes
7017,7017,data/raw/fashion-product-images-small/images/7017.jpg,Apparel,Topwear,Tshirts,White,s.Oliver Women White T-shirt
13083,13083,data/raw/fashion-product-images-small/images/13083.jpg,Footwear,Shoes,Casual Shoes,Red,Numero Uno Men Red Casual Shoes
12143,12143,data/raw/fashion-product-images-small/images/12143.jpg,Apparel,Topwear,Kurtas,White,Aurelia Women White Kurta
19071,19071,data/raw/fashion-product-images-small/images/19071.jpg,Apparel,Topwear,Kurtas,Sea Green,W Women Solid Sea Green Kurta
35223,35223,data/raw/fashion-product-images-small/images/35223.jpg,Footwear,Shoes,Formal Shoes,Black,Fortune Men Black Formal Shoes
3899,3899,data/raw/fashion-product-images-small/images/3899.jpg,Apparel,Topwear,Tshirts,White,Disney Kids Girl's Pooh And Tree White Kidswear
6236,6236,data/raw/fashion-product-images-small/images/6236.jpg,Apparel,Topwear,Tshirts,Orange,Lee Women's Norah Saffron T-shirt
59717,59717,data/raw/fashion-product-images-small/images/59717.jpg,Apparel,Innerwear,Bra,Black,Avirate Black Bra
11244,11244,data/raw/fashion-product-images-small/images/11244.jpg,Apparel,Bottomwear,Jeans,Blue,Flying Machine Women Lowrise Blue Jeans
4945,4945,data/raw/fashion-product-images-small/images/4945.jpg,Apparel,Topwear,Tshirts,White,Gini and Jony Boy's Kaniel White Yellow Kidswear
40763,40763,data/raw/fashion-product-images-small/images/40763.jpg,Accessories,Bags,Messenger Bag,White,Quiksilver Men White & Black Base Satchel Bag
8152,8152,data/raw/fashion-product-images-small/images/8152.jpg,Apparel,Topwear,Shirts,Blue,Highlander Men Blue Checked Hagan Slim Fit Shirt
9689,9689,data/raw/fashion-product-images-small/images/9689.jpg,Apparel,Topwear,Tshirts,Blue,Classic Polo Men Ikon Blue Polo Tshirts
23296,23296,data/raw/fashion-product-images-small/images/23296.jpg,Footwear,Sandal,Sandals,Olive,Lotto Men Zeus Olive Sandals
17611,17611,data/raw/fashion-product-images-small/images/17611.jpg,Apparel,Topwear,Tshirts,Pink,Doodle  Fairy Girl Pink Tshirt
34099,34099,data/raw/fashion-product-images-small/images/34099.jpg,Apparel,Topwear,Tshirts,White,Doodle Boys Printed White T-shirt
23201,23201,data/raw/fashion-product-images-small/images/23201.jpg,Apparel,Topwear,Shirts,Blue,Highlander Men Blue Check Shirt
59545,59545,data/raw/fashion-product-images-small/images/59545.jpg,Accessories,Jewellery,Earrings,Silver,Lucera Silver Earrings
43371,43371,data/raw/fashion-product-images-small/images/43371.jpg,Footwear,Shoes,Sports Shoes,White,Reebok Men White Acciomax III Sports Shoes
20892,20892,data/raw/fashion-product-images-small/images/20892.jpg,Footwear,Shoes,Casual Shoes,Black,Basics Men Black Casual Shoes
30257,30257,data/raw/fashion-product-images-small/images/30257.jpg,Footwear,Shoes,Casual Shoes,Grey,Red Tape Men Grey Shoes
14697,14697,data/raw/fashion-product-images-small/images/14697.jpg,Apparel,Bottomwear,Trousers,Beige,Basics Men Beige Trousers
34055,34055,data/raw/fashion-product-images-small/images/34055.jpg,Apparel,Bottomwear,Capris,Blue,Palm Tree Boys Washed Blue 3/4 Length Pants
25940,25940,data/raw/fashion-product-images-small/images/25940.jpg,Accessories,Scarves,Scarves,Yellow,Femella Women Yellow & Blue Scarf
24555,24555,data/raw/fashion-product-images-small/images/24555.jpg,Apparel,Topwear,Tops,Black,Jealous 21 Women Black Top
3598,3598,data/raw/fashion-product-images-small/images/3598.jpg,Apparel,Topwear,Tshirts,Blue,Puma Deccan Chargers Kids Navy Blue Replica Jersey
39999,39999,data/raw/fashion-product-images-small/images/39999.jpg,Accessories,Eyewear,Sunglasses,Bronze,Park Avenue Men Bronze Frame Sunglasses
10395,10395,data/raw/fashion-product-images-small/images/10395.jpg,Accessories,Watches,Watches,Red,Puma Men Cardiac II Red Watches
31951,31951,data/raw/fashion-product-images-small/images/31951.jpg,Footwear,Shoes,Sports Shoes,Black,Nike Men Air Maestro Flight Black Sports Shoes
6876,6876,data/raw/fashion-product-images-small/images/6876.jpg,Apparel,Topwear,Jackets,Peach,Forever New Women Peach Jacket
24551,24551,data/raw/fashion-product-images-small/images/24551.jpg,Apparel,Topwear,Kurtas,Blue,Diva Women Blue Printed Kurta
52479,52479,data/raw/fashion-product-images-small/images/52479.jpg,Apparel,Loungewear and Nightwear,Baby Dolls,White,Red Rose White Nightdress
17053,17053,data/raw/fashion-product-images-small/images/17053.jpg,Footwear,Sandal,Sandals,Brown,Gas Men Newport Slipper
16645,16645,data/raw/fashion-product-images-small/images/16645.jpg,Apparel,Topwear,Tshirts,Green,Facit Men Polo Tee Green Tshirt
17668,17668,data/raw/fashion-product-images-small/images/17668.jpg,Footwear,Shoes,Flats,Brown,Catwalk Women Closed Brown Casual Shoe
42029,42029,data/raw/fashion-product-images-small/images/42029.jpg,Footwear,Shoes,Sports Shoes,Purple,ADIDAS Women Purple Chill Sports Shoes
16035,16035,data/raw/fashion-product-images-small/images/16035.jpg,Apparel,Topwear,Shirts,White,Highlander Men Check White Shirt
59359,59359,data/raw/fashion-product-images-small/images/59359.jpg,Apparel,Topwear,Kurtas,Blue,Vishudh Women Blue Printed Kurta
58115,58115,data/raw/fashion-product-images-small/images/58115.jpg,Accessories,Jewellery,Pendant,Silver,Rreverie Women Silver Pendant
21013,21013,data/raw/fashion-product-images-small/images/21013.jpg,Accessories,Wallets,Wallets,Brown,Fastrack Women Leatherette Brown Wallet
11427,11427,data/raw/fashion-product-images-small/images/11427.jpg,Apparel,Topwear,Tops,Purple,United Colors of Benetton Women Light Winter Purple Tops
6721,6721,data/raw/fashion-product-images-small/images/6721.jpg,Apparel,Topwear,Tshirts,White,Locomotive Men's Fateeion White T-shirt
43204,43204,data/raw/fashion-product-images-small/images/43204.jpg,Accessories,Watches,Watches,Black,Fastrack Men Black Dial Watch
50289,50289,data/raw/fashion-product-images-small/images/50289.jpg,Accessories,Ties,Ties,Black,Parx Men Black and White Tie
34622,34622,data/raw/fashion-product-images-small/images/34622.jpg,Accessories,Watches,Watches,White,Aspen Women White Dial Watch
21926,21926,data/raw/fashion-product-images-small/images/21926.jpg,Apparel,Topwear,Kurtas,Blue,BIBA Women Printed Blue Kurta
11614,11614,data/raw/fashion-product-images-small/images/11614.jpg,Apparel,Topwear,Kurtas,White,W Women Solid White Kurtas
23794,23794,data/raw/fashion-product-images-small/images/23794.jpg,Footwear,Flip Flops,Flip Flops,White,Puma Men Drifter Cat II White Flip Flops
42600,42600,data/raw/fashion-product-images-small/images/42600.jpg,Apparel,Topwear,Tops,Orange,United Colors of Benetton Women Orange Top
30049,30049,data/raw/fashion-product-images-small/images/30049.jpg,Accessories,Watches,Watches,Grey,Skagen Women Grey Dial Watch
28380,28380,data/raw/fashion-product-images-small/images/28380.jpg,Accessories,Eyewear,Sunglasses,Black,I Dee Men Black Sunglasses
29182,29182,data/raw/fashion-product-images-small/images/29182.jpg,Apparel,Topwear,Tunics,White,United Colors of Benetton Women White Tunics
42231,42231,data/raw/fashion-product-images-small/images/42231.jpg,Apparel,Topwear,Tops,Blue,Sepia Women Blue Top
54582,54582,data/raw/fashion-product-images-small/images/54582.jpg,Apparel,Topwear,Kurtas,Blue,Sushilas Women Printed Blue Kurta
14850,14850,data/raw/fashion-product-images-small/images/14850.jpg,Accessories,Wallets,Wallets,Black,United Colors of Benetton Men Solid Black Wallets
51061,51061,data/raw/fashion-product-images-small/images/51061.jpg,Apparel,Loungewear and Nightwear,Nightdress,Teal,Enamor Women Teal Nightdress
8997,8997,data/raw/fashion-product-images-small/images/8997.jpg,Footwear,Shoes,Casual Shoes,Black,Puma Men Archive Boot Wtr Black Casual Shoes
7506,7506,data/raw/fashion-product-images-small/images/7506.jpg,Apparel,Topwear,Tshirts,Black,Nike Men's AsVapor ss black T-shirt
23751,23751,data/raw/fashion-product-images-small/images/23751.jpg,Accessories,Eyewear,Sunglasses,Black,Rayban Unisex Black Highstreet Sunglasses
56941,56941,data/raw/fashion-product-images-small/images/56941.jpg,Footwear,Shoes,Heels,Purple,HM Women Purple Flats
11973,11973,data/raw/fashion-product-images-small/images/11973.jpg,Footwear,Shoes,Sports Shoes,White,FILA Men Impact White Sports Shoes
59721,59721,data/raw/fashion-product-images-small/images/59721.jpg,Apparel,Innerwear,Bra,Black,Avirate Women Black Bra
12043,12043,data/raw/fashion-product-images-small/images/12043.jpg,Apparel,Topwear,Shirts,White,Mark Taylor Men White & Blue Striped Shirt
33149,33149,data/raw/fashion-product-images-small/images/33149.jpg,Apparel,Bottomwear,Leggings,Pink,Gini and Jony Girls Pink Leggings
47018,47018,data/raw/fashion-product-images-small/images/47018.jpg,Apparel,Topwear,Kurtas,Mustard,Shree Women Mustard & Black Kurta
17986,17986,data/raw/fashion-product-images-small/images/17986.jpg,Accessories,Bags,Backpacks,Black,U.S. Polo Assn. Unisex Laptop Black Backpack
22921,22921,data/raw/fashion-product-images-small/images/22921.jpg,Accessories,Watches,Watches,Blue,Fastrack Women Blue Dial Watch 9911PP03
12714,12714,data/raw/fashion-product-images-small/images/12714.jpg,Footwear,Shoes,Sports Shoes,Silver,Nike Women Air Cardio Silver Sports Shoes
2217,2217,data/raw/fashion-product-images-small/images/2217.jpg,Accessories,Socks,Socks,Pink,ADIDAS Women Pink Socks
8722,8722,data/raw/fashion-product-images-small/images/8722.jpg,Apparel,Topwear,Shirts,Green,Indigo Nation Men Stripes Green Shirts
14490,14490,data/raw/fashion-product-images-small/images/14490.jpg,Footwear,Shoes,Casual Shoes,Grey,Flying Machine Men Casual Grey Casual Shoes
48762,48762,data/raw/fashion-product-images-small/images/48762.jpg,Accessories,Jewellery,Jewellery Set,White,Miki Pearl Women Ivory Jewellery Set
25875,25875,data/raw/fashion-product-images-small/images/25875.jpg,Accessories,Bags,Backpacks,Blue,American Tourister Unisex Buzz Blue Backpack
39228,39228,data/raw/fashion-product-images-small/images/39228.jpg,Apparel,Topwear,Shirts,Black,Femella Women Petal Black Shirt
28293,28293,data/raw/fashion-product-images-small/images/28293.jpg,Accessories,Eyewear,Sunglasses,Brown,Fastrack Men Sunglasses
3987,3987,data/raw/fashion-product-images-small/images/3987.jpg,Apparel,Topwear,Tshirts,Grey,Mr.Men Men's Mischief Maker Grey T-shirt
43173,43173,data/raw/fashion-product-images-small/images/43173.jpg,Accessories,Watches,Watches,Black,Fastrack Men Black Dial Watch
10429,10429,data/raw/fashion-product-images-small/images/10429.jpg,Apparel,Topwear,Tops,Black,United Colors of Benetton Women Solid Black Top
46809,46809,data/raw/fashion-product-images-small/images/46809.jpg,Apparel,Topwear,Tshirts,Pink,Nike Women Pink T-shirt
40057,40057,data/raw/fashion-product-images-small/images/40057.jpg,Apparel,Topwear,Tshirts,Blue,ADIDAS Men Blue Printed T-shirt
46461,46461,data/raw/fashion-product-images-small/images/46461.jpg,Accessories,Watches,Watches,Steel,Timex Men Silver Dial Watch
9379,9379,data/raw/fashion-product-images-small/images/9379.jpg,Accessories,Headwear,Caps,Black,Nike Unisex Manu Core Black Cap
4960,4960,data/raw/fashion-product-images-small/images/4960.jpg,Apparel,Topwear,Tshirts,Green,Gini and Jony Boy's King Green White Brown Infant Kidswear
37332,37332,data/raw/fashion-product-images-small/images/37332.jpg,Accessories,Watches,Watches,White,DKNY Women White Dial Watch NY8482
7326,7326,data/raw/fashion-product-images-small/images/7326.jpg,Footwear,Shoes,Formal Shoes,Brown,Red Tape Men Dark Brown Formal Shoes
51978,51978,data/raw/fashion-product-images-small/images/51978.jpg,Apparel,Loungewear and Nightwear,Lounge Pants,Black,Inaya Women Black Lounge Pants
51153,51153,data/raw/fashion-product-images-small/images/51153.jpg,Accessories,Socks,Socks,Beige,Raymond Men Beige Socks
3402,3402,data/raw/fashion-product-images-small/images/3402.jpg,Accessories,Bags,Handbags,Yellow,Murcia Women Yellow Hobo Handbag
30190,30190,data/raw/fashion-product-images-small/images/30190.jpg,Accessories,Bags,Backpacks,Red,Nike Unisex Nylon Red Backpack
58520,58520,data/raw/fashion-product-images-small/images/58520.jpg,Apparel,Dress,Dresses,Black,Tonga Women Black Dress
15337,15337,data/raw/fashion-product-images-small/images/15337.jpg,Apparel,Bottomwear,Tracksuits,Olive,Nike Men Solid Olive Tracksuits
10213,10213,data/raw/fashion-product-images-small/images/10213.jpg,Accessories,Bags,Handbags,Black,Murcia Women Hahk Black Handbags
29978,29978,data/raw/fashion-product-images-small/images/29978.jpg,Accessories,Watches,Watches,Multi,Aspen Women White Dial Watch AP1103
2388,2388,data/raw/fashion-product-images-small/images/2388.jpg,Footwear,Shoes,Casual Shoes,Brown,Red Tape Men Brown Casual Shoe
42648,42648,data/raw/fashion-product-images-small/images/42648.jpg,Apparel,Topwear,Kurtas,Black,Alma Women Black Printed Kurta
11705,11705,data/raw/fashion-product-images-small/images/11705.jpg,Apparel,Topwear,Shirts,Blue,Lee Men Check Blue Shirts
31018,31018,data/raw/fashion-product-images-small/images/31018.jpg,Apparel,Bottomwear,Trousers,Navy Blue,Arrow Men Striped Navy Blue Trousers
50512,50512,data/raw/fashion-product-images-small/images/50512.jpg,Apparel,Innerwear,Trunk,Black,Chromozome Men Black Trunk Trunks
6142,6142,data/raw/fashion-product-images-small/images/6142.jpg,Footwear,Sandal,Sandals,Black,Puma Unisex Deck Black Floater
44757,44757,data/raw/fashion-product-images-small/images/44757.jpg,Footwear,Shoes,Casual Shoes,Black,Globalite Men Black Max Shoes
42878,42878,data/raw/fashion-product-images-small/images/42878.jpg,Accessories,Bags,Clutches,Maroon,NA
1863,1863,data/raw/fashion-product-images-small/images/1863.jpg,Apparel,Topwear,Tshirts,Black,Inkfruit Men Night Wolf T-shirt
48945,48945,data/raw/fashion-product-images-small/images/48945.jpg,Accessories,Jewellery,Ring,Steel,Revv Men Steel Ring
27988,27988,data/raw/fashion-product-images-small/images/27988.jpg,Apparel,Innerwear,Briefs,Black,Jockey ZONE Men Black Zone Briefs US17
10726,10726,data/raw/fashion-product-images-small/images/10726.jpg,Accessories,Bags,Handbags,Brown,Murcia Women Brown Brown Handbags
10074,10074,data/raw/fashion-product-images-small/images/10074.jpg,Apparel,Topwear,Tshirts,Black,Puma Men Puma runhard tee Black Tshirts
24710,24710,data/raw/fashion-product-images-small/images/24710.jpg,Footwear,Shoes,Casual Shoes,Black,Puma Men Ducati Black Casual Shoes
18921,18921,data/raw/fashion-product-images-small/images/18921.jpg,Apparel,Topwear,Shirts,Red,Levis Men Classics  Red Shirt
35288,35288,data/raw/fashion-product-images-small/images/35288.jpg,Accessories,Watches,Watches,Black,Suunto Vector HR White Watch
31103,31103,data/raw/fashion-product-images-small/images/31103.jpg,Apparel,Topwear,Tshirts,Black,Gini and Jony Boys Printed Black T-shirt
57898,57898,data/raw/fashion-product-images-small/images/57898.jpg,Apparel,Topwear,Tops,Orange,Femella Women Multi Coloured Top
13882,13882,data/raw/fashion-product-images-small/images/13882.jpg,Apparel,Topwear,Shirts,Purple,Scullers Men Check Purple Shirts
6598,6598,data/raw/fashion-product-images-small/images/6598.jpg,Apparel,Topwear,Tops,Blue,Spykar Women Round Neck Blue Top
7924,7924,data/raw/fashion-product-images-small/images/7924.jpg,Apparel,Topwear,Tshirts,Red,Proline Men Purple T-shirt
7252,7252,data/raw/fashion-product-images-small/images/7252.jpg,Footwear,Shoes,Formal Shoes,Brown,Rockport Men's Mepozo Distressed Brown Shoe
38314,38314,data/raw/fashion-product-images-small/images/38314.jpg,Accessories,Bags,Handbags,Grey,Puma Women Dazzle Grey Handbag
46828,46828,data/raw/fashion-product-images-small/images/46828.jpg,Footwear,Shoes,Heels,Brown,Catwalk Women Brown Sandals
18019,18019,data/raw/fashion-product-images-small/images/18019.jpg,Accessories,Belts,Belts,Blue,Lino Perros Women Solid Blue Belt
22753,22753,data/raw/fashion-product-images-small/images/22753.jpg,Apparel,Topwear,Kurtas,White,BIBA Women Printed Navy Blue Kurta
27947,27947,data/raw/fashion-product-images-small/images/27947.jpg,Apparel,Innerwear,Trunk,Blue,Jockey CSM Men Comfort Stretch Blue Trunks CS04
40787,40787,data/raw/fashion-product-images-small/images/40787.jpg,Footwear,Flip Flops,Flip Flops,Brown,Quiksilver Men Brown Flip Flops
31368,31368,data/raw/fashion-product-images-small/images/31368.jpg,Apparel,Topwear,Tshirts,White,Locomotive White T-Shirt
31115,31115,data/raw/fashion-product-images-small/images/31115.jpg,Apparel,Bottomwear,Capris,Blue,Gini and Jony Boys Washed Blue 3/4 Length Pants
53542,53542,data/raw/fashion-product-images-small/images/53542.jpg,Apparel,Innerwear,Briefs,Multi,Amante Women Pack of 3 Assorted Briefs PFPR11
25298,25298,data/raw/fashion-product-images-small/images/25298.jpg,Accessories,Bags,Handbags,Black,Lino Perros Women Sporty Black Handbag
35709,35709,data/raw/fashion-product-images-small/images/35709.jpg,Footwear,Shoes,Sports Shoes,Grey,Nike Men Grey Revolution MSL Sports Shoes
46509,46509,data/raw/fashion-product-images-small/images/46509.jpg,Accessories,Watches,Watches,Black,Timex Men Black Dial Chronograph Watch
23704,23704,data/raw/fashion-product-images-small/images/23704.jpg,Accessories,Eyewear,Sunglasses,Black,Ray-Ban Men New Wayfarer Sunglasses
7812,7812,data/raw/fashion-product-images-small/images/7812.jpg,Footwear,Shoes,Casual Shoes,Blue,Puma Men's Mid Evo Leather Blue Pattot Green Shoe
29165,29165,data/raw/fashion-product-images-small/images/29165.jpg,Apparel,Topwear,Tops,Black,United Colors of Benetton Women Printed Black & White Top
57135,57135,data/raw/fashion-product-images-small/images/57135.jpg,Apparel,Topwear,Tops,Green,Elle Women Olive Green Top
14979,14979,data/raw/fashion-product-images-small/images/14979.jpg,Accessories,Belts,Belts,Brown,New Hide Men Solid Brown Belts
47508,47508,data/raw/fashion-product-images-small/images/47508.jpg,Apparel,Innerwear,Briefs,Black,Facit Men Black Brief
22768,22768,data/raw/fashion-product-images-small/images/22768.jpg,Apparel,Topwear,Kurtas,Grey,BIBA Women Printed Grey Kurta
6249,6249,data/raw/fashion-product-images-small/images/6249.jpg,Apparel,Topwear,Tshirts,Grey,Lee Women's Misha Rider Grey T-shirt
22143,22143,data/raw/fashion-product-images-small/images/22143.jpg,Footwear,Shoes,Formal Shoes,Black,Provogue Men Black Formal Shoes
26044,26044,data/raw/fashion-product-images-small/images/26044.jpg,Apparel,Topwear,Shirts,Pink,John Miller Men Pink Shirt
57044,57044,data/raw/fashion-product-images-small/images/57044.jpg,Apparel,Dress,Dresses,Black,Elle Women Black Dress
39041,39041,data/raw/fashion-product-images-small/images/39041.jpg,Accessories,Cufflinks,Cufflinks,Steel,Belmonte Men Steel Bright Assorted Cufflinks
56313,56313,data/raw/fashion-product-images-small/images/56313.jpg,Accessories,Watches,Watches,Blue,Fastrack Men Blue Watch
54679,54679,data/raw/fashion-product-images-small/images/54679.jpg,Accessories,Watches,Watches,Charcoal,Fastrack Women White Dial Watch
39547,39547,data/raw/fashion-product-images-small/images/39547.jpg,Footwear,Flip Flops,Flip Flops,Red,Numero Uno Men Red Flip Flops
32607,32607,data/raw/fashion-product-images-small/images/32607.jpg,Accessories,Wallets,Wallets,Brown,Levitate Men Brown Wallet
8395,8395,data/raw/fashion-product-images-small/images/8395.jpg,Apparel,Topwear,Sweaters,Grey,ADIDAS Men Sf Str Slv Fs Ca Grey Sweaters
45893,45893,data/raw/fashion-product-images-small/images/45893.jpg,Accessories,Watches,Watches,Black,Maxima Ssteele Men Black Dial Watch
47528,47528,data/raw/fashion-product-images-small/images/47528.jpg,Footwear,Shoes,Flats,Gold,Portia Women Black & Gold-Toned Sandals
13189,13189,data/raw/fashion-product-images-small/images/13189.jpg,Footwear,Shoes,Sports Shoes,Black,Fila Men Dls Nitrous Black Sports Shoes
40527,40527,data/raw/fashion-product-images-small/images/40527.jpg,Accessories,Watches,Watches,Gold,Titan Men Gold Dial Watch
31707,31707,data/raw/fashion-product-images-small/images/31707.jpg,Accessories,Jewellery,Earrings,Gold,Fabindia Women Ananya Gold Earrings
56263,56263,data/raw/fashion-product-images-small/images/56263.jpg,Apparel,Loungewear and Nightwear,Night suits,Mustard,SDL by Sweet Dreams Men Mustard Pyjama Set
25187,25187,data/raw/fashion-product-images-small/images/25187.jpg,Accessories,Bags,Handbags,Brown,Lino Perros Women Brown Handbag
35535,35535,data/raw/fashion-product-images-small/images/35535.jpg,Footwear,Sandal,Sandals,Orange,Enroute Teens Orange Sandals
32816,32816,data/raw/fashion-product-images-small/images/32816.jpg,Footwear,Flip Flops,Flip Flops,Pink,iPanema Women Temas Pink Flip Flops
12520,12520,data/raw/fashion-product-images-small/images/12520.jpg,Footwear,Shoes,Casual Shoes,Black,Red Tape Men Black Shoes
2510,2510,data/raw/fashion-product-images-small/images/2510.jpg,Footwear,Shoes,Casual Shoes,Black,Numero Uno Men's Casual Black Leatherette Shoe
17659,17659,data/raw/fashion-product-images-small/images/17659.jpg,Footwear,Shoes,Casual Shoes,Brown,Catwalk Women Ballerina Brown Casual Shoe
38798,38798,data/raw/fashion-product-images-small/images/38798.jpg,Apparel,Topwear,Tshirts,Pink,Free Authority Men Pink T-shirt
45086,45086,data/raw/fashion-product-images-small/images/45086.jpg,Apparel,Loungewear and Nightwear,Night suits,Pink,Bwitch Pink Orchid Pyjama Set
51883,51883,data/raw/fashion-product-images-small/images/51883.jpg,Accessories,Wallets,Wallets,Green,Nyk Women Green Wallet
33151,33151,data/raw/fashion-product-images-small/images/33151.jpg,Apparel,Topwear,Tops,Pink,Gini and Jony Girls Printed Pink Top
41754,41754,data/raw/fashion-product-images-small/images/41754.jpg,Apparel,Topwear,Tshirts,White,Doodle Boys Printed White T-shirt
53806,53806,data/raw/fashion-product-images-small/images/53806.jpg,Accessories,Socks,Socks,White,Puma Kids Unisex Pack of 3 Socks
35917,35917,data/raw/fashion-product-images-small/images/35917.jpg,Accessories,Bags,Handbags,Red,Peperone Women Red Handbag
52094,52094,data/raw/fashion-product-images-small/images/52094.jpg,Apparel,Topwear,Tops,Yellow,Myntra Women Yellow Top
17630,17630,data/raw/fashion-product-images-small/images/17630.jpg,Accessories,Accessories,Messenger Bag,Black,Puma Unisex Jamaica Lifestyle Black Messenger Bag
27182,27182,data/raw/fashion-product-images-small/images/27182.jpg,Apparel,Bottomwear,Trousers,Brown,Mark Taylor Men Striped Brown Trousers
48506,48506,data/raw/fashion-product-images-small/images/48506.jpg,Apparel,Topwear,Tops,White,French Connection Women White Top
29758,29758,data/raw/fashion-product-images-small/images/29758.jpg,Accessories,Watches,Watches,White,Fossil Women White Dial Watch ES2437
20869,20869,data/raw/fashion-product-images-small/images/20869.jpg,Footwear,Sandal,Sandals,Brown,Fila Men Camper Brown Sandals
5891,5891,data/raw/fashion-product-images-small/images/5891.jpg,Apparel,Topwear,Tshirts,Black,Puma Men's Stripe Polo Black T-shirt
3398,3398,data/raw/fashion-product-images-small/images/3398.jpg,Accessories,Bags,Handbags,Black,Murcia Women Black Handbag
27838,27838,data/raw/fashion-product-images-small/images/27838.jpg,Accessories,Belts,Belts,Brown,Bulchee Men Brown Leather Belt
48412,48412,data/raw/fashion-product-images-small/images/48412.jpg,Apparel,Topwear,Tshirts,White,French Connection Men White T-shirt
40748,40748,data/raw/fashion-product-images-small/images/40748.jpg,Footwear,Flip Flops,Flip Flops,Pink,Roxy Women Pink Flip Flops
22582,22582,data/raw/fashion-product-images-small/images/22582.jpg,Apparel,Topwear,Tshirts,Blue,Nike Men Blue T-shirt
8410,8410,data/raw/fashion-product-images-small/images/8410.jpg,Apparel,Topwear,Tshirts,Red,ADIDAS Men Lfc Red Jersey
3060,3060,data/raw/fashion-product-images-small/images/3060.jpg,Apparel,Topwear,Tshirts,Beige,Tantra Men's Imagine Beige T-shirt
49579,49579,data/raw/fashion-product-images-small/images/49579.jpg,Footwear,Shoes,Heels,White,Catwalk Women White Heels
4345,4345,data/raw/fashion-product-images-small/images/4345.jpg,Footwear,Shoes,Sports Shoes,White,Fila Men's Mythos White Navy Shoe
21660,21660,data/raw/fashion-product-images-small/images/21660.jpg,Apparel,Innerwear,Bra,Lavender,Enamor Women Smooth Lavender Bra
19169,19169,data/raw/fashion-product-images-small/images/19169.jpg,Apparel,Topwear,Tshirts,Blue,United Colors of Benetton Men Printed Blue TShirt
54905,54905,data/raw/fashion-product-images-small/images/54905.jpg,Apparel,Topwear,Tshirts,Brown,Do u speak green Men Brown T-shirt
30875,30875,data/raw/fashion-product-images-small/images/30875.jpg,Apparel,Topwear,Kurtas,Green,Fabindia Women Green Printed Kurta
7513,7513,data/raw/fashion-product-images-small/images/7513.jpg,Apparel,Topwear,Tshirts,Red,Nike Men's As Explosive Red T-shirt
21309,21309,data/raw/fashion-product-images-small/images/21309.jpg,Accessories,Eyewear,Sunglasses,Black,Celine Dion Women Black Frame Sunglasses
37872,37872,data/raw/fashion-product-images-small/images/37872.jpg,Accessories,Wallets,Wallets,Black,Hidekraft Men Black Wallet
32184,32184,data/raw/fashion-product-images-small/images/32184.jpg,Footwear,Flip Flops,Flip Flops,Yellow,ADIDAS Men Adi Surge Yellow Flip Flops
44662,44662,data/raw/fashion-product-images-small/images/44662.jpg,Accessories,Headwear,Headband,White,Nike Unisex White Swoosh Headband
37191,37191,data/raw/fashion-product-images-small/images/37191.jpg,Apparel,Topwear,Tshirts,Purple,United Colors of Benetton Men Printed Purple T-shirt
10816,10816,data/raw/fashion-product-images-small/images/10816.jpg,Apparel,Topwear,Shirts,Red,Wrangler Men Country Eagle Red Shirt
33285,33285,data/raw/fashion-product-images-small/images/33285.jpg,Apparel,Topwear,Tshirts,Blue,Arrow Sport Men Striped Blue Polo T-shirt
13361,13361,data/raw/fashion-product-images-small/images/13361.jpg,Footwear,Shoes,Casual Shoes,Tan,Timberland Women Femmes Tan Casual Shoes
54871,54871,data/raw/fashion-product-images-small/images/54871.jpg,Accessories,Jewellery,Necklace and Chains,Red,Ivory Tag Women Tangled Coral Red Necklace
38539,38539,data/raw/fashion-product-images-small/images/38539.jpg,Footwear,Shoes,Casual Shoes,Black,Puma Men Black California Casual Shoes
4233,4233,data/raw/fashion-product-images-small/images/4233.jpg,Apparel,Topwear,Tshirts,Orange,Probase Men's Away To Glory Green Tshirt
15372,15372,data/raw/fashion-product-images-small/images/15372.jpg,Apparel,Topwear,Tops,Turquoise Blue,Urban Yoga Women Solid Turquoise Blue Tops
3490,3490,data/raw/fashion-product-images-small/images/3490.jpg,Footwear,Sandal,Sports Sandals,Blue,ADIDAS Women Spry Dark Navy Black Sandal
24054,24054,data/raw/fashion-product-images-small/images/24054.jpg,Apparel,Topwear,Tshirts,Blue,Locomotive Men Printed Blue T-shirt
17204,17204,data/raw/fashion-product-images-small/images/17204.jpg,Accessories,Eyewear,Sunglasses,Brown,United Colors of Benetton Women Funky Eyewear Brown Sunglasses
23890,23890,data/raw/fashion-product-images-small/images/23890.jpg,Footwear,Sandal,Sandals,Black,Fila Men Newport Black Sandals
22623,22623,data/raw/fashion-product-images-small/images/22623.jpg,Apparel,Topwear,Tshirts,Grey,Nike Men Solid Grey T-shirt
52109,52109,data/raw/fashion-product-images-small/images/52109.jpg,Apparel,Topwear,Kurtas,Blue,Myntra Women Blue Kurta
10258,10258,data/raw/fashion-product-images-small/images/10258.jpg,Apparel,Bottomwear,Trousers,Navy Blue,John Miller Men Line Navy Blue Trousers
26713,26713,data/raw/fashion-product-images-small/images/26713.jpg,Apparel,Topwear,Tshirts,Black,Puma Men Large Logo Black T-shirt
40556,40556,data/raw/fashion-product-images-small/images/40556.jpg,Accessories,Watches,Watches,Gold,Titan Men Gold-Toned Watch NB390YM03
27384,27384,data/raw/fashion-product-images-small/images/27384.jpg,Apparel,Loungewear and Nightwear,Night suits,Grey,2go Active Gear USA Men Lounge Set
25100,25100,data/raw/fashion-product-images-small/images/25100.jpg,Accessories,Belts,Belts,Tan,Lino Perros Women Tan Belt
36536,36536,data/raw/fashion-product-images-small/images/36536.jpg,Accessories,Bags,Handbags,Blue,United Colors of Benetton Women Blue Sling Bag
30243,30243,data/raw/fashion-product-images-small/images/30243.jpg,Footwear,Flip Flops,Flip Flops,Black,Numero Uno Men Black Flip Flops
23149,23149,data/raw/fashion-product-images-small/images/23149.jpg,Apparel,Topwear,Jackets,Black,Quechua Men Warm Fleece Black Jacket
45196,45196,data/raw/fashion-product-images-small/images/45196.jpg,Accessories,Watches,Watches,Cream,CASIO ENTICER Women Cream Dial Analogue Watch A651
59774,59774,data/raw/fashion-product-images-small/images/59774.jpg,Accessories,Jewellery,Jewellery Set,Gold,Estelle Women Gold Earring & Pendant Set
51544,51544,data/raw/fashion-product-images-small/images/51544.jpg,Accessories,Watches,Watches,Brown,Fastrack Women Brown Watch
47417,47417,data/raw/fashion-product-images-small/images/47417.jpg,Accessories,Bags,Handbags,Red,Baggit Women Red Bag
25347,25347,data/raw/fashion-product-images-small/images/25347.jpg,Apparel,Innerwear,Briefs,White,Levi's Men White Brief
19032,19032,data/raw/fashion-product-images-small/images/19032.jpg,Footwear,Shoes,Flats,Beige,Catwalk Women Beige Spectator Shoes
2299,2299,data/raw/fashion-product-images-small/images/2299.jpg,Apparel,Topwear,Tshirts,Purple,Nike Women Purple Polo T-shirt
7819,7819,data/raw/fashion-product-images-small/images/7819.jpg,Apparel,Topwear,Tshirts,Teal,Proline Men Teal Blue Striped Polo T-shirt
28900,28900,data/raw/fashion-product-images-small/images/28900.jpg,Apparel,Innerwear,Briefs,Pink,Enamor Women Pink Low-Rise Bikini Brief
41726,41726,data/raw/fashion-product-images-small/images/41726.jpg,Footwear,Shoes,Heels,Multi,Catwalk Women Multi Colour Heels
50991,50991,data/raw/fashion-product-images-small/images/50991.jpg,Apparel,Innerwear,Briefs,Peach,Enamor Women Peach Briefs
4555,4555,data/raw/fashion-product-images-small/images/4555.jpg,Footwear,Shoes,Sports Shoes,White,Nike Men's Tennis White Green Shoe
10066,10066,data/raw/fashion-product-images-small/images/10066.jpg,Apparel,Topwear,Tshirts,Black,Puma Men Puma midrange tee Black Tshirts
7473,7473,data/raw/fashion-product-images-small/images/7473.jpg,Apparel,Topwear,Tshirts,Grey,Proline Men Grey Polo T-shirt
44885,44885,data/raw/fashion-product-images-small/images/44885.jpg,Apparel,Topwear,Tshirts,Navy Blue,Puma Men Navy Blue Striped Polo neck T-shirt
54587,54587,data/raw/fashion-product-images-small/images/54587.jpg,Apparel,Topwear,Kurtas,White,Sushilas Women Printed White Kurta
38785,38785,data/raw/fashion-product-images-small/images/38785.jpg,Footwear,Shoes,Casual Shoes,Brown,Woodland Men Brown Shoes
41212,41212,data/raw/fashion-product-images-small/images/41212.jpg,Footwear,Shoes,Casual Shoes,Brown,Buckaroo Men Brown Casual Shoes
48432,48432,data/raw/fashion-product-images-small/images/48432.jpg,Apparel,Topwear,Tshirts,Grey Melange,French Connection Men Grey Printed T-shirt
35234,35234,data/raw/fashion-product-images-small/images/35234.jpg,Footwear,Shoes,Formal Shoes,Brown,Fortune Men Brown Formal Shoes
32328,32328,data/raw/fashion-product-images-small/images/32328.jpg,Accessories,Watches,Watches,White,Q&Q Men White Dial Watch
16322,16322,data/raw/fashion-product-images-small/images/16322.jpg,Apparel,Topwear,Tshirts,Orange,Peter England Men Printed Orange TShirt
36471,36471,data/raw/fashion-product-images-small/images/36471.jpg,Apparel,Topwear,Kurtas,White,Aurelia Women Placket White Kurta
17677,17677,data/raw/fashion-product-images-small/images/17677.jpg,Footwear,Shoes,Heels,Tan,Catwalk Women Weaved Strap Tan Flats
4378,4378,data/raw/fashion-product-images-small/images/4378.jpg,Apparel,Topwear,Tshirts,Blue,Mickey Men's Joy Polo Heritage Grey T-shirt
15745,15745,data/raw/fashion-product-images-small/images/15745.jpg,Footwear,Shoes,Sports Shoes,Silver,Nike Women Transform III Silver Sports Shoes
14501,14501,data/raw/fashion-product-images-small/images/14501.jpg,Footwear,Shoes,Casual Shoes,Grey,Flying Machine Men Casual Grey Casual Shoes
16602,16602,data/raw/fashion-product-images-small/images/16602.jpg,Apparel,Topwear,Shirts,Black,Scullers Women Check Black Shirt
47670,47670,data/raw/fashion-product-images-small/images/47670.jpg,Accessories,Scarves,Scarves,Cream,Femella Women Cream and Black Printed Scarf
50844,50844,data/raw/fashion-product-images-small/images/50844.jpg,Apparel,Topwear,Dupatta,Cream,Fabindia Women Printed Cream Dupatta
33166,33166,data/raw/fashion-product-images-small/images/33166.jpg,Apparel,Topwear,Tops,Blue,Sepia Women Navy Blue Top
25713,25713,data/raw/fashion-product-images-small/images/25713.jpg,Accessories,Headwear,Caps,Black,ADIDAS Unisex Chicago Bulls Black Cap
52817,52817,data/raw/fashion-product-images-small/images/52817.jpg,Accessories,Jewellery,Earrings,Red,Adrika Red Earrings
27097,27097,data/raw/fashion-product-images-small/images/27097.jpg,Apparel,Topwear,Kurtas,Blue,Aneri Women Blue Printed Kurta
2343,2343,data/raw/fashion-product-images-small/images/2343.jpg,Apparel,Topwear,Tshirts,Green,Reebok Men Basil Green & Blue Polo T-shirt
4730,4730,data/raw/fashion-product-images-small/images/4730.jpg,Apparel,Topwear,Tshirts,Blue,Disney Kids Boy's Champs Blue Teen Kidswear
40557,40557,data/raw/fashion-product-images-small/images/40557.jpg,Accessories,Watches,Watches,White,Titan Men White Dial Watch NB390YM06
4441,4441,data/raw/fashion-product-images-small/images/4441.jpg,Footwear,Shoes,Casual Shoes,White,Converse Unisex Canvas Hi White Shoe
18827,18827,data/raw/fashion-product-images-small/images/18827.jpg,Accessories,Wallets,Wallets,Black,Peter England Men Statements Black Wallet
53013,53013,data/raw/fashion-product-images-small/images/53013.jpg,Apparel,Saree,Sarees,Multi,FNF Multi Coloured Sari
12163,12163,data/raw/fashion-product-images-small/images/12163.jpg,Apparel,Bottomwear,Leggings,Purple,Aurelia Women Solid Purple Leggings
52042,52042,data/raw/fashion-product-images-small/images/52042.jpg,Apparel,Topwear,Rain Jacket,Black,Just Natural Unisex Black Rain Jacket
19595,19595,data/raw/fashion-product-images-small/images/19595.jpg,Apparel,Topwear,Tshirts,Grey,United Colors of Benetton Men Solid Grey TShirt
3322,3322,data/raw/fashion-product-images-small/images/3322.jpg,Apparel,Topwear,Tshirts,Blue,KKR Boys Fangear Polo Jersey
4875,4875,data/raw/fashion-product-images-small/images/4875.jpg,Apparel,Topwear,Tshirts,Red,Levis Kids Boy's Davis White Polo Tshirt
10796,10796,data/raw/fashion-product-images-small/images/10796.jpg,Apparel,Topwear,Shirts,Red,Wrangler Men Warnick Square Block Red Shirts
16212,16212,data/raw/fashion-product-images-small/images/16212.jpg,Apparel,Topwear,Tshirts,Black,Puma Women Move Graphic Black TShirt
52342,52342,data/raw/fashion-product-images-small/images/52342.jpg,Apparel,Loungewear and Nightwear,Nightdress,Pink,Red Rose Women Pink Nightdress
9614,9614,data/raw/fashion-product-images-small/images/9614.jpg,Apparel,Topwear,Shirts,Blue,Indigo Nation Men Bwd Plaids Blue Shirts
8892,8892,data/raw/fashion-product-images-small/images/8892.jpg,Apparel,Bottomwear,Trousers,Navy Blue,Scullers Men Navy Blue Trousers
53884,53884,data/raw/fashion-product-images-small/images/53884.jpg,Accessories,Bags,Handbags,White,Kiara Women White Handbag
47492,47492,data/raw/fashion-product-images-small/images/47492.jpg,Footwear,Shoes,Casual Shoes,Red,Footfun Kids Unisex Red Shoes
28929,28929,data/raw/fashion-product-images-small/images/28929.jpg,Apparel,Topwear,Tshirts,Navy Blue,Mr. Men Printed Navy Blue T-shirt
28082,28082,data/raw/fashion-product-images-small/images/28082.jpg,Apparel,Innerwear,Briefs,Navy Blue,Jockey MODERN CLASSIC Men Navy Blue Y Front Briefs 2007
35247,35247,data/raw/fashion-product-images-small/images/35247.jpg,Accessories,Socks,Socks,Red,Manchester United Men Red Socks
13765,13765,data/raw/fashion-product-images-small/images/13765.jpg,Apparel,Topwear,Shirts,White,Belmonte Men Stripes White Shirts
57302,57302,data/raw/fashion-product-images-small/images/57302.jpg,Footwear,Shoes,Heels,Black,Rocia Women Black Wedges
52846,52846,data/raw/fashion-product-images-small/images/52846.jpg,Accessories,Jewellery,Earrings,White,Adrika White Earrings
5412,5412,data/raw/fashion-product-images-small/images/5412.jpg,Apparel,Bottomwear,Shorts,Black,Ant Kids Boy's Black Dungree Kidswear
8668,8668,data/raw/fashion-product-images-small/images/8668.jpg,Accessories,Eyewear,Sunglasses,Green,Fastrack Unisex Oval Sunglasses FTML006GLBK1
7917,7917,data/raw/fashion-product-images-small/images/7917.jpg,Apparel,Topwear,Tshirts,Red,Proline Men Red & White Striped Polo T-shirt
3140,3140,data/raw/fashion-product-images-small/images/3140.jpg,Footwear,Shoes,Heels,Blue,Catwalk Women Beack Skyline Blue Flats
42511,42511,data/raw/fashion-product-images-small/images/42511.jpg,Apparel,Topwear,Kurtis,Red,Mother Earth Women Red Kurti
52058,52058,data/raw/fashion-product-images-small/images/52058.jpg,Apparel,Topwear,Tshirts,Blue,Myntra Men Blue T-shirt
21593,21593,data/raw/fashion-product-images-small/images/21593.jpg,Apparel,Bottomwear,Capris,Grey,Nike Women Solid Grey Capris
2301,2301,data/raw/fashion-product-images-small/images/2301.jpg,Apparel,Topwear,Tshirts,White,Nike Mens Manchester United White T-shirt
5599,5599,data/raw/fashion-product-images-small/images/5599.jpg,Footwear,Sandal,Sandals,Black,Reebok Men's Trail Surpant Black Orange Shoe
56965,56965,data/raw/fashion-product-images-small/images/56965.jpg,Footwear,Shoes,Heels,Maroon,HM Women Maroon Flats
9587,9587,data/raw/fashion-product-images-small/images/9587.jpg,Accessories,Bags,Handbags,Yellow,Puma Unisex Yellow Sling Bag
14847,14847,data/raw/fashion-product-images-small/images/14847.jpg,Accessories,Wallets,Wallets,Brown,United Colors of Benetton Men Solid Brown Wallets
13718,13718,data/raw/fashion-product-images-small/images/13718.jpg,Accessories,Mufflers,Mufflers,Blue,Proline Blue Patterned Muffler
41851,41851,data/raw/fashion-product-images-small/images/41851.jpg,Accessories,Socks,Socks,Black,Genesis Men Pack of 3 Socks
9765,9765,data/raw/fashion-product-images-small/images/9765.jpg,Apparel,Topwear,Tshirts,Black,Puma Men Ducati heritage Black Tshirts
17571,17571,data/raw/fashion-product-images-small/images/17571.jpg,Apparel,Topwear,Shirts,Blue,Mark Taylor Men Blue & White Striped Shirt
58921,58921,data/raw/fashion-product-images-small/images/58921.jpg,Accessories,Accessories,Accessory Gift Set,Multi,Hakashi Men Combo pack Tie+Cufflink+Pocket square
14450,14450,data/raw/fashion-product-images-small/images/14450.jpg,Footwear,Shoes,Casual Shoes,Silver,Enroute Women Casual Silver Casual Shoes
37314,37314,data/raw/fashion-product-images-small/images/37314.jpg,Accessories,Watches,Watches,Black,CASIO Edifice Men Black Dial Analogue Watch ED444
6727,6727,data/raw/fashion-product-images-small/images/6727.jpg,Footwear,Flip Flops,Flip Flops,Purple,Puma Unisex Coral Purple Flip Flop
3753,3753,data/raw/fashion-product-images-small/images/3753.jpg,Apparel,Topwear,Tshirts,Black,Status Quo Men's Music Revolution Black T-shirt
3533,3533,data/raw/fashion-product-images-small/images/3533.jpg,Apparel,Topwear,Tshirts,Navy Blue,Myntra Men's If You Don't Like Navy Blue T-shirt
34815,34815,data/raw/fashion-product-images-small/images/34815.jpg,Footwear,Shoes,Sports Shoes,Blue,ADIDAS Men Climacool Boat SL Blue Sports Shoes
20709,20709,data/raw/fashion-product-images-small/images/20709.jpg,Footwear,Shoes,Casual Shoes,Brown,Buckaroo Men Dark Brown Cargo Leather Casual Shoes
37800,37800,data/raw/fashion-product-images-small/images/37800.jpg,Apparel,Topwear,Shirts,White,John Players Men Striped Orange Shirt
31282,31282,data/raw/fashion-product-images-small/images/31282.jpg,Apparel,Topwear,Tshirts,Green,Puma Men Bonn Graphic Green T-shirt
44311,44311,data/raw/fashion-product-images-small/images/44311.jpg,Apparel,Topwear,Shirts,Navy Blue,Indian Terrain Men Navy Blue Check Shirt
50518,50518,data/raw/fashion-product-images-small/images/50518.jpg,Apparel,Innerwear,Innerwear Vests,Black,Chromozome Men Black Innerwear Vest
8555,8555,data/raw/fashion-product-images-small/images/8555.jpg,Apparel,Topwear,Tshirts,Blue,Basics Men White & Blue Polo T-shirt
18553,18553,data/raw/fashion-product-images-small/images/18553.jpg,Footwear,Shoes,Heels,Blue,Catwalk Women Mary Janes Blue Flats
51545,51545,data/raw/fashion-product-images-small/images/51545.jpg,Accessories,Watches,Watches,Silver,Fastrack Women Sliver Dial Watch
11059,11059,data/raw/fashion-product-images-small/images/11059.jpg,Apparel,Topwear,Shirts,Green,John Miller Men Green Check Shirt
8915,8915,data/raw/fashion-product-images-small/images/8915.jpg,Accessories,Shoe Accessories,Shoe Accessories,Black,Timberland Unisex Black Boot Sauce Cream
12267,12267,data/raw/fashion-product-images-small/images/12267.jpg,Apparel,Topwear,Shirts,Blue,Genesis Blue Formal Shirt
11145,11145,data/raw/fashion-product-images-small/images/11145.jpg,Apparel,Topwear,Shirts,Purple,Indigo Nation Men Bling Purple Shirts
17683,17683,data/raw/fashion-product-images-small/images/17683.jpg,Footwear,Shoes,Casual Shoes,Black,Catwalk Women Ballerina Black Casual Shoe
35591,35591,data/raw/fashion-product-images-small/images/35591.jpg,Footwear,Sandal,Sandals,Olive,Gliders Men Olive Green Floaters
9381,9381,data/raw/fashion-product-images-small/images/9381.jpg,Footwear,Shoes,Sports Shoes,Brown,Nike Men Elite Brown Sports Shoes
18435,18435,data/raw/fashion-product-images-small/images/18435.jpg,Accessories,Accessories,Messenger Bag,Black,Vital Gear Unisex Black Messenger Bag
4377,4377,data/raw/fashion-product-images-small/images/4377.jpg,Apparel,Topwear,Tshirts,Grey,Mickey Men's Micky Wall Graphitti Playful Grey Violet T-shirt
7796,7796,data/raw/fashion-product-images-small/images/7796.jpg,Apparel,Topwear,Tshirts,Grey,Proline Men Grey Polo T-shirt
8102,8102,data/raw/fashion-product-images-small/images/8102.jpg,Accessories,Watches,Watches,Blue,Fastrack Women New Analog Steel Blue Watch
54154,54154,data/raw/fashion-product-images-small/images/54154.jpg,Accessories,Jewellery,Necklace and Chains,Brown,Femella Brown Necklace
46405,46405,data/raw/fashion-product-images-small/images/46405.jpg,Apparel,Topwear,Tshirts,Orange,ADIDAS Men Orange Printed T-shirt
40163,40163,data/raw/fashion-product-images-small/images/40163.jpg,Accessories,Eyewear,Sunglasses,Silver,Fastrack Men UV Protected Sporty Wrap Sunglasses
21572,21572,data/raw/fashion-product-images-small/images/21572.jpg,Accessories,Socks,Socks,Multi,Lino Perros Men Pack of Five Striped Socks
48584,48584,data/raw/fashion-product-images-small/images/48584.jpg,Accessories,Jewellery,Bracelet,Steel,Revv Men Steel Bracelet
19886,19886,data/raw/fashion-product-images-small/images/19886.jpg,Accessories,Headwear,Caps,Red,ADIDAS Originals Unisex Dicolor Red Cap
38752,38752,data/raw/fashion-product-images-small/images/38752.jpg,Accessories,Bags,Handbags,Black,Nike Women Black Handbag
35800,35800,data/raw/fashion-product-images-small/images/35800.jpg,Footwear,Shoes,Flats,Brown,Enroute Women Brown Shoes
34637,34637,data/raw/fashion-product-images-small/images/34637.jpg,Footwear,Shoes,Sports Shoes,White,Lotto Men Vienna III White Sports Shoes
44665,44665,data/raw/fashion-product-images-small/images/44665.jpg,Apparel,Bottomwear,Trousers,Brown,Wills Lifestyle Women Brown Trousers
31995,31995,data/raw/fashion-product-images-small/images/31995.jpg,Accessories,Socks,Socks,Navy Blue,Playboy Men Navy Socks
50676,50676,data/raw/fashion-product-images-small/images/50676.jpg,Apparel,Innerwear,Trunk,Grey Melange,Chromozome Men Grey Melange Trunks
52495,52495,data/raw/fashion-product-images-small/images/52495.jpg,Apparel,Loungewear and Nightwear,Bath Robe,Pink,Red Rose Women Light Pink Bath Robe
32187,32187,data/raw/fashion-product-images-small/images/32187.jpg,Footwear,Flip Flops,Flip Flops,Grey,ADIDAS Men Raggmo Grey Flip Flops
50521,50521,data/raw/fashion-product-images-small/images/50521.jpg,Apparel,Innerwear,Innerwear Vests,Red,Chromozome Men Red Innerwear Vest
35258,35258,data/raw/fashion-product-images-small/images/35258.jpg,Apparel,Topwear,Shirts,Pink,Lee Women Jane Pink Striped Shirt
14331,14331,data/raw/fashion-product-images-small/images/14331.jpg,Footwear,Shoes,Sports Shoes,White,Nike Men Lengo FG White Sports Shoes
11230,11230,data/raw/fashion-product-images-small/images/11230.jpg,Accessories,Watches,Watches,White,Esprit Women Cine Citta White Watches
40790,40790,data/raw/fashion-product-images-small/images/40790.jpg,Footwear,Shoes,Casual Shoes,Grey,Quiksilver Men Grey Shoes
26271,26271,data/raw/fashion-product-images-small/images/26271.jpg,Apparel,Topwear,Tshirts,Off White,Proline Men Off-white Polo T-shirt
48440,48440,data/raw/fashion-product-images-small/images/48440.jpg,Apparel,Topwear,Tshirts,Black,French Connection Men Black Printed T-shirt
38025,38025,data/raw/fashion-product-images-small/images/38025.jpg,Accessories,Watches,Watches,Steel,Q&Q Women Steel Dial Watch
59784,59784,data/raw/fashion-product-images-small/images/59784.jpg,Accessories,Jewellery,Bracelet,Gold,Estelle Women Gold Bracelet
12993,12993,data/raw/fashion-product-images-small/images/12993.jpg,Footwear,Shoes,Sports Shoes,Black,ADIDAS Kids Adispeed Black Sports Shoes
38347,38347,data/raw/fashion-product-images-small/images/38347.jpg,Apparel,Topwear,Tshirts,White,Superman Boys White Printed T-shirt
1530,1530,data/raw/fashion-product-images-small/images/1530.jpg,Apparel,Topwear,Jackets,Red,Puma Men Ferrari Track Jacket
11821,11821,data/raw/fashion-product-images-small/images/11821.jpg,Footwear,Shoes,Casual Shoes,Black,Playboy Men Casual Black Casual Shoes
2362,2362,data/raw/fashion-product-images-small/images/2362.jpg,Accessories,Headwear,Caps,Black,ADIDAS Black Cap
13045,13045,data/raw/fashion-product-images-small/images/13045.jpg,Footwear,Shoes,Flats,Maroon,Inc 5 Women Casual Maroon Sandals
37713,37713,data/raw/fashion-product-images-small/images/37713.jpg,Apparel,Topwear,Tshirts,Maroon,John Players Men Polo Maroon T-shirt
43065,43065,data/raw/fashion-product-images-small/images/43065.jpg,Apparel,Topwear,Tshirts,Grey,Nike Men Grey Striped T-shirt
48455,48455,data/raw/fashion-product-images-small/images/48455.jpg,Apparel,Topwear,Tshirts,White,French Connection Men White Printed T-shirt
11104,11104,data/raw/fashion-product-images-small/images/11104.jpg,Apparel,Topwear,Shirts,Black,Indigo Nation Men Stripes Black Shirts
17856,17856,data/raw/fashion-product-images-small/images/17856.jpg,Apparel,Innerwear,Briefs,Navy Blue,Levis Men Boxer Navy Blue Brief
15207,15207,data/raw/fashion-product-images-small/images/15207.jpg,Apparel,Topwear,Sweaters,Black,Arrow Sport Men Solid Black Sweaters
50832,50832,data/raw/fashion-product-images-small/images/50832.jpg,Accessories,Belts,Belts,Black,New Hide Men Black & Brown Reversible Belt
22816,22816,data/raw/fashion-product-images-small/images/22816.jpg,Footwear,Shoes,Casual Shoes,Olive,Woodland Men  Olive Green Casual Shoes
15046,15046,data/raw/fashion-product-images-small/images/15046.jpg,Apparel,Topwear,Sweatshirts,Red,ADIDAS Kids Boys Solid Red Sweatshirts
7838,7838,data/raw/fashion-product-images-small/images/7838.jpg,Footwear,Shoes,Sports Shoes,White,Puma Men's Ikonis 2 White Blue Navy Shoe
47390,47390,data/raw/fashion-product-images-small/images/47390.jpg,Accessories,Bags,Handbags,Olive,Baggit Women Olive Bag
6654,6654,data/raw/fashion-product-images-small/images/6654.jpg,Footwear,Flip Flops,Flip Flops,Brown,Nike Men's Chinook Thong Brown Flip Flop
30721,30721,data/raw/fashion-product-images-small/images/30721.jpg,Apparel,Topwear,Kurtas,Green,Fabindia Boys Printed Green Kurta
3663,3663,data/raw/fashion-product-images-small/images/3663.jpg,Footwear,Shoes,Sports Shoes,Black,Fila Men Walker Black Shoe
50990,50990,data/raw/fashion-product-images-small/images/50990.jpg,Apparel,Innerwear,Briefs,Red,Enamor Women Red Briefs
19706,19706,data/raw/fashion-product-images-small/images/19706.jpg,Apparel,Topwear,Shirts,Navy Blue,United Colors of Benetton Men Navy Blue Check Shirt
35269,35269,data/raw/fashion-product-images-small/images/35269.jpg,Apparel,Topwear,Tshirts,Green,Lee Women Flower Mint Green Printed T-shirt
17447,17447,data/raw/fashion-product-images-small/images/17447.jpg,Accessories,Watches,Watches,Black,CASIO ENTICER Men Black Dial Analogue Watch BS119
16056,16056,data/raw/fashion-product-images-small/images/16056.jpg,Apparel,Bottomwear,Trousers,Beige,Highlander Men Solid Beige Trouser
29415,29415,data/raw/fashion-product-images-small/images/29415.jpg,Accessories,Watches,Watches,White,Giordano Men White Dial Watch
58518,58518,data/raw/fashion-product-images-small/images/58518.jpg,Apparel,Topwear,Tops,Black,Tonga Women Black & Red Top
59978,59978,data/raw/fashion-product-images-small/images/59978.jpg,Apparel,Dress,Dresses,Brown,Avirate Brown & Grey Check Dress
39709,39709,data/raw/fashion-product-images-small/images/39709.jpg,Accessories,Watches,Watches,Black,ADIDAS Original Unisex Black Chronograph Watch ADH2630
46182,46182,data/raw/fashion-product-images-small/images/46182.jpg,Accessories,Jewellery,Jewellery Set,Blue,Adrika Purple Teracotta  Jewellery Set
32979,32979,data/raw/fashion-product-images-small/images/32979.jpg,Apparel,Topwear,Tshirts,Red,Mr. Men Printed Red T-shirt
40175,40175,data/raw/fashion-product-images-small/images/40175.jpg,Accessories,Eyewear,Sunglasses,Grey,Fastrack Men Revo Coated Sporty Wrap Sunglasses
14503,14503,data/raw/fashion-product-images-small/images/14503.jpg,Footwear,Shoes,Casual Shoes,Blue,Flying Machine Men Casual Blue Casual Shoes
41349,41349,data/raw/fashion-product-images-small/images/41349.jpg,Apparel,Bottomwear,Jeans,Blue,Wrangler Men Blue Skanders Jeans
8346,8346,data/raw/fashion-product-images-small/images/8346.jpg,Footwear,Shoes,Sports Shoes,White,ADIDAS Men Slimsoll White Sports Shoes
11998,11998,data/raw/fashion-product-images-small/images/11998.jpg,Apparel,Topwear,Shirts,White,Mark Taylor Men White Striped Shirt
26365,26365,data/raw/fashion-product-images-small/images/26365.jpg,Apparel,Topwear,Shirts,White,Arrow Woman White Shirt
59069,59069,data/raw/fashion-product-images-small/images/59069.jpg,Apparel,Innerwear,Bra,White,Peri Peri Women White Bra
45303,45303,data/raw/fashion-product-images-small/images/45303.jpg,Accessories,Belts,Belts,Black,Van Heusen Men Black & Brown Reversible Belt
40983,40983,data/raw/fashion-product-images-small/images/40983.jpg,Apparel,Topwear,Tshirts,White,Gini and Jony Boys United White T-shirt
29772,29772,data/raw/fashion-product-images-small/images/29772.jpg,Apparel,Topwear,Shirts,Red,Wrangler Men Red Striped Casual Shirt
45098,45098,data/raw/fashion-product-images-small/images/45098.jpg,Apparel,Innerwear,Briefs,Pink,Bwitch Fushia Pink Sapphire Brief
33055,33055,data/raw/fashion-product-images-small/images/33055.jpg,Apparel,Topwear,Shirts,Navy Blue,U.S.Polo Assn. Men Check Shirt
31783,31783,data/raw/fashion-product-images-small/images/31783.jpg,Apparel,Topwear,Tops,Purple,Lee Women Purple Paula Pansy Top
48939,48939,data/raw/fashion-product-images-small/images/48939.jpg,Accessories,Jewellery,Ring,Silver,Lucera Women Silver Ring
19175,19175,data/raw/fashion-product-images-small/images/19175.jpg,Apparel,Topwear,Shirts,Blue,United Colors of Benetton Men Check Blue Shirt
5966,5966,data/raw/fashion-product-images-small/images/5966.jpg,Apparel,Topwear,Shirts,Blue,Locomotive Men Blue Grey White Checked Shirt
32040,32040,data/raw/fashion-product-images-small/images/32040.jpg,Accessories,Socks,Socks,Blue,Playboy Men Blue Socks
43568,43568,data/raw/fashion-product-images-small/images/43568.jpg,Accessories,Bags,Backpacks,Red,Puma Unisex Red Grit Backpack
27042,27042,data/raw/fashion-product-images-small/images/27042.jpg,Accessories,Bags,Clutches,Black,Yelloe Black Animal Print Clutch
53137,53137,data/raw/fashion-product-images-small/images/53137.jpg,Footwear,Shoes,Flats,Brown,Catwalk Women Brown Sandals
5785,5785,data/raw/fashion-product-images-small/images/5785.jpg,Apparel,Topwear,Tops,Blue,Jealous 21 Women V Neck Blue Graphic Top
34354,34354,data/raw/fashion-product-images-small/images/34354.jpg,Apparel,Topwear,Tshirts,Blue,Myntra Men Blue T-shirt
53745,53745,data/raw/fashion-product-images-small/images/53745.jpg,Apparel,Bottomwear,Capris,Grey,ADIDAS Women Dark Grey Capris
46215,46215,data/raw/fashion-product-images-small/images/46215.jpg,Footwear,Shoes,Sports Shoes,Orange,ADIDAS Men Orange Sports Shoes
52163,52163,data/raw/fashion-product-images-small/images/52163.jpg,Apparel,Topwear,Tops,Pink,Femella Women Pink Top
29628,29628,data/raw/fashion-product-images-small/images/29628.jpg,Apparel,Topwear,Shirts,Blue,Indigo Nation Men Check Blue Shirt
6991,6991,data/raw/fashion-product-images-small/images/6991.jpg,Apparel,Topwear,Tshirts,White,s.Oliver Men's Polo Grey Collar White T-shirt
48693,48693,data/raw/fashion-product-images-small/images/48693.jpg,Accessories,Jewellery,Earrings,Silver,Lucera Women Silver Earrings
18635,18635,data/raw/fashion-product-images-small/images/18635.jpg,Apparel,Topwear,Tshirts,Red,Puma Men Bts Red Tshirts
46137,46137,data/raw/fashion-product-images-small/images/46137.jpg,Accessories,Jewellery,Necklace and Chains,Black,Adrika Women Black Necklace
6155,6155,data/raw/fashion-product-images-small/images/6155.jpg,Apparel,Topwear,Tshirts,Orange,Lee Men's March Burnt Orange T-shirt
31200,31200,data/raw/fashion-product-images-small/images/31200.jpg,Accessories,Accessories,Accessory Gift Set,Brown,Cabarelli Men Accessory Gift Set
10193,10193,data/raw/fashion-product-images-small/images/10193.jpg,Accessories,Watches,Watches,Black,Carrera Men Dial Green Numbers Black Watch
28636,28636,data/raw/fashion-product-images-small/images/28636.jpg,Footwear,Shoes,Sports Shoes,Black,Nike Men The Overplay VI Black Shoes
17580,17580,data/raw/fashion-product-images-small/images/17580.jpg,Apparel,Bottomwear,Trousers,Navy Blue,Mark Taylor Men Solid Navy Blue Trouser
4419,4419,data/raw/fashion-product-images-small/images/4419.jpg,Apparel,Topwear,Tshirts,Navy Blue,Wrangler Men's Striper Polo Navy Blue T-shirt
24114,24114,data/raw/fashion-product-images-small/images/24114.jpg,Footwear,Flip Flops,Flip Flops,Yellow,Playboy Men Yellow Casual Flip Flops
37062,37062,data/raw/fashion-product-images-small/images/37062.jpg,Accessories,Belts,Belts,Red,Lino Perros Women Red Belt
2786,2786,data/raw/fashion-product-images-small/images/2786.jpg,Apparel,Topwear,Tshirts,White,Ediots Men's Mehenat Ka Fal White T-shirt
7044,7044,data/raw/fashion-product-images-small/images/7044.jpg,Footwear,Shoes,Casual Shoes,Grey,Numero Uno Men's Navy Grey Shoe
41588,41588,data/raw/fashion-product-images-small/images/41588.jpg,Apparel,Topwear,Shirts,Blue,Basics Men Blue Shirt
59964,59964,data/raw/fashion-product-images-small/images/59964.jpg,Apparel,Dress,Dresses,Black,Avirate Women Black Dress
43571,43571,data/raw/fashion-product-images-small/images/43571.jpg,Accessories,Bags,Handbags,Purple,Puma Purple Kenobi II Tote Bag
9392,9392,data/raw/fashion-product-images-small/images/9392.jpg,Footwear,Shoes,Sports Shoes,White,Nike Women Dow 3 Lea White Sports Shoe
34950,34950,data/raw/fashion-product-images-small/images/34950.jpg,Apparel,Saree,Sarees,Beige,Fabindia Women H& Printed Beige Sari
37861,37861,data/raw/fashion-product-images-small/images/37861.jpg,Accessories,Bags,Clutches,Black,Hidekraft Women Black Clutch
13602,13602,data/raw/fashion-product-images-small/images/13602.jpg,Apparel,Innerwear,Innerwear Vests,White,Hanes Men Half Sleeve Crew Pack of 3 White Innerwear T-shirts
22256,22256,data/raw/fashion-product-images-small/images/22256.jpg,Footwear,Shoes,Flats,Red,Inc. 5 Women Casual Red Sandals
4375,4375,data/raw/fashion-product-images-small/images/4375.jpg,Apparel,Topwear,Tshirts,Navy Blue,Marvel Comics Men's Comic Poses Navy T-shirt
58279,58279,data/raw/fashion-product-images-small/images/58279.jpg,Accessories,Bags,Handbags,White,Baggit Women White Handbag
49586,49586,data/raw/fashion-product-images-small/images/49586.jpg,Footwear,Shoes,Heels,Blue,Catwalk Women Blue Wedges
38568,38568,data/raw/fashion-product-images-small/images/38568.jpg,Apparel,Bottomwear,Shorts,Black,Nike Men Black Running Shorts
57158,57158,data/raw/fashion-product-images-small/images/57158.jpg,Apparel,Topwear,Tshirts,Pink,Elle Women Pink T-shirt
39174,39174,data/raw/fashion-product-images-small/images/39174.jpg,Apparel,Topwear,Kurtas,Blue,Aneri Women Blue Printed Kurta
50569,50569,data/raw/fashion-product-images-small/images/50569.jpg,Apparel,Innerwear,Trunk,Brown,Chromozome Men Pack of Two Brown Trunks
34752,34752,data/raw/fashion-product-images-small/images/34752.jpg,Footwear,Shoes,Casual Shoes,Black,Puma Men Bolt Lite Black Shoes
18360,18360,data/raw/fashion-product-images-small/images/18360.jpg,Accessories,Socks,Socks,Black,Fila  Men Crew Black Socks
41222,41222,data/raw/fashion-product-images-small/images/41222.jpg,Footwear,Flip Flops,Flip Flops,Black,Lotto Men Black Flip Flops
16017,16017,data/raw/fashion-product-images-small/images/16017.jpg,Accessories,Scarves,Scarves,Black,Turtle Check Men Black Scarf
8751,8751,data/raw/fashion-product-images-small/images/8751.jpg,Apparel,Topwear,Shirts,Navy Blue,Indigo Nation Men Navy Blue Check Shirt
7472,7472,data/raw/fashion-product-images-small/images/7472.jpg,Apparel,Topwear,Tshirts,White,Proline Men White & Purple Striped Polo T-shirt
56723,56723,data/raw/fashion-product-images-small/images/56723.jpg,Footwear,Shoes,Casual Shoes,Blue,Converse Men Blue CT Boat Pipe Ox Casual Shoes
18785,18785,data/raw/fashion-product-images-small/images/18785.jpg,Accessories,Ties,Ties,Black,Peter England Men Elite Black Tie
31915,31915,data/raw/fashion-product-images-small/images/31915.jpg,Accessories,Bags,Clutches,Green,Fabindia Women Green Silk Clutch
17031,17031,data/raw/fashion-product-images-small/images/17031.jpg,Footwear,Flip Flops,Flip Flops,Black,Gas Men Black Wave Flip Flops
33565,33565,data/raw/fashion-product-images-small/images/33565.jpg,Apparel,Topwear,Tshirts,Yellow,Wrangler Women Sunset Beach Yellow T-shirt
13963,13963,data/raw/fashion-product-images-small/images/13963.jpg,Apparel,Topwear,Shirts,White,John Miller Men Stripes White Shirts
25948,25948,data/raw/fashion-product-images-small/images/25948.jpg,Accessories,Scarves,Scarves,Green,Femella Women Green Scarf
28192,28192,data/raw/fashion-product-images-small/images/28192.jpg,Accessories,Eyewear,Sunglasses,Gold,Ray-Ban Men Aviator Gold Sunglasses
39841,39841,data/raw/fashion-product-images-small/images/39841.jpg,Apparel,Topwear,Tops,Pink,Gini and Jony Girls Striped Pink Top
28871,28871,data/raw/fashion-product-images-small/images/28871.jpg,Apparel,Topwear,Kurtas,Turquoise Blue,BIBA Women Printed Turquoise Blue Kurta
3130,3130,data/raw/fashion-product-images-small/images/3130.jpg,Apparel,Topwear,Tshirts,Brown,Inkfruit Men's Its My Life Light Brown T-shirt
33905,33905,data/raw/fashion-product-images-small/images/33905.jpg,Accessories,Watches,Watches,White,Citizen Men White Dial Watch
47654,47654,data/raw/fashion-product-images-small/images/47654.jpg,Apparel,Topwear,Tops,Grey,Femella Women Grey Snake Printed Top
46070,46070,data/raw/fashion-product-images-small/images/46070.jpg,Accessories,Belts,Belts,Black,Lino Perros Men Black Leather Belt
6837,6837,data/raw/fashion-product-images-small/images/6837.jpg,Accessories,Shoe Accessories,Shoe Accessories,Black,Timberland Unisex Boot Sauce Brown Shoe Accessories
34965,34965,data/raw/fashion-product-images-small/images/34965.jpg,Apparel,Saree,Sarees,Burgundy,Fabindia Burgundy Silk Hand Printed Sari
6763,6763,data/raw/fashion-product-images-small/images/6763.jpg,Apparel,Topwear,Tshirts,Green,Timberland Men's Eclectic Apple Green T-shirt
6853,6853,data/raw/fashion-product-images-small/images/6853.jpg,Footwear,Shoes,Sports Shoes,Red,Spalding Men's Running White Red Shoe
35885,35885,data/raw/fashion-product-images-small/images/35885.jpg,Apparel,Topwear,Tshirts,White,Jungle Book Boys Yee-Ha! White T-shirt
4815,4815,data/raw/fashion-product-images-small/images/4815.jpg,Apparel,Bottomwear,Shorts,Black,ADIDAS Men's AP ST Black White Shorts
34220,34220,data/raw/fashion-product-images-small/images/34220.jpg,Apparel,Topwear,Tshirts,Red,Proline Red Polo T-shirt
7964,7964,data/raw/fashion-product-images-small/images/7964.jpg,Apparel,Topwear,Tshirts,Black,Puma Men's Large Logo Graphic Black T-shirt
5359,5359,data/raw/fashion-product-images-small/images/5359.jpg,Footwear,Shoes,Sports Shoes,White,Kipsta F300 Tf Sr Ah09
4582,4582,data/raw/fashion-product-images-small/images/4582.jpg,Accessories,Bags,Backpacks,Orange,Wildcraft Unisex Orange Daypack A4 Backpack
56787,56787,data/raw/fashion-product-images-small/images/56787.jpg,Apparel,Topwear,Shirts,Black,Horsefly Men Black Shirt
44846,44846,data/raw/fashion-product-images-small/images/44846.jpg,Apparel,Topwear,Tshirts,Black,Puma Men Black Ducati Graphic T-shirt
49513,49513,data/raw/fashion-product-images-small/images/49513.jpg,Accessories,Watches,Watches,Silver,Police Men Silver-Toned Dial Watch PL11916MRS-04A
24070,24070,data/raw/fashion-product-images-small/images/24070.jpg,Footwear,Shoes,Heels,Black,Catwalk Women Black Heels
40300,40300,data/raw/fashion-product-images-small/images/40300.jpg,Footwear,Sandal,Sandals,Brown,Warner Bros Kids Unisex Brown sandals
26808,26808,data/raw/fashion-product-images-small/images/26808.jpg,Apparel,Bottomwear,Trousers,Grey,Arrow Men Grey Striped Trousers
19707,19707,data/raw/fashion-product-images-small/images/19707.jpg,Apparel,Topwear,Shirts,Black,United Colors of Benetton Men Check Black Shirt
34158,34158,data/raw/fashion-product-images-small/images/34158.jpg,Apparel,Topwear,Tops,White,Gini and Jony Girls Printed White Top
50012,50012,data/raw/fashion-product-images-small/images/50012.jpg,Apparel,Innerwear,Bra,Black,Hanes Women Black Cotton Stretch Moulded Cup Bra
42993,42993,data/raw/fashion-product-images-small/images/42993.jpg,Footwear,Shoes,Sports Shoes,Black,Nike Men Black T-Lite Sports Shoes
18796,18796,data/raw/fashion-product-images-small/images/18796.jpg,Accessories,Bags,Messenger Bag,Olive,Peter England Unisex Casual Olive Bag
31788,31788,data/raw/fashion-product-images-small/images/31788.jpg,Apparel,Topwear,Tshirts,Blue,Lee Women Beyoce Blue T-shirt
30315,30315,data/raw/fashion-product-images-small/images/30315.jpg,Apparel,Topwear,Tshirts,Red,Myntra Men Red T-shirt
35092,35092,data/raw/fashion-product-images-small/images/35092.jpg,Accessories,Scarves,Scarves,Grey,Allen Solly Woman Grey Scarf
26685,26685,data/raw/fashion-product-images-small/images/26685.jpg,Footwear,Sandal,Sandals,Black,Puma Men Helium Black Sandals
45288,45288,data/raw/fashion-product-images-small/images/45288.jpg,Accessories,Watches,Watches,Black,CASIO Sheen Women Black Dial Watch SH112
56949,56949,data/raw/fashion-product-images-small/images/56949.jpg,Footwear,Shoes,Heels,Black,HM Women Black Sandals
48258,48258,data/raw/fashion-product-images-small/images/48258.jpg,Apparel,Topwear,Tshirts,Black,The Amazing Spiderman Boys Black T-Shirt
57402,57402,data/raw/fashion-product-images-small/images/57402.jpg,Apparel,Innerwear,Briefs,Maroon,Amante Women Maroon Briefs PGDI03
34559,34559,data/raw/fashion-product-images-small/images/34559.jpg,Accessories,Bags,Handbags,Pink,Puma Women Pink Fitness Small Handbag
37723,37723,data/raw/fashion-product-images-small/images/37723.jpg,Apparel,Topwear,Shirts,Blue,John Players Men Stripes Blue Shirt
33311,33311,data/raw/fashion-product-images-small/images/33311.jpg,Apparel,Topwear,Tshirts,White,Jack & Jones Men White & Navy Blue T-shirt
48573,48573,data/raw/fashion-product-images-small/images/48573.jpg,Accessories,Jewellery,Bracelet,Black,Lucera Women Black & Silver Bracelet
45595,45595,data/raw/fashion-product-images-small/images/45595.jpg,Footwear,Shoes,Formal Shoes,Brown,Arrow Men Brown Formal Shoes
27496,27496,data/raw/fashion-product-images-small/images/27496.jpg,Apparel,Innerwear,Camisoles,White,Jockey Women White Camisole
23917,23917,data/raw/fashion-product-images-small/images/23917.jpg,Footwear,Shoes,Casual Shoes,White,Fila Women Paramount White Casual Shoes
38365,38365,data/raw/fashion-product-images-small/images/38365.jpg,Accessories,Wallets,Wallets,Black,Peter England Men Black Wallet
12607,12607,data/raw/fashion-product-images-small/images/12607.jpg,Apparel,Topwear,Tops,Purple,Jealous 21 Women Solid Purple Shrug
41267,41267,data/raw/fashion-product-images-small/images/41267.jpg,Accessories,Wallets,Wallets,Black,Arrow Men Black Wallet
18644,18644,data/raw/fashion-product-images-small/images/18644.jpg,Apparel,Bottomwear,Track Pants,Red,Puma Women Geranium Red Core Sweatpants
38050,38050,data/raw/fashion-product-images-small/images/38050.jpg,Accessories,Watches,Watches,Black,Q&Q Men Black Digital Watch M119J003Y
45026,45026,data/raw/fashion-product-images-small/images/45026.jpg,Accessories,Watches,Watches,Silver,Maxima Women Silver Dial Pearl Strap Watch
21580,21580,data/raw/fashion-product-images-small/images/21580.jpg,Apparel,Topwear,Tshirts,Blue,Chhota Bheem Kids-Boys Printed Pale Blue Tshirt
8385,8385,data/raw/fashion-product-images-small/images/8385.jpg,Apparel,Topwear,Tshirts,Orange,Doodle Girl's Hippie Chic Orange Teen Kidswear
45016,45016,data/raw/fashion-product-images-small/images/45016.jpg,Accessories,Watches,Watches,Black,Maxima Men Attivo Digital Watch
14688,14688,data/raw/fashion-product-images-small/images/14688.jpg,Apparel,Bottomwear,Trousers,Beige,Basics Men Beige Trousers
58015,58015,data/raw/fashion-product-images-small/images/58015.jpg,Apparel,Topwear,Tops,White,Latin Quarters Women Pink Printed Top
4461,4461,data/raw/fashion-product-images-small/images/4461.jpg,Apparel,Topwear,Jackets,Black,Nike Men Manu Show Time Black Jacket
56879,56879,data/raw/fashion-product-images-small/images/56879.jpg,Footwear,Shoes,Heels,Black,HM Women Black Heels
26730,26730,data/raw/fashion-product-images-small/images/26730.jpg,Apparel,Topwear,Tshirts,White,Puma Men Sunbleach White T-shirt
44890,44890,data/raw/fashion-product-images-small/images/44890.jpg,Apparel,Topwear,Tshirts,Navy Blue,Puma Men Navy Blue Polo T-shirt
59613,59613,data/raw/fashion-product-images-small/images/59613.jpg,Apparel,Saree,Sarees,Green,FNF Green Wedding Collection Sari
49666,49666,data/raw/fashion-product-images-small/images/49666.jpg,Accessories,Eyewear,Sunglasses,Brown,United Colors of Benetton Men Sunglass
52528,52528,data/raw/fashion-product-images-small/images/52528.jpg,Apparel,Bottomwear,Jeans,Grey,Pepe Jeans Women Black Jeans
11148,11148,data/raw/fashion-product-images-small/images/11148.jpg,Apparel,Topwear,Shirts,Purple,Scullers Men Fil A Fil Purple Shirts
4840,4840,data/raw/fashion-product-images-small/images/4840.jpg,Apparel,Topwear,Tshirts,Red,Sher Singh Men's Red Polo T-shirt
28049,28049,data/raw/fashion-product-images-small/images/28049.jpg,Apparel,Innerwear,Briefs,Black,Jockey ELANCE Mens Black  Pack of two Briefs 1009
15780,15780,data/raw/fashion-product-images-small/images/15780.jpg,Apparel,Innerwear,Briefs,Red,Facit Men Mid- Rise BF Red Briefs
57855,57855,data/raw/fashion-product-images-small/images/57855.jpg,Footwear,Shoes,Heels,Multi,Catwalk Women Multi Coloured Flats
32744,32744,data/raw/fashion-product-images-small/images/32744.jpg,Footwear,Shoes,Casual Shoes,Charcoal,Fila Men Dale Charcoal Black Shoes
4835,4835,data/raw/fashion-product-images-small/images/4835.jpg,Apparel,Bottomwear,Track Pants,Blue,ADIDAS Men's Woven Steel Track Pant
51256,51256,data/raw/fashion-product-images-small/images/51256.jpg,Accessories,Belts,Belts,Brown,Park Avenue Men Brown Belt
45403,45403,data/raw/fashion-product-images-small/images/45403.jpg,Footwear,Shoes,Flats,Black,Rocia Women Black & Brown Sandals
43598,43598,data/raw/fashion-product-images-small/images/43598.jpg,Apparel,Topwear,Tshirts,Charcoal,Angry Birds Men Charcoal T-shirt
16081,16081,data/raw/fashion-product-images-small/images/16081.jpg,Accessories,Eyewear,Sunglasses,Black,Mayhem Women Gradient Sunglasses MAYS-9003-202
17176,17176,data/raw/fashion-product-images-small/images/17176.jpg,Apparel,Topwear,Shirts,Green,U.S. Polo Assn. Men Checks Green Shirt
28736,28736,data/raw/fashion-product-images-small/images/28736.jpg,Apparel,Topwear,Kurtas,Purple,W Women Printed Purple Kurta
25081,25081,data/raw/fashion-product-images-small/images/25081.jpg,Accessories,Accessories,Accessory Gift Set,Black,Lino Perros Men Formal Black Accessory Gift Set
36052,36052,data/raw/fashion-product-images-small/images/36052.jpg,Accessories,Bags,Handbags,Khaki,OTLS Unisex Khaki Dual Flap Bag
36239,36239,data/raw/fashion-product-images-small/images/36239.jpg,Apparel,Topwear,Tops,Pink,W Women Dark Pink Top
6551,6551,data/raw/fashion-product-images-small/images/6551.jpg,Apparel,Topwear,Tshirts,Blue,Nike Men's Miler Singlet Blue T-shirt
3931,3931,data/raw/fashion-product-images-small/images/3931.jpg,Apparel,Topwear,Tshirts,Black,Jealous 21 Women's Black Butterfly T-shirt
53058,53058,data/raw/fashion-product-images-small/images/53058.jpg,Accessories,Bags,Handbags,Red,Rocia Women Red Handbag
28479,28479,data/raw/fashion-product-images-small/images/28479.jpg,Apparel,Topwear,Tshirts,Black,Urban Yoga Men Printed Black T-shirt
18218,18218,data/raw/fashion-product-images-small/images/18218.jpg,Accessories,Socks,Socks,Black,Manchester United Men Black Socks
10794,10794,data/raw/fashion-product-images-small/images/10794.jpg,Apparel,Topwear,Shirts,Navy Blue,Wrangler Men Warnick Square Block Navy Blue Shirts
24609,24609,data/raw/fashion-product-images-small/images/24609.jpg,Apparel,Topwear,Shirts,Yellow,Spykar Men Yellow Shirt
16208,16208,data/raw/fashion-product-images-small/images/16208.jpg,Apparel,Topwear,Sweatshirts,Black,Puma Men Cheveron Wording Black SweatShirt
33339,33339,data/raw/fashion-product-images-small/images/33339.jpg,Footwear,Shoes,Formal Shoes,Black,Homme Men Black Formal Shoes
3731,3731,data/raw/fashion-product-images-small/images/3731.jpg,Apparel,Topwear,Tshirts,Yellow,CSK Mens Premium Jersey
40156,40156,data/raw/fashion-product-images-small/images/40156.jpg,Apparel,Topwear,Tops,Green,Gini and Jony Girls Core Green Top
59990,59990,data/raw/fashion-product-images-small/images/59990.jpg,Apparel,Dress,Dresses,Pink,Avirate Pink Dress
46479,46479,data/raw/fashion-product-images-small/images/46479.jpg,Accessories,Watches,Watches,Black,Timex Women Black Watch
39157,39157,data/raw/fashion-product-images-small/images/39157.jpg,Apparel,Topwear,Kurtas,Black,Aneri Women Black Kurta
19715,19715,data/raw/fashion-product-images-small/images/19715.jpg,Apparel,Topwear,Shirts,Blue,United Colors of Benetton Men Blue Check Shirt
21440,21440,data/raw/fashion-product-images-small/images/21440.jpg,Accessories,Belts,Belts,Blue,Roxy Women Curves Blue Belt
19675,19675,data/raw/fashion-product-images-small/images/19675.jpg,Apparel,Topwear,Tshirts,White,United Colors of Benetton Women Printed White T-shirt
45362,45362,data/raw/fashion-product-images-small/images/45362.jpg,Footwear,Shoes,Heels,Olive,Cobblerz Women Olive Green Sandals
59034,59034,data/raw/fashion-product-images-small/images/59034.jpg,Footwear,Shoes,Heels,Bronze,Carlton London Women Black Heels
54142,54142,data/raw/fashion-product-images-small/images/54142.jpg,Footwear,Shoes,Heels,Beige,Rocia Women Beige Sandals
20051,20051,data/raw/fashion-product-images-small/images/20051.jpg,Accessories,Mufflers,Mufflers,Blue,United Colors Of Benetton Women Blue Muffler
35696,35696,data/raw/fashion-product-images-small/images/35696.jpg,Footwear,Shoes,Casual Shoes,White,Nike Men Sweet Classic Leather White Shoes
4343,4343,data/raw/fashion-product-images-small/images/4343.jpg,Footwear,Shoes,Casual Shoes,Red,Fila Men Leonard Red Shoes
53585,53585,data/raw/fashion-product-images-small/images/53585.jpg,Accessories,Watches,Watches,Blue,Q&Q Men Blue Dial Watch
29089,29089,data/raw/fashion-product-images-small/images/29089.jpg,Footwear,Shoes,Casual Shoes,Black,Converse Unisex Printed Black & Green Shoes
36284,36284,data/raw/fashion-product-images-small/images/36284.jpg,Apparel,Loungewear and Nightwear,Night suits,Pink,SDL by Sweet Dreams Women Pink & Purple Night suits
54078,54078,data/raw/fashion-product-images-small/images/54078.jpg,Footwear,Shoes,Sports Shoes,Orange,ADIDAS Men Orange F50 Adizero HG Football Shoes
4849,4849,data/raw/fashion-product-images-small/images/4849.jpg,Apparel,Bottomwear,Capris,Black,ADIDAS Women Tight Black Capri
13302,13302,data/raw/fashion-product-images-small/images/13302.jpg,Apparel,Bottomwear,Shorts,Beige,Gini and Jony Kids Boys Solid Beige Shorts
20780,20780,data/raw/fashion-product-images-small/images/20780.jpg,Footwear,Shoes,Heels,Silver,Carlton London Women Classy Silver Heels
31998,31998,data/raw/fashion-product-images-small/images/31998.jpg,Accessories,Socks,Socks,Brown,Playboy Men Brown Formal Socks
50680,50680,data/raw/fashion-product-images-small/images/50680.jpg,Apparel,Innerwear,Trunk,White,Chromozome Men White Trunks
39683,39683,data/raw/fashion-product-images-small/images/39683.jpg,Footwear,Shoes,Sports Shoes,White,Lotto Men White Sports Shoe
57919,57919,data/raw/fashion-product-images-small/images/57919.jpg,Accessories,Socks,Socks,White,Fruit of the Loom Men Pack of Three Socks
34518,34518,data/raw/fashion-product-images-small/images/34518.jpg,Footwear,Shoes,Casual Shoes,Pink,ADIDAS Women Color Can Pink Shoes
41849,41849,data/raw/fashion-product-images-small/images/41849.jpg,Accessories,Bags,Backpacks,Black,ADIDAS Unisex Black Backpack
32727,32727,data/raw/fashion-product-images-small/images/32727.jpg,Footwear,Shoes,Casual Shoes,Black,Fila Unisex Skeletoes 2.0 Black Shoes
47536,47536,data/raw/fashion-product-images-small/images/47536.jpg,Footwear,Shoes,Flats,Black,Portia Women Black Flats
15950,15950,data/raw/fashion-product-images-small/images/15950.jpg,Accessories,Ties,Ties,Black,Turtle Men Stripes Black Ties
42849,42849,data/raw/fashion-product-images-small/images/42849.jpg,Accessories,Bags,Clutches,Black,French Connection Women Black Clutch
14867,14867,data/raw/fashion-product-images-small/images/14867.jpg,Accessories,Wallets,Wallets,Black,United Colors of Benetton Men Solid Black Wallets
35626,35626,data/raw/fashion-product-images-small/images/35626.jpg,Footwear,Sandal,Sandals,Blue,Gliders Men Blue Sandals
30260,30260,data/raw/fashion-product-images-small/images/30260.jpg,Footwear,Shoes,Formal Shoes,Black,Red Tape Men Black Shoes
28007,28007,data/raw/fashion-product-images-small/images/28007.jpg,Apparel,Innerwear,Trunk,Grey,Jockey ZONE Men Grey Modern Trunks US19
45416,45416,data/raw/fashion-product-images-small/images/45416.jpg,Footwear,Shoes,Flats,Brown,Rocia Women Brown & White Sandals
14086,14086,data/raw/fashion-product-images-small/images/14086.jpg,Apparel,Topwear,Sweaters,Grey,Flying Machine Men Checks Grey Sweaters
18835,18835,data/raw/fashion-product-images-small/images/18835.jpg,Accessories,Belts,Belts,Brown,Peter England Men Formal Brown Belt
25431,25431,data/raw/fashion-product-images-small/images/25431.jpg,Accessories,Socks,Socks,White,Lee Men Tripack Socks
7081,7081,data/raw/fashion-product-images-small/images/7081.jpg,Accessories,Bags,Duffel Bag,Olive,Wildcraft Unisex Olive Green Duffle Bag
33344,33344,data/raw/fashion-product-images-small/images/33344.jpg,Footwear,Shoes,Formal Shoes,Black,Homme Men Black & Brown Semi Formal Shoes
52331,52331,data/raw/fashion-product-images-small/images/52331.jpg,Accessories,Wallets,Wallets,Brown,ToniQ Women Light Brown Wallet
20688,20688,data/raw/fashion-product-images-small/images/20688.jpg,Footwear,Shoes,Casual Shoes,Black,Buckaroo Men Mirar Black Casual Shoes
45581,45581,data/raw/fashion-product-images-small/images/45581.jpg,Footwear,Sandal,Sandals,Grey,Arrow Men Grey Sandals
37524,37524,data/raw/fashion-product-images-small/images/37524.jpg,Apparel,Topwear,Rompers,Blue,Madagascar3 Infant Boys Light Blue Snapsuit Romper
35325,35325,data/raw/fashion-product-images-small/images/35325.jpg,Accessories,Jewellery,Earrings,Silver,Fabindia Women Anusuya Silver Earrings
24303,24303,data/raw/fashion-product-images-small/images/24303.jpg,Apparel,Topwear,Sweatshirts,Charcoal,ADIDAS Men Printed Charcoal Sweatshirt
8095,8095,data/raw/fashion-product-images-small/images/8095.jpg,Accessories,Watches,Watches,Black,Fastrack Men Beach Upgrades Analog White Watch
3689,3689,data/raw/fashion-product-images-small/images/3689.jpg,Footwear,Shoes,Sports Shoes,White,Lotto Men's Melbourne White Gravity Shoe
29097,29097,data/raw/fashion-product-images-small/images/29097.jpg,Accessories,Eyewear,Sunglasses,Grey,M tv Men Grey Sunglasses
12731,12731,data/raw/fashion-product-images-small/images/12731.jpg,Apparel,Topwear,Shirts,Green,Timberland Men Check Green Shirts
3790,3790,data/raw/fashion-product-images-small/images/3790.jpg,Footwear,Shoes,Casual Shoes,Black,Converse Men's AS Canvas HI Black Shoe
19483,19483,data/raw/fashion-product-images-small/images/19483.jpg,Apparel,Topwear,Tshirts,Navy Blue,Puma Men GP Buddh Logo Polo Navy Blue Tshirts
13921,13921,data/raw/fashion-product-images-small/images/13921.jpg,Footwear,Shoes,Sports Shoes,White,Nike Women Esquire White Sports Shoes
4786,4786,data/raw/fashion-product-images-small/images/4786.jpg,Apparel,Bottomwear,Shorts,Black,ADIDAS Men's Cr_Aess 3s Hsj Black White Short
34646,34646,data/raw/fashion-product-images-small/images/34646.jpg,Footwear,Shoes,Sports Shoes,White,Fila Men Notch White Sports Shoes
15100,15100,data/raw/fashion-product-images-small/images/15100.jpg,Apparel,Topwear,Kurtas,Beige,Mother Earth Women Printed Beige Kurtas
19790,19790,data/raw/fashion-product-images-small/images/19790.jpg,Apparel,Topwear,Tshirts,Blue,U.S. Polo Assn. Men Solid Blue Tshirt
1811,1811,data/raw/fashion-product-images-small/images/1811.jpg,Apparel,Topwear,Tshirts,Orange,Solognac Men Orange T-shirt
25286,25286,data/raw/fashion-product-images-small/images/25286.jpg,Accessories,Bags,Handbags,Pink,Lino Perros Women Leatherette Pink Sling Bag
41311,41311,data/raw/fashion-product-images-small/images/41311.jpg,Apparel,Bottomwear,Capris,White,Gini and Jony Girls Fixed Weast White Capris
49619,49619,data/raw/fashion-product-images-small/images/49619.jpg,Footwear,Shoes,Heels,White,Catwalk Women White Heels
30463,30463,data/raw/fashion-product-images-small/images/30463.jpg,Apparel,Innerwear,Bra,Pink,Lovable Women All Day Long Pink Bra
42025,42025,data/raw/fashion-product-images-small/images/42025.jpg,Footwear,Shoes,Sports Shoes,White,ADIDAS Women White Bolt Sports Shoes
36439,36439,data/raw/fashion-product-images-small/images/36439.jpg,Footwear,Shoes,Sports Shoes,Black,Spinn Men Cubic Black Sports Shoes
51031,51031,data/raw/fashion-product-images-small/images/51031.jpg,Apparel,Innerwear,Bra,White,Enamor White Bra
55634,55634,data/raw/fashion-product-images-small/images/55634.jpg,Footwear,Shoes,Heels,Gold,Catwalk Women Gold Heels
42517,42517,data/raw/fashion-product-images-small/images/42517.jpg,Apparel,Topwear,Kurtas,Green,Mother Earth Women Green Kurta
20233,20233,data/raw/fashion-product-images-small/images/20233.jpg,Apparel,Topwear,Sweaters,Red,Wrangler Women Felt Grey Sweater
34548,34548,data/raw/fashion-product-images-small/images/34548.jpg,Accessories,Belts,Belts,Brown,Puma Men Leather Brown Belt
35435,35435,data/raw/fashion-product-images-small/images/35435.jpg,Apparel,Bottomwear,Shorts,Blue,Doodle Boys Check Blue Shorts
34599,34599,data/raw/fashion-product-images-small/images/34599.jpg,Apparel,Dress,Dresses,Black,Tonga Women Printed Black Dress
5330,5330,data/raw/fashion-product-images-small/images/5330.jpg,Footwear,Shoes,Casual Shoes,Brown,Fila Men's Rockridge Slate Shoe
33654,33654,data/raw/fashion-product-images-small/images/33654.jpg,Footwear,Flip Flops,Flip Flops,Red,Lotto Women Cara II W Red Flip Flops
33519,33519,data/raw/fashion-product-images-small/images/33519.jpg,Footwear,Shoes,Heels,Black,Cobblerz Women Black Wedges
51439,51439,data/raw/fashion-product-images-small/images/51439.jpg,Apparel,Topwear,Tops,Grey,Myntra Women Grey Top
23497,23497,data/raw/fashion-product-images-small/images/23497.jpg,Footwear,Shoes,Casual Shoes,Black,Fila Men Strings Black Casual Shoes
6190,6190,data/raw/fashion-product-images-small/images/6190.jpg,Apparel,Topwear,Tops,Grey,UCB Women Placket Stripe Grey Top
28044,28044,data/raw/fashion-product-images-small/images/28044.jpg,Apparel,Innerwear,Briefs,Blue,Jockey ELANCE Men Blue Brief 1008
39874,39874,data/raw/fashion-product-images-small/images/39874.jpg,Accessories,Bags,Backpacks,Black,ADIDAS Unisex Black Load Spring Backpack
13216,13216,data/raw/fashion-product-images-small/images/13216.jpg,Apparel,Topwear,Shirts,White,Palm Tree Kids Boys Solid White Shirts
42530,42530,data/raw/fashion-product-images-small/images/42530.jpg,Apparel,Topwear,Kurtas,Orange,Mother Earth Women Orange Kurta
5067,5067,data/raw/fashion-product-images-small/images/5067.jpg,Accessories,Watches,Watches,Orange,Being Human Men Black Dial Orange Strap Watch
26449,26449,data/raw/fashion-product-images-small/images/26449.jpg,Footwear,Shoes,Sports Shoes,Silver,Puma Women Kuris Wn's Ind. Purple and Silver Sports Shoes
51510,51510,data/raw/fashion-product-images-small/images/51510.jpg,Accessories,Watches,Watches,White,Fastrack Men White Dial Watch
12668,12668,data/raw/fashion-product-images-small/images/12668.jpg,Apparel,Topwear,Shirts,White,Probase Men Printed White Shirts
39835,39835,data/raw/fashion-product-images-small/images/39835.jpg,Apparel,Topwear,Tops,Peach,Gini and Jony Girls Printed Peach Top
52560,52560,data/raw/fashion-product-images-small/images/52560.jpg,Accessories,Bags,Clutches,Red,Mod'acc Women Red Coin Purse
8683,8683,data/raw/fashion-product-images-small/images/8683.jpg,Accessories,Eyewear,Sunglasses,Green,Fastrack Men Sunglasses M050GR3
28920,28920,data/raw/fashion-product-images-small/images/28920.jpg,Accessories,Bags,Laptop Bag,Black,Cabarelli Men Black Laptop Bag
59930,59930,data/raw/fashion-product-images-small/images/59930.jpg,Apparel,Topwear,Kurtas,Multi,Diva Women Multi Coloured Kurta
24144,24144,data/raw/fashion-product-images-small/images/24144.jpg,Apparel,Topwear,Tshirts,Blue,ADIDAS Men Blue Printed T-shirt
12424,12424,data/raw/fashion-product-images-small/images/12424.jpg,Footwear,Shoes,Casual Shoes,Grey,Timberland Women Casual Grey Casual Shoes
3531,3531,data/raw/fashion-product-images-small/images/3531.jpg,Apparel,Topwear,Tshirts,Navy Blue,Myntra Men's Creative Designs Navy Blue T-shirt
40413,40413,data/raw/fashion-product-images-small/images/40413.jpg,Apparel,Dress,Dresses,White,Tonga Women White Dress
34514,34514,data/raw/fashion-product-images-small/images/34514.jpg,Footwear,Flip Flops,Flip Flops,Black,ADIDAS Women Adi Dew Black Flip Flops
48934,48934,data/raw/fashion-product-images-small/images/48934.jpg,Accessories,Jewellery,Ring,Silver,Lucera Women Silver Ring
22049,22049,data/raw/fashion-product-images-small/images/22049.jpg,Apparel,Topwear,Kurtas,Blue,Vishudh Women Blue Printed Kurta
37433,37433,data/raw/fashion-product-images-small/images/37433.jpg,Accessories,Bags,Handbags,Blue,Murcia Women Blue Handbag
9412,9412,data/raw/fashion-product-images-small/images/9412.jpg,Accessories,Eyewear,Sunglasses,Black,Fastrack Unisex metal finish rim Black Sunglasses
53886,53886,data/raw/fashion-product-images-small/images/53886.jpg,Accessories,Bags,Handbags,Black,Kiara Women Black Handbag
16355,16355,data/raw/fashion-product-images-small/images/16355.jpg,Apparel,Topwear,Shirts,Purple,Peter England Men Stripes Purple Shirt
47424,47424,data/raw/fashion-product-images-small/images/47424.jpg,Accessories,Wallets,Wallets,Brown,Baggit Women Brown Bonkers Dhamal Wallet
12346,12346,data/raw/fashion-product-images-small/images/12346.jpg,Apparel,Topwear,Tshirts,Grey,Reebok Women Grey Solid V-Neck T-shirt
9066,9066,data/raw/fashion-product-images-small/images/9066.jpg,Apparel,Topwear,Shirts,White,Mark Taylor Men White Striped Shirt
7385,7385,data/raw/fashion-product-images-small/images/7385.jpg,Footwear,Shoes,Formal Shoes,Black,Red Tape Men Black Formal Shoes
13666,13666,data/raw/fashion-product-images-small/images/13666.jpg,Apparel,Topwear,Shirts,Navy Blue,Genesis Men Blue Solid Shirt
18580,18580,data/raw/fashion-product-images-small/images/18580.jpg,Accessories,Socks,Socks,White,Puma Men Sport Quarters Pack of 3 Socks
51877,51877,data/raw/fashion-product-images-small/images/51877.jpg,Accessories,Wallets,Wallets,Black,Nyk Women Black Wallet
52766,52766,data/raw/fashion-product-images-small/images/52766.jpg,Accessories,Bags,Handbags,Black,Fiorelli Women Black Leather Handbag
33927,33927,data/raw/fashion-product-images-small/images/33927.jpg,Accessories,Watches,Watches,White,Citizen Women White Dial Watch EX0320-50A
52652,52652,data/raw/fashion-product-images-small/images/52652.jpg,Accessories,Bags,Handbags,Pink,Mod-acc Women Pink Handbag
6147,6147,data/raw/fashion-product-images-small/images/6147.jpg,Footwear,Sandal,Sandals,Grey,Puma Unisex K9 Grey Yellow Floater
24117,24117,data/raw/fashion-product-images-small/images/24117.jpg,Footwear,Flip Flops,Flip Flops,Black,Playboy Men Casual Black Flip Flops
33984,33984,data/raw/fashion-product-images-small/images/33984.jpg,Apparel,Bottomwear,Stockings,Black,Femella Women Black Stockings
40174,40174,data/raw/fashion-product-images-small/images/40174.jpg,Accessories,Eyewear,Sunglasses,Black,Fastrack Men UV Protected Sporty Wrap Sunglasses
57148,57148,data/raw/fashion-product-images-small/images/57148.jpg,Apparel,Innerwear,Camisoles,Black,Elle Women Black Camisole
39625,39625,data/raw/fashion-product-images-small/images/39625.jpg,Footwear,Shoes,Casual Shoes,Black,Nike Men Sweet Classic High Black Casual Shoes
5455,5455,data/raw/fashion-product-images-small/images/5455.jpg,Apparel,Topwear,Tshirts,Green,Ant Kids Boy's Musical Buzz Green T-Shirts Kidswear
13179,13179,data/raw/fashion-product-images-small/images/13179.jpg,Footwear,Shoes,Sports Shoes,Black,FILA Men Dls Maxim Black Sports Shoes
6617,6617,data/raw/fashion-product-images-small/images/6617.jpg,Apparel,Topwear,Shirts,Black,Spykar Men Black and white Check Shirt
13494,13494,data/raw/fashion-product-images-small/images/13494.jpg,Apparel,Topwear,Tshirts,White,Nike Men Manchester United White Tshirts
15826,15826,data/raw/fashion-product-images-small/images/15826.jpg,Apparel,Innerwear,Innerwear Vests,Black,Facit Men Smart Black Innerwear Vest
28052,28052,data/raw/fashion-product-images-small/images/28052.jpg,Apparel,Innerwear,Briefs,Navy Blue,Jockey ELANCE Men Navy Blue Pack of 2 Briefs 1009
5355,5355,data/raw/fashion-product-images-small/images/5355.jpg,Footwear,Shoes,Sports Shoes,Grey,Kalenji Kapteren 100 Grey/white
12116,12116,data/raw/fashion-product-images-small/images/12116.jpg,Apparel,Topwear,Kurtas,Orange,Aurelia Women Solid Orange Kurtas
18966,18966,data/raw/fashion-product-images-small/images/18966.jpg,Apparel,Topwear,Sweaters,Green,United Colors of Benetton Men Printed Green Sweater
47398,47398,data/raw/fashion-product-images-small/images/47398.jpg,Accessories,Bags,Handbags,Brown,Baggit Women Brown Handbag
9945,9945,data/raw/fashion-product-images-small/images/9945.jpg,Apparel,Topwear,Sweaters,Navy Blue,ADIDAS Men Frnt Str Navy Blue Sweaters
25450,25450,data/raw/fashion-product-images-small/images/25450.jpg,Footwear,Flip Flops,Flip Flops,Red,Nike Women Snapper Thong Red Flip Flops
17875,17875,data/raw/fashion-product-images-small/images/17875.jpg,Apparel,Innerwear,Innerwear Vests,Black,Levis Men Comfort Style Black Innerwear Vest
57277,57277,data/raw/fashion-product-images-small/images/57277.jpg,Apparel,Topwear,Shirts,Red,French Connection Men Red Check Shirt
52069,52069,data/raw/fashion-product-images-small/images/52069.jpg,Apparel,Topwear,Tshirts,Purple,Myntra Men Purple Printed T-shirt
5168,5168,data/raw/fashion-product-images-small/images/5168.jpg,Apparel,Topwear,Tshirts,Green,Ed Hardy Men's Brave Hearts Stay True Sage Green T-shirt
20163,20163,data/raw/fashion-product-images-small/images/20163.jpg,Apparel,Topwear,Shirts,Purple,Wrangler Men Easter Bright Purple Shirt
26663,26663,data/raw/fashion-product-images-small/images/26663.jpg,Footwear,Shoes,Casual Shoes,Grey,Puma Men Metamostro Grey & Purple Shoes
32969,32969,data/raw/fashion-product-images-small/images/32969.jpg,Apparel,Topwear,Tshirts,Blue,Angry Birds Men Printed Blue T-shirt
8337,8337,data/raw/fashion-product-images-small/images/8337.jpg,Apparel,Topwear,Tshirts,Red,Doodle Boy's 77 Juniors League Red White Teen Kidswear
28337,28337,data/raw/fashion-product-images-small/images/28337.jpg,Accessories,Eyewear,Sunglasses,Steel,Idee Men Steel Sunglasses
49039,49039,data/raw/fashion-product-images-small/images/49039.jpg,Accessories,Jewellery,Ring,Silver,Lucera Women Silver Ring
7476,7476,data/raw/fashion-product-images-small/images/7476.jpg,Apparel,Topwear,Tshirts,Grey,Proline Men Grey Polo T-shirt
4392,4392,data/raw/fashion-product-images-small/images/4392.jpg,Apparel,Topwear,Tshirts,Blue,Free Authority Men's Owls With Glasses Blue T-shirt
17767,17767,data/raw/fashion-product-images-small/images/17767.jpg,Footwear,Shoes,Casual Shoes,Black,Buckaroo Men Nuevo Black Casual Shoe
10601,10601,data/raw/fashion-product-images-small/images/10601.jpg,Apparel,Topwear,Tshirts,Blue,Nike Men Football Soccer Blue Jerseys
16204,16204,data/raw/fashion-product-images-small/images/16204.jpg,Apparel,Topwear,Tshirts,Black,Puma Men Disect Black TShirt
32421,32421,data/raw/fashion-product-images-small/images/32421.jpg,Apparel,Topwear,Tshirts,Yellow,ADIDAS Men Printed Yellow T-shirt
39214,39214,data/raw/fashion-product-images-small/images/39214.jpg,Footwear,Shoes,Formal Shoes,Black,Franco Leone Men Black Formal Shoes
25523,25523,data/raw/fashion-product-images-small/images/25523.jpg,Apparel,Topwear,Shirts,Pink,Wrangler Women Cory Pink Shirt
8617,8617,data/raw/fashion-product-images-small/images/8617.jpg,Accessories,Eyewear,Sunglasses,Black,Fastrack Unisex Aviator Black Sunglasses
11000,11000,data/raw/fashion-product-images-small/images/11000.jpg,Accessories,Watches,Watches,Black,Puma Men Slick 3HD Yellow Black Watches
52441,52441,data/raw/fashion-product-images-small/images/52441.jpg,Apparel,Loungewear and Nightwear,Nightdress,Pink,Red Rose Pink Nightdress
13433,13433,data/raw/fashion-product-images-small/images/13433.jpg,Apparel,Topwear,Tshirts,Blue,United Colors of Benetton Men Stripes Blue Tshirts
14352,14352,data/raw/fashion-product-images-small/images/14352.jpg,Footwear,Shoes,Flats,Blue,Catwalk Women Blue Flats
15799,15799,data/raw/fashion-product-images-small/images/15799.jpg,Apparel,Innerwear,Briefs,White,Facit Men Pack of Two White Mid-Rise Briefs
41766,41766,data/raw/fashion-product-images-small/images/41766.jpg,Apparel,Topwear,Tunics,Peach,Remanika Women Peach Tunic
12129,12129,data/raw/fashion-product-images-small/images/12129.jpg,Apparel,Topwear,Kurtas,Pink,Aurelia Women Printed Pink Kurtas
12613,12613,data/raw/fashion-product-images-small/images/12613.jpg,Apparel,Topwear,Tshirts,Black,Ed Hardy Men Printed Black Tshirts
37785,37785,data/raw/fashion-product-images-small/images/37785.jpg,Apparel,Topwear,Shirts,Blue,John Players Men Gingham Blue Shirt
39281,39281,data/raw/fashion-product-images-small/images/39281.jpg,Footwear,Sandal,Sandals,Black,Red Chief Men Black Slippers
35909,35909,data/raw/fashion-product-images-small/images/35909.jpg,Accessories,Bags,Handbags,Yellow,Peperone Women Yellow Sling Bag
36801,36801,data/raw/fashion-product-images-small/images/36801.jpg,Accessories,Watches,Watches,Black,Maxima Men Black Ssteele Watch
31599,31599,data/raw/fashion-product-images-small/images/31599.jpg,Apparel,Topwear,Tshirts,Blue,Mark Taylor Men Printed Blue T-shirt
32563,32563,data/raw/fashion-product-images-small/images/32563.jpg,Apparel,Bottomwear,Trousers,Blue,ONLY Women directoire blue Trousers
15530,15530,data/raw/fashion-product-images-small/images/15530.jpg,Apparel,Topwear,Tshirts,Blue,Puma Men Jersey Polo Blue Tshirts
45202,45202,data/raw/fashion-product-images-small/images/45202.jpg,Accessories,Watches,Watches,Black,Casio Enticer Men Black Marine Sports Watch MTD-1069D-1AVDF(A657)
13739,13739,data/raw/fashion-product-images-small/images/13739.jpg,Apparel,Topwear,Shirts,Black,Belmonte Men Check Black Shirts
36289,36289,data/raw/fashion-product-images-small/images/36289.jpg,Apparel,Loungewear and Nightwear,Night suits,Blue,SDL by Sweet Dreams Women Blue Night suits
9935,9935,data/raw/fashion-product-images-small/images/9935.jpg,Apparel,Topwear,Tshirts,Navy Blue,Basics Men Navy T-shirt
50224,50224,data/raw/fashion-product-images-small/images/50224.jpg,Accessories,Belts,Belts,Pink,Stoln Women Pink Belt
27586,27586,data/raw/fashion-product-images-small/images/27586.jpg,Apparel,Topwear,Tshirts,White,Scullers Men White & Green Striped T-shirt
13271,13271,data/raw/fashion-product-images-small/images/13271.jpg,Footwear,Shoes,Heels,Gold,Inc 5 Women Casual Gold Heels
13072,13072,data/raw/fashion-product-images-small/images/13072.jpg,Footwear,Shoes,Casual Shoes,Black,Numero Uno Men Black Casual Shoes
28904,28904,data/raw/fashion-product-images-small/images/28904.jpg,Apparel,Innerwear,Briefs,Blue,Enamor Women Blue Boy-Shorts Bikini Brief
17653,17653,data/raw/fashion-product-images-small/images/17653.jpg,Footwear,Flip Flops,Flip Flops,Blue,Converse Unisex Casual Blue Slipper
14815,14815,data/raw/fashion-product-images-small/images/14815.jpg,Accessories,Bags,Handbags,Lavender,United Colors of Benetton Women Solid Lavender Handbags
32736,32736,data/raw/fashion-product-images-small/images/32736.jpg,Footwear,Shoes,Sports Shoes,Black,FILA Men Smash III Black Sports Shoes
39710,39710,data/raw/fashion-product-images-small/images/39710.jpg,Accessories,Watches,Watches,Blue,ADIDAS Original Unisex Blue Dial Chronograph Watch ADH2639
52202,52202,data/raw/fashion-product-images-small/images/52202.jpg,Accessories,Jewellery,Pendant,Silver,Lencia Sterling Silver Pendant
35099,35099,data/raw/fashion-product-images-small/images/35099.jpg,Accessories,Stoles,Stoles,Blue,Allen Solly Women Blue Stole
15687,15687,data/raw/fashion-product-images-small/images/15687.jpg,Apparel,Bottomwear,Trousers,Beige,Highlander Men Classic Chinos Beige Trousers
17389,17389,data/raw/fashion-product-images-small/images/17389.jpg,Accessories,Socks,Socks,Red,Reid & Taylor Men Solid Red Socks
57433,57433,data/raw/fashion-product-images-small/images/57433.jpg,Apparel,Topwear,Tshirts,Pink,Angry Birds Women Pink T-shirt
53777,53777,data/raw/fashion-product-images-small/images/53777.jpg,Footwear,Shoes,Sports Shoes,White,Puma Men Cat Runner White Sports Shoes
52839,52839,data/raw/fashion-product-images-small/images/52839.jpg,Accessories,Jewellery,Earrings,Pink,Adrika Pink Earrings
